id,repo,prNumber,sha,mergedAt,provenance,evidence,language,changedLines,filesChanged,sizeBucket,emptyBody,rawBodyEmpty
apache_airflow__39982,apache/airflow,39982,b0a18d9019a1a12d58435185b0c86e28af050685,2024-10-04T06:39:15-05:00,human,none,Python,48,2,20-49,false,false
apache_airflow__40171,apache/airflow,40171,17c30b4f21432d7fc419e048305315bba6d04522,2024-09-05T13:08:41+02:00,human,none,Python,88,6,50-149,true,true
apache_airflow__40522,apache/airflow,40522,8159f6e24704f5e0e3b3217cf79ecf5083dce531,2024-07-02T17:04:40+08:00,human,none,Python,35,2,20-49,true,true
apache_airflow__40626,apache/airflow,40626,e7dedbe95af6cb0fd408ce6cea2707dbef1d2682,2024-07-07T13:23:43+02:00,human,none,Python,50,2,50-149,false,false
apache_airflow__40765,apache/airflow,40765,a4e3fbed1a07b5685820a468e2d2ebb986b7d6b4,2024-07-18T19:18:48+01:00,human,none,Python,2125,15,500+,true,true
apache_airflow__40965,apache/airflow,40965,2161e0ac2d18e1e8c455a0f921e08ea5acc94b60,2024-07-23T20:52:40+02:00,human,none,Python,41,2,20-49,false,false
apache_airflow__40999,apache/airflow,40999,33e1909ae4f9e75dac20c6ea0ceadaddc488183f,2024-07-24T17:53:21+02:00,human,none,Python,51,5,50-149,false,false
apache_airflow__41282,apache/airflow,41282,d855294a80d9a087b6c7b4b5d848a98d84967228,2024-08-06T18:54:11+02:00,human,none,Python,202,14,150-499,false,false
apache_airflow__41528,apache/airflow,41528,83a6cb4ff3fa08d22c85e6d50e9e2b8a903f8bb9,2024-08-21T13:20:06+05:30,human,none,YAML,349,18,150-499,false,false
apache_airflow__41784,apache/airflow,41784,615cddf427081bdbafc9437569946b16390deddb,2024-08-27T20:15:44+05:30,human,none,Python,214,12,150-499,true,true
apache_airflow__41930,apache/airflow,41930,c3cabc130594d304aca7a7e1da8fd99f4d957b20,2024-09-03T11:10:28+02:00,human,none,Python,922,6,500+,false,false
apache_airflow__42280,apache/airflow,42280,8741e9c1761931c7cff135d53b589053a04f58c1,2024-09-20T13:52:43-07:00,human,none,Python,1884,27,500+,true,true
apache_airflow__42461,apache/airflow,42461,79a8882d2f60eea5d189e07dcbe778b403cc968d,2024-09-25T18:20:58+00:00,human,none,Python,59,2,50-149,true,true
apache_airflow__42525,apache/airflow,42525,3ef29a641a852c076da7a9611c325669e8485368,2024-09-27T10:21:29+02:00,human,none,JavaScript,32,2,20-49,true,true
apache_airflow__42754,apache/airflow,42754,64336c29b1c758772ad9819e4586d0b689725a6b,2024-10-24T15:10:45-04:00,human,none,Python,116,4,50-149,false,false
apache_airflow__42832,apache/airflow,42832,b98c620a387af8c904732608975c49f83fca185c,2024-10-08T15:37:25-04:00,human,none,Other,20,2,20-49,false,false
apache_airflow__42849,apache/airflow,42849,95c46ec135349c8e8d3150d16f18ab65f8240f3e,2024-10-13T00:17:37+02:00,human,none,Python,35,2,20-49,false,false
apache_airflow__43003,apache/airflow,43003,57500b6608fcbd3bfaa1ddbe6364899ac3f8c251,2024-10-20T09:51:18+05:30,human,none,Python,235,2,150-499,true,true
apache_airflow__43305,apache/airflow,43305,75ecaffa5fa6884729243083a487f33187ed3c66,2024-10-25T01:52:23+05:30,human,none,Python,44,4,20-49,false,false
apache_airflow__43730,apache/airflow,43730,b757bd8df824d4eba952f6e140bcb373bc3f1003,2024-11-06T12:25:59+01:00,human,none,Python,5422,46,500+,false,false
apache_airflow__44201,apache/airflow,44201,b9cd39ab900fd913e8ade77475f1fce5e10b1ea7,2024-11-19T22:14:47+00:00,human,none,Python,175,2,150-499,false,false
apache_airflow__44215,apache/airflow,44215,9c6b74807353b741f40d9bb618d58a6464cb9f45,2024-11-20T21:31:56+05:30,human,none,Python,22,4,20-49,true,true
apache_airflow__44237,apache/airflow,44237,440c224af5592f9007eef43d1dbe9025aa34e177,2024-11-21T15:24:47+05:30,human,none,Python,37,3,20-49,false,false
apache_airflow__44424,apache/airflow,44424,972714e9cdb079f271646d9641ab5bd47983d93c,2025-01-07T11:26:05+02:00,human,none,Python,51,10,50-149,false,false
apache_airflow__44462,apache/airflow,44462,1f18458f7feba81243924cdf62bcbba05d919163,2024-11-28T23:36:40+01:00,human,none,Python,776,12,500+,false,false
apache_airflow__44567,apache/airflow,44567,fad4c389ed1975fddc5148787f0f63df9bb7b28a,2024-12-06T12:40:26+05:30,human,none,Python,31,3,20-49,true,true
apache_airflow__44754,apache/airflow,44754,e786c78f528ab3f9f8073ad1b4dc7323b8e5a0ce,2024-12-07T20:21:47+05:30,human,none,Python,151,6,150-499,true,true
apache_airflow__44762,apache/airflow,44762,75b24e88b25a762b503e783154361ff978024340,2024-12-07T16:01:40+01:00,human,none,Python,193,7,150-499,true,true
apache_airflow__44891,apache/airflow,44891,16022e008cc2eef122c5cd254cdb52d2c1b7e026,2024-12-16T18:13:13+00:00,human,none,Python,946,10,500+,true,true
apache_airflow__45266,apache/airflow,45266,9a4d14ca5b5a949615396a43cb15dffbbc428ff7,2024-12-29T22:58:27+01:00,human,none,YAML,6218,134,500+,false,false
apache_airflow__45371,apache/airflow,45371,72ab1d54fdfe1587d7cb1238461332e808c1bcf8,2025-01-09T09:55:02-07:00,human,none,Python,1725,54,500+,false,false
apache_airflow__45805,apache/airflow,45805,24b1fe8ef9812a01d52b161b9f7e029c201d65f0,2025-01-20T18:15:01+01:00,human,none,Python,56,2,50-149,false,false
apache_airflow__46091,apache/airflow,46091,4f5363f4f07e685c933a6e750c68857306d7910b,2025-01-27T03:29:04+05:30,human,none,Python,506,31,500+,true,true
apache_airflow__46102,apache/airflow,46102,6f8afdc0b7724a6a635f11c7b7064289a989d22c,2025-01-27T14:50:53+05:30,human,none,Python,2176,132,500+,true,true
apache_airflow__46164,apache/airflow,46164,20d7c60bd108d1ac44ed9b7359841fb18f1c84dd,2025-02-03T12:44:41-07:00,human,none,Python,37,4,20-49,false,false
apache_airflow__46308,apache/airflow,46308,49a9fb6ec0b5d688d505c512c1a0d3e9ede108b7,2025-01-31T12:02:15+00:00,human,none,Python,181,7,150-499,false,false
apache_airflow__46341,apache/airflow,46341,3b27a4b17849be4fb13da4cae57d7c94a5b72d7f,2025-02-01T03:08:32-08:00,human,none,Python,308,2,150-499,false,false
apache_airflow__46390,apache/airflow,46390,aa6f76c46de2cefd2d61991e0febf4f4b29cb885,2025-02-10T22:11:13+05:30,human,none,Python,132,8,50-149,false,false
apache_airflow__46460,apache/airflow,46460,8dd900b63014b5e80f42660e090577ad8efc8a83,2025-02-13T15:42:00+08:00,human,none,Python,247,9,150-499,false,false
apache_airflow__46770,apache/airflow,46770,cd8d564e8609d06e39ed15d31714d2803bb0b330,2025-02-17T20:23:46+01:00,human,none,Python,653,14,500+,false,false
apache_airflow__47265,apache/airflow,47265,2a39959f6f43824cde491d722604aa307e59dad0,2025-03-08T10:55:17+01:00,agent,agent-trailer,Python,179,8,150-499,false,false
apache_airflow__47315,apache/airflow,47315,85b523db624721708e8592b7eda10d2a352acfbc,2025-03-04T04:14:31-08:00,human,none,TypeScript,40,2,20-49,false,false
apache_airflow__47345,apache/airflow,47345,dfeeeb4aee5a37add9f64ad3fa8356b902dd15f0,2025-03-04T21:12:29+08:00,human,none,Python,46,2,20-49,false,false
apache_airflow__47451,apache/airflow,47451,fbe3fc927ea38d88132db231c71494fef71dfff2,2025-03-06T21:38:32+01:00,human,none,Python,311,114,150-499,false,false
apache_airflow__47508,apache/airflow,47508,27a3944da6781d8564c5f1d9da7c97ae7173b633,2025-03-24T19:35:37+01:00,human,none,Python,231,6,150-499,true,false
apache_airflow__47533,apache/airflow,47533,7612f4ba68b7a6d767107f35accb9910776590ad,2025-04-09T08:56:01+09:00,human,none,Python,202,4,150-499,false,false
apache_airflow__47759,apache/airflow,47759,0d64cde170c16484c94694b8ebbaf071b716ba4d,2025-03-14T14:38:30-07:00,human,none,Python,32,1,20-49,false,false
apache_airflow__47765,apache/airflow,47765,c1af1f53812934b2e0c5dc72bb57468d9afb7834,2025-03-14T16:00:29+08:00,human,none,Python,52,1,50-149,true,true
apache_airflow__47965,apache/airflow,47965,60c7db4637d04ac00d3c6592842cf379c067ede1,2025-03-26T19:08:49+05:30,human,none,TypeScript,297,2,150-499,false,false
apache_airflow__48002,apache/airflow,48002,6d0e00c73c03ace0d0b94174272a3443cd83244a,2025-03-25T14:02:21+08:00,human,none,Python,498,10,150-499,false,false
apache_airflow__48124,apache/airflow,48124,974a424d6acedf34c9128a791238c1f523b139c9,2025-03-23T20:59:28+01:00,human,none,YAML,30,1,20-49,false,false
apache_airflow__48439,apache/airflow,48439,80840cb5734630f95d831dd10ae103c3df3a4b2f,2025-03-27T18:53:42+05:30,human,none,Python,427,1,150-499,false,false
apache_airflow__48513,apache/airflow,48513,8e8c84fed21bd2af1bb49e3355d00dc95fb82f38,2025-04-07T09:03:04-07:00,human,none,Python,208,5,150-499,false,false
apache_airflow__48597,apache/airflow,48597,4418c72e9a0896a9e22c7ec6435c4a1f9fbf6b09,2025-04-01T12:48:48+01:00,human,none,Python,216,8,150-499,false,false
apache_airflow__48636,apache/airflow,48636,a5db931099b8ff96947d61ec449e9b18a8c8e523,2025-04-02T08:58:54-04:00,human,none,TypeScript,94,4,50-149,false,false
apache_airflow__48974,apache/airflow,48974,64c6aadfcd16d2ec7c364ab72e50b29a36d16ca7,2025-04-08T17:25:59-04:00,human,none,TypeScript,257,6,150-499,true,true
apache_airflow__49259,apache/airflow,49259,fe099c41dc403814b980145fbb269e1ec8c28073,2025-04-15T10:55:14+02:00,human,none,Shell,27,3,20-49,false,false
apache_airflow__49313,apache/airflow,49313,32b3f7cee6d3f3945b215b070c82341b31341c04,2025-04-15T23:41:18+05:30,human,none,Python,28,2,20-49,false,false
apache_airflow__49677,apache/airflow,49677,2372dcd07cac10d33a4a991345d2694a365b826a,2025-04-24T21:39:43+08:00,human,none,Python,45,3,20-49,true,true
apache_airflow__49867,apache/airflow,49867,264242f16517963f0cb861d63f8282bfd68c0f5f,2025-05-12T15:05:14+02:00,human,none,Python,35,2,20-49,true,false
apache_airflow__50735,apache/airflow,50735,3ad9954de18f725c10ce059bf4cb8edde6f3423f,2025-05-26T21:36:26-04:00,human,none,Python,138,2,50-149,false,false
apache_airflow__51108,apache/airflow,51108,5d9cb0f24599fae1c7dcea185db223a639e6fbe2,2025-06-02T12:10:55+02:00,human,none,Python,31,1,20-49,true,false
apache_airflow__51414,apache/airflow,51414,5a670c6d5ac631e6526d97693e2e081b9f76a027,2025-06-07T16:30:54+02:00,human,none,Python,75,3,50-149,false,false
apache_airflow__51956,apache/airflow,51956,67df7f3ce170147636a785589da93893da20031b,2025-06-30T23:00:46+02:00,human,none,Python,76,3,50-149,true,true
apache_airflow__52181,apache/airflow,52181,b95a5382cb61a74e263c7e42c4932649aabe3bad,2025-06-25T20:02:13+05:45,human,none,Python,34,2,20-49,true,true
apache_airflow__52303,apache/airflow,52303,ac9e968fe85cf43717d280f303470eb5268ca9ca,2025-06-27T00:06:15-07:00,human,none,Python,49,2,20-49,false,false
apache_airflow__52360,apache/airflow,52360,2f4c5114b7f9b12a763c0d25710df63e511e6089,2025-07-03T16:04:15-04:00,human,none,Python,327,13,150-499,false,false
apache_airflow__52381,apache/airflow,52381,7937a9704a5b35c7a1f337856d52525c9acd35bf,2025-06-28T18:07:54-04:00,human,none,Python,52,3,50-149,false,false
apache_airflow__52654,apache/airflow,52654,d3ca35d6c60cfd1dd9594532c8d33bda69f5b5f3,2025-07-01T23:30:33+05:45,human,none,Python,44,3,20-49,false,false
apache_airflow__52667,apache/airflow,52667,9f975841068d8751922d6b8b8c68b7218b21f4fa,2025-07-02T02:13:14+05:30,human,none,Python,185,31,150-499,false,false
apache_airflow__52809,apache/airflow,52809,5802e25abc03cd711e1ea5595c06b94470e54c47,2025-07-06T23:34:54+08:00,human,none,Python,48,8,20-49,true,false
apache_airflow__53308,apache/airflow,53308,d0be9a06c27d5520bf37b469c1d164cecfe1b9e3,2025-07-13T09:49:04+01:00,human,none,Python,20,7,20-49,true,true
apache_airflow__53648,apache/airflow,53648,e41e33bed5b9897a297451295a9e0f589a70df88,2025-07-22T22:18:43+01:00,human,none,Python,39,1,20-49,true,true
apache_airflow__53860,apache/airflow,53860,e8d424e99bb8a1cf06a852e031e479de15fa0f71,2025-08-01T14:06:09+02:00,human,none,Python,339,12,150-499,false,false
apache_airflow__54139,apache/airflow,54139,634b79729e75b4b78630db01b1e141d8479890c6,2025-08-05T14:32:16-05:00,human,none,Python,40,3,20-49,false,false
apache_airflow__54792,apache/airflow,54792,819db98a49886ab695c26818ba9370a96a9c2357,2025-08-21T21:35:00+01:00,human,none,Python,1575,3,500+,true,true
apache_airflow__54846,apache/airflow,54846,81ef598fd8dab4400ef06f1835e7212c574e2613,2025-08-27T17:16:41-05:00,human,none,TypeScript,653,18,500+,false,false
apache_airflow__55040,apache/airflow,55040,04d9aaa62a111809d213756750cb943a8ed83eb3,2025-08-29T09:37:32-04:00,human,none,Python,70,6,50-149,true,true
apache_airflow__55191,apache/airflow,55191,20691d55c49731ea692d59171cd35e78caa71a92,2025-09-03T22:19:38+08:00,human,none,TypeScript,24,2,20-49,true,true
apache_airflow__55324,apache/airflow,55324,893f6279e6bb68ed875b2959300f26a58dc98a4a,2025-09-14T00:49:13+07:00,human,none,Python,90,2,50-149,true,true
apache_airflow__55342,apache/airflow,55342,89ce10103ebaa7bcaf4a1dab9b9825aa529bcc27,2025-09-07T11:23:38+02:00,human,none,Python,46,1,20-49,false,false
apache_airflow__55434,apache/airflow,55434,f6df0c4f95371a697563d483238829b9b8a6751a,2025-09-09T20:13:34+01:00,human,none,Python,29,2,20-49,false,false
apache_airflow__55691,apache/airflow,55691,afa0329368f8fb9e13684cb7ff8e44834206e69e,2025-09-19T03:04:15-05:00,human,none,TypeScript,236,15,150-499,false,false
apache_airflow__56040,apache/airflow,56040,eb968ef15d3e88edd3c7c3dfe83a3f1aa213d9aa,2025-09-24T15:44:39+02:00,human,none,Python,52,2,50-149,true,true
apache_airflow__56158,apache/airflow,56158,171c3f31690b2d0d1c9afdee068dd8dd5b233d7d,2025-10-01T18:40:10+05:30,human,none,Python,61,2,50-149,false,false
apache_airflow__56228,apache/airflow,56228,1b9c0ee1c1e4b09a0d459900569d8280d38890a4,2025-10-03T11:34:27-04:00,human,none,Python,203,4,150-499,false,false
apache_airflow__56403,apache/airflow,56403,f10c90575d703e1c14728680d6e915c7bfa1bc65,2025-10-05T14:10:00-04:00,human,none,JSON,34,18,20-49,false,false
apache_airflow__56556,apache/airflow,56556,7239d4897a03caf2d1ba73ff62c8eba8d8e85cc3,2025-10-13T15:05:44-07:00,human,none,Python,1830,2,500+,false,false
apache_airflow__56872,apache/airflow,56872,9f8d27c445fa349d5221111442d49dc74ee6833e,2025-10-29T09:40:15+01:00,human,none,Python,166,5,150-499,false,false
apache_airflow__57074,apache/airflow,57074,e55ab6ea43f4ffbe22dff9ecfb229d268d58220b,2025-10-24T01:26:58+08:00,human,none,Python,23,4,20-49,false,false
apache_airflow__57665,apache/airflow,57665,1242e07c0fe4577059c841c97ba09063ec391247,2025-11-04T23:54:29+08:00,agent,agent-trailer,Python,94,3,50-149,false,false
apache_airflow__57667,apache/airflow,57667,19809dd4621499967b7a0c56ca03050f4911da65,2025-11-02T02:20:12+08:00,agent,agent-trailer,Python,669,20,500+,false,false
apache_airflow__57718,apache/airflow,57718,908058951c5e7e8c8c2b27c956ab9c69b122a432,2025-12-17T08:49:59+01:00,human,none,Python,75,2,50-149,false,false
apache_airflow__57815,apache/airflow,57815,e5cb168fafe40059233ed9ab5fa191f1958a89fd,2025-11-08T08:53:53+08:00,human,none,Python,51,3,50-149,true,true
apache_airflow__57894,apache/airflow,57894,1aae96f4dc19a47cd24350535c4df5d3f56b4483,2025-11-06T08:15:17+01:00,human,none,Python,64,4,50-149,true,true
apache_airflow__58410,apache/airflow,58410,b7a415e2233f3844dde426ac72767ab5eb73244a,2025-11-17T23:30:56+01:00,human,none,Python,61,4,50-149,true,true
apache_airflow__58506,apache/airflow,58506,ac84ec7b3ff6a601434dc636ef616cac8cff3f21,2026-01-22T11:28:45-08:00,human,none,Python,60,5,50-149,false,false
apache_airflow__58574,apache/airflow,58574,c9d0fab18d5e46fedfec9d05dddfee8375ae2bf5,2025-12-02T00:43:03+05:30,human,none,Python,59,2,50-149,false,false
apache_airflow__58672,apache/airflow,58672,80cb4c69e38f5b27aa478733a40333caba62a5cd,2025-11-26T13:19:16+01:00,human,none,Python,1124,7,500+,false,false
apache_airflow__58838,apache/airflow,58838,8e18380fb08b39a83ee3095765eb6214a4792336,2025-11-29T15:31:48+01:00,agent,agent-trailer,Python,86,4,50-149,false,false
apache_airflow__58918,apache/airflow,58918,d739a989cd214d2ab0508b727745068b0a71ca55,2025-12-11T03:09:36+05:30,human,none,Python,3318,12,500+,false,false
apache_airflow__59361,apache/airflow,59361,626af79f54758c0286d552d2e02ed0f320ab4b8c,2025-12-12T21:24:57+00:00,human,none,Python,40,2,20-49,false,false
apache_airflow__59777,apache/airflow,59777,2ead075ee2287f30a8f6bc07dce8202f1a939c99,2025-12-24T22:06:28+08:00,human,none,Python,497,8,150-499,true,true
apache_airflow__59805,apache/airflow,59805,c1ecd304776d43f6128339db061472b62a136774,2026-01-06T18:48:17+08:00,agent,agent-trailer,Python,3549,70,500+,false,false
apache_airflow__59862,apache/airflow,59862,c273d8d1426d9fdf79e23fdded24fc7834722863,2025-12-29T03:42:37-06:00,human,none,Python,35,3,20-49,false,false
apache_airflow__59975,apache/airflow,59975,784ad847dd6b85a3db6f54af396adfbb9ce22b86,2026-01-01T02:53:40+08:00,human,none,Python,146,8,50-149,true,true
apache_airflow__60015,apache/airflow,60015,83afc02de1295d7ef8661eec92605d7303d19653,2026-01-01T16:15:04+05:00,human,none,Python,39,2,20-49,false,false
apache_airflow__60188,apache/airflow,60188,6181c3f3f52d96ed356fc2ebb6e1d6a013b5aa52,2026-01-09T15:32:54+01:00,human,none,JSON,52,3,50-149,true,true
apache_airflow__60633,apache/airflow,60633,452a916a551811eead23e82e39f912adb5b19a23,2026-01-17T09:36:36+02:00,human,none,JSON,72,5,50-149,true,true
apache_airflow__60651,apache/airflow,60651,8fc49f46d8cee3365c26ec6a411dddc29252af38,2026-02-13T08:28:58+01:00,agent,agent-trailer,Python,692,10,500+,false,false
apache_airflow__60669,apache/airflow,60669,7fc10599c0eb0e3f251d92fc580e03da7d90e75f,2026-01-16T22:37:09+01:00,human,none,HTML,244,2,150-499,true,true
apache_airflow__60675,apache/airflow,60675,58f785a34e1bbb978fe0bc97508b4a087f5235ee,2026-01-30T11:05:17-08:00,human,none,Python,770,9,500+,false,false
apache_airflow__60904,apache/airflow,60904,88f164541fe01d7247f969356f39029d7b87c3a6,2026-01-22T17:10:10+00:00,human,none,Python,140,2,50-149,false,false
apache_airflow__61232,apache/airflow,61232,f5e70fc34f1999e4800f6dcd9713bb56484d5002,2026-01-30T00:52:31-07:00,human,none,Python,53,2,50-149,false,false
apache_airflow__61242,apache/airflow,61242,8ac25dd658e9ea6a29aaa85215e17c180765c821,2026-01-31T18:09:01+05:30,human,none,Python,51,1,50-149,false,false
apache_airflow__61439,apache/airflow,61439,43b51932f90d27d94c4e8d13fcb7ef85a97ebe98,2026-02-09T14:56:41+01:00,agent,agent-trailer,Python,337,7,150-499,false,false
apache_airflow__61465,apache/airflow,61465,3f744ad8c5badacd8ee1ce045cc92d0dbf855228,2026-02-05T08:19:05-08:00,human,none,Python,50,2,50-149,false,false
apache_airflow__61561,apache/airflow,61561,4045e045df87c8533b0f62f29134f5e611e59188,2026-02-09T23:32:03+00:00,human,none,Python,1018,43,500+,false,false
apache_airflow__61631,apache/airflow,61631,ce1270b96fd22165f76e437d57eb812abb6691a3,2026-04-03T16:04:02-03:00,human,none,Python,58,3,50-149,false,false
apache_airflow__61842,apache/airflow,61842,2162e3294c651a4a7e584d2ae4cba01154c06620,2026-02-14T08:06:42+01:00,human,none,Python,31,2,20-49,true,true
apache_airflow__62119,apache/airflow,62119,b1a3d3bc209ae5c00742a85e53dc7b55904744c4,2026-02-20T13:38:22+00:00,agent,agent-trailer,TypeScript,414,10,150-499,false,false
apache_airflow__62306,apache/airflow,62306,02828c2c6e31d254769959d6ad732e622a6413b4,2026-02-22T01:21:29-08:00,agent,agent-trailer,Python,40,2,20-49,false,false
apache_airflow__62355,apache/airflow,62355,46a433d5087b48e6b124f7f30fdeeb63f7944a5a,2026-02-23T21:52:39+05:30,human,none,Python,30,2,20-49,true,true
apache_airflow__62369,apache/airflow,62369,7c77a6d2480cb27eea5d29724bbbfdcf2fbd140b,2026-03-18T12:29:34+01:00,human,none,TypeScript,729,24,500+,false,false
apache_airflow__62462,apache/airflow,62462,2851c7464b9d306a1b7369d0b183384219e0a178,2026-02-25T19:56:19+05:30,human,none,TypeScript,756,18,500+,false,false
apache_airflow__62501,apache/airflow,62501,9e5b7701f8ded5bca18d665ecc23ae1294a4f1b1,2026-07-29T16:00:44+08:00,agent,agent-trailer,Python,461,6,150-499,true,false
apache_airflow__62511,apache/airflow,62511,f1cdbcb9712a0930b84bd675172a6a50aa0252ca,2026-03-02T16:21:10+01:00,agent,agent-trailer,Python,371,4,150-499,false,false
apache_airflow__62570,apache/airflow,62570,94e189618aba7df9cc619152a8988ab20c202ed0,2026-02-27T21:05:52+01:00,agent,agent-trailer,TOML,611,33,500+,false,false
apache_airflow__62589,apache/airflow,62589,309d658204b418913c6ed23341370e222240c6c7,2026-03-02T19:12:52-08:00,human,none,Python,26,2,20-49,false,false
apache_airflow__62626,apache/airflow,62626,a6ea6f9a0827126ef8968985f56c221385491fad,2026-03-11T12:41:10+00:00,agent,agent-trailer,Python,78,2,50-149,false,false
apache_airflow__62648,apache/airflow,62648,07945cbcc7fe17d76cafefcd900b30485bb8a944,2026-02-28T22:46:48+00:00,human,none,Python,294,7,150-499,false,false
apache_airflow__62657,apache/airflow,62657,c475a483f1f31c76d0ced648880317eddfc7e562,2026-03-10T09:45:58-07:00,agent,agent-trailer,Python,199,10,150-499,false,false
apache_airflow__62665,apache/airflow,62665,9dc4e5ddb94ddb2f4e8a65b82c21a5ef67c28126,2026-03-03T18:42:38+00:00,agent,agent-trailer,Python,33,2,20-49,false,false
apache_airflow__62672,apache/airflow,62672,945bc64623b093f11e579347d65100508ac23af7,2026-03-04T22:44:53+01:00,agent,agent-trailer,JSON,21,3,20-49,true,false
apache_airflow__62673,apache/airflow,62673,06e3b42d780b36107546041257cd9ff7f7fa9976,2026-03-01T21:54:05+01:00,agent,agent-trailer,Python,39,4,20-49,true,false
apache_airflow__62702,apache/airflow,62702,139cd980afbe5e8853507ed30d4205d353e20d93,2026-03-09T21:21:10+00:00,agent,agent-trailer,Python,106,5,50-149,false,false
apache_airflow__62723,apache/airflow,62723,ac52ca3516564cb003dafc09a04a9c1c0babd5ec,2026-03-03T21:44:32+01:00,agent,agent-trailer,TOML,39,9,20-49,false,false
apache_airflow__62752,apache/airflow,62752,05ea74a9429156400ca89ca913c5d838e568ef3a,2026-03-03T13:14:57+01:00,human,none,TOML,53,11,50-149,true,true
apache_airflow__62755,apache/airflow,62755,9d027a42683c82f23d3217925e442e4052ea1637,2026-03-12T14:48:39+08:00,agent,agent-trailer,Python,139,2,50-149,false,false
apache_airflow__62790,apache/airflow,62790,23b334f29eba4f3e3ebfed46540f2ea2d59d1e68,2026-05-28T19:01:15+02:00,human,none,Python,4062,69,500+,false,false
apache_airflow__62820,apache/airflow,62820,fdddc181370a0a1c85080fe1eac1d094189cb0db,2026-03-04T21:51:02+01:00,agent,agent-trailer,Python,977,29,500+,true,false
apache_airflow__62831,apache/airflow,62831,b63857e2f4591daaea5f8ff7ff17f2092c30f04b,2026-03-13T00:35:55-03:00,agent,agent-trailer,TypeScript,121,5,50-149,false,false
apache_airflow__62835,apache/airflow,62835,98f129f0cd43838c87dbe30d0f49a8c2b57513a8,2026-03-11T14:42:00-03:00,agent,agent-trailer,TypeScript,36,2,20-49,false,false
apache_airflow__62847,apache/airflow,62847,22da484082a6f68492da32556127760df166cae1,2026-03-10T12:32:19-07:00,agent,agent-trailer,Python,34,2,20-49,false,false
apache_airflow__62983,apache/airflow,62983,69257f04ee0d62e6e3a25996fb24d033143cc7df,2026-03-10T14:49:42-03:00,agent,agent-trailer,Python,345,7,150-499,false,false
apache_airflow__63048,apache/airflow,63048,a551e03c68ec8dee23a42db88ae750f1c670953b,2026-03-09T21:22:00+00:00,agent,agent-trailer,Python,34,2,20-49,false,false
apache_airflow__63110,apache/airflow,63110,68fce1b516ac0df29fce8ff8946c297427a68b7a,2026-03-09T14:18:00+00:00,human,none,Python,26,2,20-49,false,false
apache_airflow__63259,apache/airflow,63259,bc1bf43717277285dba19d7c929143ae3b4bab18,2026-03-17T03:01:25-07:00,human,none,Python,43,7,20-49,true,false
apache_airflow__63318,apache/airflow,63318,e00dfce5260eeb6ef5003021b69f58e166db6e9e,2026-03-11T09:48:59+01:00,agent,agent-trailer,Python,110,2,50-149,false,false
apache_airflow__63319,apache/airflow,63319,a48cf93c68bcb4afa115423c0a360b5824e3aeee,2026-03-11T14:34:09+01:00,agent,agent-trailer,Python,766,1,500+,false,false
apache_airflow__63347,apache/airflow,63347,b157db8a0964c866f0bfecffc255b71f6cc3d7ae,2026-03-11T15:08:49+01:00,agent,agent-trailer,Python,1850,1,500+,false,false
apache_airflow__63402,apache/airflow,63402,94f2d97b4d039169b8132a0fbda1e498c968955c,2026-03-12T11:45:38+01:00,agent,agent-trailer,Python,3766,16,500+,false,false
apache_airflow__63440,apache/airflow,63440,8db394977f3e0618b02047bd31b7f5b3415b62ef,2026-03-13T05:02:43+01:00,agent,agent-trailer,Python,662,8,500+,false,false
apache_airflow__63478,apache/airflow,63478,63d9d874a669688f64d5a56c82e5d014afea26ce,2026-03-14T11:00:17-03:00,agent,agent-trailer,Python,98,2,50-149,false,false
apache_airflow__63523,apache/airflow,63523,e248b24a376922559cbd80cffdb44463f6cb2928,2026-03-14T23:39:44+09:00,human,none,Python,20,3,20-49,true,true
apache_airflow__63561,apache/airflow,63561,7cea0b83accfa9e481f48886b7783ecf963026a0,2026-03-14T18:03:40+01:00,agent,agent-trailer,Python,3151,50,500+,false,false
apache_airflow__63569,apache/airflow,63569,9c8114f1f94463f86a5aae42d54ac04910551572,2026-03-14T02:20:30-07:00,human,none,Python,98,2,50-149,false,false
apache_airflow__63598,apache/airflow,63598,4395fe947730feaca9135c2071ab3bca7ad431cf,2026-03-14T17:22:46+01:00,agent,agent-trailer,Python,2134,102,500+,false,false
apache_airflow__63606,apache/airflow,63606,e49d6c09947a05d896ee27560172ff2fe0f200e9,2026-03-14T18:19:11+01:00,agent,agent-trailer,Python,42,2,20-49,false,false
apache_airflow__63716,apache/airflow,63716,0e1832cd3cd586ea4a53cc012550fbc084fb0fc4,2026-03-18T13:05:21+01:00,human,none,Python,46,8,20-49,false,false
apache_airflow__63815,apache/airflow,63815,ca401d00cfd33d3ce81c212093d9f999ab9d1a57,2026-03-17T20:14:25+05:30,human,none,Python,47,4,20-49,true,true
apache_airflow__63871,apache/airflow,63871,90051561e721d24834f79d5e1335708c671a9be9,2026-05-15T03:17:24+09:00,human,none,Python,982,7,500+,false,false
apache_airflow__63901,apache/airflow,63901,7bbd8a79283876db4d786291ea830efd38acd193,2026-04-10T02:46:11-07:00,agent,agent-trailer,Python,699,3,500+,false,false
apache_airflow__64108,apache/airflow,64108,fbe7cbef234b3a14b5f75fcc852d01a1212413f6,2026-03-26T06:51:36-03:00,agent,agent-trailer,Python,73,2,50-149,true,false
apache_airflow__64139,apache/airflow,64139,13ab3ec0de4a8160fb925abf401f038ed893d018,2026-03-24T02:37:35-04:00,human,none,Python,38,9,20-49,true,true
apache_airflow__64164,apache/airflow,64164,99e5127f6d5f4995704cda9388b350ad11628ada,2026-04-11T17:17:33+08:00,agent,agent-trailer,Python,41,4,20-49,false,false
apache_airflow__64249,apache/airflow,64249,abfda18a46177e66f92424df274c22d1cafd5b63,2026-03-27T19:03:24+01:00,human,none,TOML,144,47,50-149,false,false
apache_airflow__64392,apache/airflow,64392,b6472b26a44ce4834a563befea72dea7deb46da1,2026-04-03T12:44:45-04:00,agent,agent-trailer,Python,164,3,150-499,false,false
apache_airflow__64538,apache/airflow,64538,4082687dfc57a68c9321dc5be8c2289c76c14c17,2026-04-29T17:34:43-04:00,agent,agent-trailer,Python,78,2,50-149,false,false
apache_airflow__64568,apache/airflow,64568,964870ee704dc337c1290cdf6108c19a2e6ccf08,2026-05-27T04:21:28+03:00,agent,agent-trailer,Python,54,2,50-149,true,false
apache_airflow__64586,apache/airflow,64586,fc315f3d77f4029c469ebc7d8be35983edcbfc27,2026-04-08T02:34:30+08:00,agent,agent-trailer,Python,34,2,20-49,false,false
apache_airflow__64626,apache/airflow,64626,d292e0e9ec67b5d0e0e03acf99c17809fa58c24a,2026-04-03T03:23:48+08:00,human,none,Python,282,4,150-499,true,true
apache_airflow__64745,apache/airflow,64745,37d8acbd5a738977de904ccafeff8c38081e6a5f,2026-06-24T15:57:09-07:00,human,none,Python,296,3,150-499,false,false
apache_airflow__64966,apache/airflow,64966,76bed6614658e6c436aa61854475bd1d67e0b5aa,2026-06-09T19:54:11+09:00,human,none,Python,613,8,500+,false,false
apache_airflow__64994,apache/airflow,64994,d212f624cf46f0adf17369c8e2299e4aae992d5e,2026-04-11T05:10:00-04:00,agent,agent-trailer,Python,75,12,50-149,false,false
apache_airflow__65040,apache/airflow,65040,180d7e626adcf513ef4fb07567103345f18ae2af,2026-04-14T17:38:01+01:00,human,none,Python,229,2,150-499,false,false
apache_airflow__65227,apache/airflow,65227,76c5131df510f91d442c28437e5749dc54e55a95,2026-05-10T09:28:40+08:00,human,none,Python,66,2,50-149,true,true
apache_airflow__65232,apache/airflow,65232,6c598e2a787ab25d127a2a8f873b135f67afdcd3,2026-04-18T09:46:24-04:00,human,none,Python,46,2,20-49,false,false
apache_airflow__65388,apache/airflow,65388,0a00d058c696bfdddc0953cc75046a19cb68ea8f,2026-04-20T16:44:47-04:00,human,none,TypeScript,880,14,500+,false,false
apache_airflow__65395,apache/airflow,65395,25c9c0557e6ff3bdeaf8185ba2977cf77339eae3,2026-04-20T14:07:47-04:00,human,none,Python,39,2,20-49,true,true
apache_airflow__65624,apache/airflow,65624,075937c4a9bbc1f3f459b4e879438e835ce55e92,2026-05-21T07:13:52-07:00,human,none,Python,489,4,150-499,true,true
apache_airflow__65813,apache/airflow,65813,2a1a9d13ca5538bae2594a4ed7ce0f071ebdc9bf,2026-04-29T19:15:15+02:00,human,none,TypeScript,176,6,150-499,false,false
apache_airflow__65852,apache/airflow,65852,d9c580449625f1e09bcc2dec7f83acfb7b287a7d,2026-04-28T16:55:24-04:00,agent,agent-trailer,Python,56,2,50-149,false,false
apache_airflow__65956,apache/airflow,65956,8fd35a18764faf8f9f876cceae4a0fb71b56bae0,2026-05-30T02:04:02+08:00,human,none,Kotlin,5314,59,500+,true,false
apache_airflow__65997,apache/airflow,65997,3249d504484eed4bb517d5ee3e0ad3fc9a3fdeb6,2026-04-28T14:55:30+05:30,human,none,Python,42,1,20-49,true,true
apache_airflow__66013,apache/airflow,66013,d8961101b03be1b992d17c9c4b27be323afe4f39,2026-06-09T19:54:46+09:00,agent,agent-trailer,Python,700,9,500+,false,false
apache_airflow__66208,apache/airflow,66208,8f5ac08c439758289fa236df958def266a5b312c,2026-05-02T05:27:27+08:00,human,none,Python,50,4,50-149,true,true
apache_airflow__66368,apache/airflow,66368,bca6a659724b7dbd45ce8d898076332416c83a51,2026-05-18T04:41:39+05:30,human,none,Python,813,20,500+,false,false
apache_airflow__66433,apache/airflow,66433,e3e3f6fad2b37ba054070ff3ebcff5296f57fc9d,2026-05-06T11:38:50-04:00,agent,agent-trailer,TypeScript,229,2,150-499,false,false
apache_airflow__66479,apache/airflow,66479,b13129fcd2063a794be3a8a65f28efdd42a57242,2026-05-12T01:30:24+03:00,agent,agent-trailer,Python,54,4,50-149,false,false
apache_airflow__66553,apache/airflow,66553,19e86725d60dc3862ab9b2685bd22016323ca41c,2026-05-10T20:35:14+03:00,agent,agent-trailer,Python,43,2,20-49,false,false
apache_airflow__66616,apache/airflow,66616,89efec77305a8179850e1e636e58af90cfdc6f16,2026-06-07T02:08:31-07:00,agent,agent-trailer,Python,286,20,150-499,false,false
apache_airflow__67056,apache/airflow,67056,ab1418ff94af2e5175b023bb47443ea262f03bd9,2026-06-04T19:39:58+08:00,human,none,Python,1165,12,500+,false,false
apache_airflow__67076,apache/airflow,67076,a7174b5bc6dcffabeb8ab72e2256c7cfe9035a13,2026-05-29T15:48:10+02:00,agent,agent-trailer,Python,274,2,150-499,false,false
apache_airflow__67112,apache/airflow,67112,4498582dd1ee553c403db5119ddadd7151d6fde1,2026-05-19T10:22:08+02:00,human,none,Python,157,4,150-499,false,false
apache_airflow__67229,apache/airflow,67229,3d3e79d8c848b8ba7985ecd6a7b2d9a9990a67fd,2026-05-30T14:21:08-04:00,agent,agent-trailer,Python,372,4,150-499,false,false
apache_airflow__67494,apache/airflow,67494,ed26436f2a1f7cc9ef4578f144010fed881833aa,2026-05-26T00:07:56+02:00,human,none,Python,150,3,150-499,false,false
apache_airflow__67527,apache/airflow,67527,597891128e9a9deb82d121f471830914ed5cb049,2026-05-26T12:09:41+05:30,human,none,Python,42,2,20-49,false,false
apache_airflow__67635,apache/airflow,67635,23a3c33c18958eff7d626595afc6d3a21db40bd6,2026-06-03T10:38:09+08:00,human,none,Python,1592,4,500+,false,false
apache_airflow__67662,apache/airflow,67662,992e602015b5e9a3fd297e18047cff9d85094c95,2026-06-05T02:56:19+02:00,agent,agent-trailer,Python,117,3,50-149,false,false
apache_airflow__67881,apache/airflow,67881,670785d1ce8cf24c94c45367234e8598c00b5025,2026-07-02T23:17:35+05:30,human,none,Python,146,2,50-149,false,false
apache_airflow__67965,apache/airflow,67965,2dfac4726ab12f6afd406f6d8b5b4462688ecaa0,2026-06-04T19:44:26+05:30,human,none,Python,23,2,20-49,true,true
apache_airflow__68027,apache/airflow,68027,b788d83d215ec9fe6b289c3021a726997ca3d8a3,2026-06-22T23:47:35+02:00,human,none,Python,134,2,50-149,false,false
apache_airflow__68057,apache/airflow,68057,834385195f525f841d250cc8e6a4e00c51e165b4,2026-06-05T19:49:58+03:00,agent,agent-trailer,Python,60,2,50-149,false,false
apache_airflow__68060,apache/airflow,68060,d452d2769dfe395f02c8fa48630de2c082319b6f,2026-06-05T19:17:03+03:00,agent,agent-trailer,Python,174,2,150-499,false,false
apache_airflow__68367,apache/airflow,68367,8b46c346ed875be381a49ae0e1e1e0c6ea6969a9,2026-06-18T09:36:01-07:00,human,none,Python,135,4,50-149,true,true
apache_airflow__68368,apache/airflow,68368,247551da1d069ff6f2c4d32a5f2dc739f44d71a4,2026-06-14T01:39:44+02:00,agent,agent-trailer,Python,965,3,500+,false,false
apache_airflow__68385,apache/airflow,68385,d08a365fe6aa6f62b3bc69af9b92b525e7ec7b97,2026-06-13T23:15:18+02:00,agent,agent-trailer,JSON,214,9,150-499,false,false
apache_airflow__68480,apache/airflow,68480,703a0570c845df8d99122d643ee9cf600562fe54,2026-07-29T02:58:46-07:00,human,none,Python,1167,11,500+,true,true
apache_airflow__68497,apache/airflow,68497,58480dd8386b3c876bf3878143ef7658faced800,2026-06-16T18:04:18-04:00,agent,agent-trailer,Python,1312,7,500+,false,false
apache_airflow__68743,apache/airflow,68743,fd0a398491db55a5906c9ddd49d0ed952a5998ad,2026-07-21T11:18:25-04:00,agent,agent-trailer,JSON,418,9,150-499,false,false
apache_airflow__68755,apache/airflow,68755,a74c45436c0292b9e0b15d254208cc6f0367a294,2026-06-21T17:14:12+03:00,agent,agent-trailer,Python,198,4,150-499,false,false
apache_airflow__68882,apache/airflow,68882,b21e42992682fec16d072ff25010128046d58d9c,2026-07-08T06:05:54-07:00,agent,agent-trailer,Python,113,7,50-149,false,false
apache_airflow__69005,apache/airflow,69005,4ee7bd9fcb49c422fa47634d922a415a387749b5,2026-06-30T00:00:52-07:00,human,none,Python,27,2,20-49,false,false
apache_airflow__69022,apache/airflow,69022,4e2f5d47ea2efe00ece4f51fda8757cb70f271d9,2026-06-26T19:04:07+03:00,human,none,TOML,171,27,150-499,false,false
apache_airflow__69032,apache/airflow,69032,3dc7a60a063c1a90558789d546bc524480a62311,2026-06-26T16:22:20+03:00,human,none,Python,40,2,20-49,false,false
apache_airflow__69272,apache/airflow,69272,7dc3c2bfe0b57c60fb0bc2385bdad6c01431679f,2026-07-08T08:25:41+01:00,human,none,Python,383,3,150-499,false,false
apache_airflow__69772,apache/airflow,69772,6e6d0af05e5575d19ca46f0fbfd1098b39793d60,2026-07-12T14:06:03+03:00,agent,agent-trailer,Python,254,3,150-499,false,false
apache_airflow__69780,apache/airflow,69780,0014422047c49184540e2e1c0b9c819749d925fa,2026-07-23T18:08:29+08:00,agent,agent-trailer,Python,22,2,20-49,false,false
apache_airflow__69789,apache/airflow,69789,582076cc27396a01948b4c72fca006643c0846ea,2026-07-19T22:30:02+02:00,agent,agent-trailer,Python,509,2,500+,false,false
apache_airflow__69828,apache/airflow,69828,8d35eebaca13ebf26f58752021102c91e00d6046,2026-07-25T01:24:23+09:00,human,none,Python,36,2,20-49,true,true
apache_airflow__69830,apache/airflow,69830,dd869c53bb9dafc87bace17f8de570b0f43bb419,2026-07-24T17:21:17+08:00,agent,agent-trailer,Python,39,2,20-49,false,false
apache_airflow__69877,apache/airflow,69877,f7dec02b2a9d88e886d0d3b2fd1919edbf2ff8af,2026-07-20T15:14:08+02:00,human,none,Python,408,6,150-499,false,false
apache_airflow__69986,apache/airflow,69986,4e01f405a6a038dae9e856c40c0946a43ab609d8,2026-07-20T13:00:27-04:00,human,none,TypeScript,82,10,50-149,false,false
apache_airflow__70007,apache/airflow,70007,ffe49c77d25d32284eb01fc9eb3187ec87b5b39f,2026-07-22T08:26:06+02:00,agent,agent-trailer,Python,57,4,50-149,false,false
apache_airflow__70147,apache/airflow,70147,305066881677d4d3fef84bf03b1b4f741af6dae1,2026-07-28T12:31:31-05:00,human,none,Python,219,3,150-499,true,false
apache_airflow__70150,apache/airflow,70150,51972109907ca274bbfa52aff3e2c71c7b02bcab,2026-07-27T13:08:22-05:00,human,none,TypeScript,265,16,150-499,false,false
grafana_grafana__100080,grafana/grafana,100080,3d1497b56a8648e9c7ccf158a37e2b9e524f83ed,2025-03-26T19:47:24+01:00,human,none,TypeScript,30,11,20-49,false,false
grafana_grafana__100128,grafana/grafana,100128,e05413dcc43f72e1323dd3c65fefcbb0400f913d,2025-02-06T12:07:52+01:00,human,none,Go,110,6,50-149,false,false
grafana_grafana__100951,grafana/grafana,100951,a897ec3426e1482a59e8e8bcf8b6f5c3daa634e9,2025-02-19T11:46:48+01:00,human,none,Go,32,7,20-49,false,false
grafana_grafana__101054,grafana/grafana,101054,74e621f37793755d9bf44f254ad8299de8b2cf03,2025-02-20T11:53:06-03:00,human,none,Go,172,2,150-499,false,false
grafana_grafana__101609,grafana/grafana,101609,1576b69f65a02833bcee2e6fc761cbbfc7f7f65d,2025-03-06T08:35:50+01:00,human,none,TypeScript,189,11,150-499,false,false
grafana_grafana__101616,grafana/grafana,101616,ec7a0db54db4d0037630ccb3743e1e882a7df5a5,2025-03-06T10:09:40+01:00,human,none,Go,234,4,150-499,true,true
grafana_grafana__101704,grafana/grafana,101704,5917ed822726fb9f726d54b96524fd1a183e9104,2025-03-07T14:06:47+01:00,human,none,Go,416,7,150-499,false,false
grafana_grafana__101856,grafana/grafana,101856,64f1df69d53405c9b5f328fb313ce3da4d5e992b,2025-03-10T19:48:53+03:00,human,none,Go,363,20,150-499,true,true
grafana_grafana__101881,grafana/grafana,101881,1a0478cd761d4504c994b63268fc589c09f2f21c,2025-03-26T11:39:45+01:00,agent,agent-trailer,TypeScript,312,6,150-499,false,false
grafana_grafana__102249,grafana/grafana,102249,5c243126256f011116800fc439cfad5b87ea67f1,2025-03-15T21:12:48-06:00,human,none,Go,430,11,150-499,false,false
grafana_grafana__102535,grafana/grafana,102535,6f2a9abc0353829869ea9dcbb90a6576c8a41524,2025-03-24T13:20:00+01:00,human,none,TypeScript,281,9,150-499,false,false
grafana_grafana__103320,grafana/grafana,103320,9f07e49cdda78034a018afe973e09980d382433c,2025-04-23T16:14:09-04:00,human,none,Go,407,9,150-499,false,false
grafana_grafana__103453,grafana/grafana,103453,ceed8243784500557f2686bb478695cc125a0e19,2025-04-09T12:55:28+02:00,human,none,JSON,33,6,20-49,false,false
grafana_grafana__103541,grafana/grafana,103541,fc37bb4355daeff75b23db98b1996b861742e6bd,2025-04-08T15:37:17+01:00,human,none,Go,20,6,20-49,true,true
grafana_grafana__103855,grafana/grafana,103855,512df0091a1df6c7d19243e288ec458250b49813,2025-04-22T10:50:34+02:00,human,none,TypeScript,420,28,150-499,false,false
grafana_grafana__103898,grafana/grafana,103898,652c374c4c992a6bdfc7e5917bd7307b3bd0f6f5,2025-04-11T15:29:07-04:00,human,none,Go,80,2,50-149,false,false
grafana_grafana__103900,grafana/grafana,103900,754c0e1534ce321c924b22d73c34009240b72868,2025-04-14T14:24:47+01:00,human,none,JavaScript,146,4,50-149,true,true
grafana_grafana__104208,grafana/grafana,104208,ea450a92f9dcd991a9f77e812f54ddf5cc662cf4,2025-04-19T22:38:58+02:00,human,none,TypeScript,120,3,50-149,false,false
grafana_grafana__105498,grafana/grafana,105498,f647faba5f7fa969c015e4bd6fa71a21aba8d4cd,2025-05-16T10:11:05-04:00,human,none,Go,151,2,150-499,false,false
grafana_grafana__105988,grafana/grafana,105988,6d9475127c774bb01c5987fe3615f74b3984ceb7,2025-06-18T16:24:07+02:00,human,none,TypeScript,161,27,150-499,false,false
grafana_grafana__106337,grafana/grafana,106337,3fe73b8de97a1d8341fb7bbd98a60ed65c9b3765,2025-06-13T12:44:39-03:00,human,none,Go,123,5,50-149,false,false
grafana_grafana__106445,grafana/grafana,106445,33a9a9313d6bafda22946b625be5c99dea2ed4de,2025-06-10T09:22:06+02:00,human,none,TypeScript,28,1,20-49,true,true
grafana_grafana__106604,grafana/grafana,106604,d041ae8e73fa85347d462fe81f011dd2e7196e7e,2025-06-12T15:28:10+02:00,human,none,TypeScript,199,4,150-499,false,false
grafana_grafana__106667,grafana/grafana,106667,3fd8ad8476077b69c44172159852162fdf4dc605,2025-06-13T09:55:30+02:00,human,none,Go,42,2,20-49,true,true
grafana_grafana__107094,grafana/grafana,107094,27a5bab1c122109c6617351ad9e09ecd8734fb82,2025-06-24T15:50:57+02:00,human,none,Go,463,4,150-499,false,false
grafana_grafana__107105,grafana/grafana,107105,8ba6487b15fb29c7656dc429d6011a5497eb8458,2025-06-24T13:07:05+02:00,human,none,Go,85,1,50-149,true,true
grafana_grafana__107133,grafana/grafana,107133,24884154dc0f0eb53156cba0476aa51bf3586801,2025-06-25T13:00:54+02:00,human,none,TypeScript,63,2,50-149,false,false
grafana_grafana__107162,grafana/grafana,107162,5abc5997aee99f5de268cef4f0d5d0f4258cd8e1,2025-06-25T07:57:09-07:00,human,none,JSON,98,3,50-149,true,true
grafana_grafana__107528,grafana/grafana,107528,a7bfd8e351738471847bb37899dc6cd7d9663dfc,2025-07-03T10:53:33+02:00,human,none,Go,466,33,150-499,false,false
grafana_grafana__108014,grafana/grafana,108014,05a2d26787690f36c874c8edaa715e64371db10e,2025-07-11T22:58:39+02:00,human,none,Go,727,17,500+,true,true
grafana_grafana__108101,grafana/grafana,108101,47ce65815473fc255121ac8257c5d5ac044e509e,2025-07-17T11:33:27+01:00,human,none,TypeScript,305,9,150-499,false,false
grafana_grafana__108119,grafana/grafana,108119,5b5cce324331bd7908df650e29ebc904e61b97e3,2025-07-15T15:10:47+02:00,human,none,TypeScript,139,2,50-149,false,false
grafana_grafana__108144,grafana/grafana,108144,d4fc2399d06edcc04d2de0ef992332f7ec5f807f,2025-07-17T10:23:49+01:00,agent,agent-trailer,Shell,52,3,50-149,false,false
grafana_grafana__108207,grafana/grafana,108207,7c872f0e8aa6d05061f546da98d94fe223192fa2,2025-07-23T14:38:09+02:00,human,none,TypeScript,128,10,50-149,false,false
grafana_grafana__108327,grafana/grafana,108327,b70d1b072442c45385c210087b4ac826df01de7b,2025-07-21T13:02:20+02:00,human,none,TypeScript,273,7,150-499,false,false
grafana_grafana__108394,grafana/grafana,108394,4d2decfa0c0c9bb4df9e21d6c3eba1708a139a6d,2025-08-25T14:43:22-05:00,human,none,TypeScript,188,9,150-499,false,false
grafana_grafana__108418,grafana/grafana,108418,981fdb29d42b466cb480331372ddabb8b5fefcc2,2025-07-23T15:59:24-04:00,human,none,Go,89,6,50-149,false,false
grafana_grafana__108778,grafana/grafana,108778,4c6888654cf0e225c84b446e931c03a63c60cfdb,2025-07-28T17:55:28+03:00,human,none,TypeScript,50,4,50-149,false,false
grafana_grafana__108954,grafana/grafana,108954,f1821988d9db9c04f8ae2e7a88350892f92d10e5,2025-07-31T00:40:54+00:00,human,none,JSON,810,18,500+,false,false
grafana_grafana__109174,grafana/grafana,109174,d874bc08b764646458e24e66fe764d664038ed3d,2025-08-05T13:26:47+02:00,human,none,Go,26,1,20-49,false,false
grafana_grafana__109448,grafana/grafana,109448,a0cf529465a3c03627f5cbd8af29f7715e42e711,2025-08-11T12:06:58+02:00,human,none,TypeScript,73,2,50-149,false,false
grafana_grafana__109860,grafana/grafana,109860,a07a8d0ba2a0628dcde1141761f3ada6c45189de,2025-09-03T13:51:11+03:00,human,none,Go,884,12,500+,false,false
grafana_grafana__109891,grafana/grafana,109891,f4f406cc64bf1021b26b3efbccef22311b2c548a,2025-08-21T10:19:07+02:00,human,none,TypeScript,38,9,20-49,false,false
grafana_grafana__109903,grafana/grafana,109903,0c44a0c14a5105caa2fc8b8553d973f42e05bcc2,2025-09-02T13:57:58+02:00,human,none,TypeScript,335,4,150-499,false,false
grafana_grafana__109972,grafana/grafana,109972,4c996a8a7f9a37862a3910d5962bc21eda278218,2025-08-25T10:13:07+02:00,human,none,Go,986,11,500+,true,true
grafana_grafana__110020,grafana/grafana,110020,d2ec846224eafb25aa395054ee5ebdfa8e3d79a5,2025-08-22T13:49:44+02:00,human,none,JSON,1115,15,500+,true,true
grafana_grafana__110113,grafana/grafana,110113,4eeb6c3ed8649c05a27ad5634f6e65b02a0d6b90,2025-08-25T17:50:49+02:00,human,none,TypeScript,37,3,20-49,false,false
grafana_grafana__110160,grafana/grafana,110160,1faaec26116b4c1129ed72b1d668fb3443a7c2c4,2025-09-03T14:51:27+02:00,human,none,TypeScript,287,5,150-499,false,false
grafana_grafana__110262,grafana/grafana,110262,7106ef640d8f463b6c1af04986e1460c17b35207,2025-08-28T10:41:45+02:00,human,none,JSON,94,3,50-149,true,true
grafana_grafana__110389,grafana/grafana,110389,c1c51beee48da8d64a764939ec5b2b49785dec01,2025-09-02T11:27:33+03:00,human,none,TypeScript,29,5,20-49,true,true
grafana_grafana__110460,grafana/grafana,110460,a058665bbcd45e4c35859ad10373cf2b2db4d57e,2025-09-02T17:05:51+02:00,human,none,TypeScript,43,3,20-49,true,true
grafana_grafana__110666,grafana/grafana,110666,273731ed8ebbb95e8980425b225eac725751b254,2025-09-11T13:16:46+02:00,agent,agent-trailer,TypeScript,539,17,500+,false,false
grafana_grafana__110860,grafana/grafana,110860,edcd1130543e2a71c0e192fc29c3bbd4875ac72f,2025-09-12T12:59:37+01:00,human,none,Go,535,26,500+,false,false
grafana_grafana__111320,grafana/grafana,111320,5c6d33290f8a950c89844a1fc7cc3693076ddd9f,2025-09-23T15:39:00+01:00,human,none,TypeScript,354,8,150-499,true,true
grafana_grafana__111423,grafana/grafana,111423,b232a812abd2aa8edb0315de31a47add4635f936,2025-10-10T12:47:26-06:00,human,none,Go,793,6,500+,false,false
grafana_grafana__111672,grafana/grafana,111672,c66209bca8985efe834d98fda6af649bf13f32a1,2025-09-26T15:47:03+02:00,human,none,Go,40,4,20-49,true,true
grafana_grafana__111774,grafana/grafana,111774,9bde3267bb332cd9add3ca07e8ff57a01ad1daa2,2025-10-01T11:32:56-04:00,human,none,JSON,40,4,20-49,false,false
grafana_grafana__111803,grafana/grafana,111803,c784de6ef590172ae96df52b13bfec4e802d7224,2025-11-07T19:51:48+09:00,human,none,Go,372,8,150-499,false,false
grafana_grafana__111965,grafana/grafana,111965,3ce9137c19650eae2d9a9012b4ac6d24afd30774,2025-10-03T01:16:37-06:00,human,none,Go,723,10,500+,false,false
grafana_grafana__112129,grafana/grafana,112129,def449293b5e8aad1eb1a57c528ea255c99e5d61,2025-10-21T21:23:50+02:00,human,none,TypeScript,23,3,20-49,true,false
grafana_grafana__112246,grafana/grafana,112246,8b7f119cad7475a811ff8fc36545313bbcc28cf2,2025-10-23T11:11:36-04:00,human,none,Go,59,4,50-149,false,false
grafana_grafana__112505,grafana/grafana,112505,7e45a300b92e68ab6914e5f4d14db50e5d44bc40,2025-12-17T17:22:17+01:00,agent,agent-trailer,Go,4830,67,500+,false,false
grafana_grafana__112595,grafana/grafana,112595,bbb5322008d814978bcaa0322d171b7af37371a4,2025-10-17T17:27:24+02:00,human,none,TypeScript,67,2,50-149,false,false
grafana_grafana__112666,grafana/grafana,112666,2e1704b56f01bb3eb72e05aa3172791116619bee,2025-10-23T09:47:39+02:00,human,none,Go,1890,7,500+,false,false
grafana_grafana__112673,grafana/grafana,112673,123e46c33b1544f39ab26bb1c3240b13861d46ec,2025-10-22T15:09:39-04:00,agent,agent-trailer,JavaScript,159,5,150-499,false,false
grafana_grafana__112704,grafana/grafana,112704,eca379e98e636e92d60abcc195aedc09c7d63c9f,2025-10-21T17:42:07+02:00,human,none,Go,362,3,150-499,false,false
grafana_grafana__113225,grafana/grafana,113225,72e244c1e7117a03400429330ae1dac354a169c1,2025-10-30T15:57:16+00:00,human,none,TypeScript,22,2,20-49,true,false
grafana_grafana__113297,grafana/grafana,113297,d0ea82633f757dcaa2562e94b2de0b40f9c0e229,2025-10-31T11:19:16-07:00,agent,agent-trailer,Go,3985,22,500+,false,false
grafana_grafana__113454,grafana/grafana,113454,cdc6a6114cfcc4ba773bca0810125d8581981ce7,2025-11-12T14:59:27+01:00,agent,agent-trailer,Go,516,6,500+,false,false
grafana_grafana__113478,grafana/grafana,113478,b9b1028b91f918061d2e9dbfb163e04ea0829a88,2025-11-06T23:20:08+00:00,human,none,Go,393,2,150-499,true,true
grafana_grafana__113808,grafana/grafana,113808,bfee2ecc6536da2e779b68bb2c7263b64d3faaf8,2025-11-14T10:20:01+00:00,human,none,TypeScript,150,21,150-499,false,false
grafana_grafana__114230,grafana/grafana,114230,4d25381716585a2a9b2d6bfa8f904bef22bf9421,2025-11-20T13:51:59-03:00,human,none,JSON,305,6,150-499,true,true
grafana_grafana__114523,grafana/grafana,114523,b5eac7baadbbb5b9a17574d0d69805d9a22dfe00,2025-11-28T15:07:15+01:00,human,none,TypeScript,129,14,50-149,false,false
grafana_grafana__114725,grafana/grafana,114725,2ef211fe96ec24fcd103f8ee927bda5510e4b04b,2025-12-02T20:07:11+01:00,human,none,JSON,1715,7,500+,false,false
grafana_grafana__114740,grafana/grafana,114740,89d8198154fd95aa7168967c4bf78df4476f8466,2025-12-03T00:40:14+00:00,human,none,JSON,252,18,150-499,false,false
grafana_grafana__114750,grafana/grafana,114750,34ac5059c1e5d7a02acb9408dafc4491828a2b98,2025-12-03T10:39:54+01:00,human,none,Go,52,2,50-149,true,true
grafana_grafana__114979,grafana/grafana,114979,a46f0a222e7a529202c3f507ac61a9fe9ba54b28,2025-12-10T19:14:30+01:00,human,none,Go,272,6,150-499,false,false
grafana_grafana__115221,grafana/grafana,115221,3b3e87ff898157d8572614e3339dfcbdc1fb4e5f,2026-01-05T16:35:19+07:00,human,none,Go,509,5,500+,false,false
grafana_grafana__115329,grafana/grafana,115329,35affc57c2776f66c8bdf3cd86526212d87d057e,2025-12-15T15:19:55+01:00,agent,agent-trailer,Go,418,3,150-499,false,false
grafana_grafana__115337,grafana/grafana,115337,2c404dcae67e445297564b6403a2083ea67a638e,2026-03-10T11:22:09+01:00,agent,agent-trailer,Go,1710,8,500+,false,false
grafana_grafana__115508,grafana/grafana,115508,973523fd1fb500af3e944f49b177ee3c8bec0117,2025-12-17T20:47:09+01:00,human,none,TypeScript,66,4,50-149,false,false
grafana_grafana__115519,grafana/grafana,115519,58a026b6a5bc0e869430c05829756e868ffe4d1b,2025-12-18T10:22:40-05:00,human,none,TypeScript,48,3,20-49,false,false
grafana_grafana__115627,grafana/grafana,115627,5fcc67837a480a4f82c506da3c5b16ffb60b2b58,2026-01-08T11:47:00+01:00,agent,agent-trailer,Go,531,8,500+,false,false
grafana_grafana__115729,grafana/grafana,115729,6d0f7f3567f06483250af9e4f98e898b33885541,2025-12-31T07:43:29-07:00,human,none,Go,1448,8,500+,true,true
grafana_grafana__115743,grafana/grafana,115743,75b2c905cd2f117b6d98c4d4a7fed0fef0f1df62,2025-12-30T14:05:23+01:00,human,none,Go,78,4,50-149,false,false
grafana_grafana__115807,grafana/grafana,115807,dc992b62b617d1af311aacc63a5a082bed0f390a,2026-01-05T08:47:51-07:00,human,none,Go,24,1,20-49,true,true
grafana_grafana__115974,grafana/grafana,115974,34c64d96180f4baab5e70e0bcbd70468effb111b,2026-01-19T13:20:36+00:00,human,none,TypeScript,430,11,150-499,false,false
grafana_grafana__116380,grafana/grafana,116380,fda47eb3af61034b1e28bec932c06298d85b7743,2026-01-19T08:55:20-07:00,human,none,JSON,141,11,50-149,false,false
grafana_grafana__116454,grafana/grafana,116454,13f1c514d4af86136221d2cf42175dc65511c172,2026-01-21T16:34:30-06:00,human,none,TypeScript,37,2,20-49,false,false
grafana_grafana__116493,grafana/grafana,116493,c0f917911c7716e743ee8b01b0b551f74c5909b6,2026-01-19T15:46:34-03:00,human,none,Go,397,3,150-499,false,false
grafana_grafana__116708,grafana/grafana,116708,8039f85b9203ae5926e15589a2c176c5c2a42e06,2026-01-23T08:54:51-08:00,agent,agent-trailer,TypeScript,234,9,150-499,false,false
grafana_grafana__116718,grafana/grafana,116718,87f9e1bb2f2c6b158de578032f526478f291845a,2026-01-23T09:51:01+01:00,agent,agent-trailer,Go,747,16,500+,false,false
grafana_grafana__116720,grafana/grafana,116720,e5d1b890d2d110d383887345943e60c4c05567ce,2026-01-23T16:37:34+01:00,agent,agent-trailer,Go,603,12,500+,false,false
grafana_grafana__116862,grafana/grafana,116862,00b56bf927e3bafde7fc3de18bf3cb0d214d2428,2026-01-28T14:15:26+01:00,agent,agent-trailer,Go,106,10,50-149,false,false
grafana_grafana__116959,grafana/grafana,116959,789b7425f2c76b15c2ae07f20bd08fae79c7d6b1,2026-01-27T12:14:31-07:00,human,none,Go,1190,4,500+,false,false
grafana_grafana__117083,grafana/grafana,117083,58bf5a1ba2115d98feb3c49c95a5c15fc2d16db6,2026-02-03T15:05:23+01:00,agent,agent-trailer,TypeScript,483,19,150-499,false,false
grafana_grafana__117270,grafana/grafana,117270,8f8e0767001ecb814352402aa6588e813323f0f9,2026-02-03T15:46:13-06:00,human,none,Go,56,7,50-149,false,false
grafana_grafana__117382,grafana/grafana,117382,e7b5024f7e28e2547dc005f866d4b74e399ac0b1,2026-02-04T18:21:23+01:00,human,none,TypeScript,172,6,150-499,false,false
grafana_grafana__117421,grafana/grafana,117421,f0192f58a4ee4d284c965a9411a0e232c9506752,2026-02-04T18:26:51+01:00,agent,agent-trailer,Go,20,1,20-49,false,false
grafana_grafana__117484,grafana/grafana,117484,9c52b8718a2cd86490a1a1759ad8b0cb3730bf69,2026-02-05T22:31:26+01:00,human,none,Go,71,2,50-149,true,true
grafana_grafana__117882,grafana/grafana,117882,2c88b7b43707d136a979a56e97b0dbe9551e2111,2026-03-03T11:54:45+01:00,agent,agent-trailer,TypeScript,412,8,150-499,false,false
grafana_grafana__117942,grafana/grafana,117942,d676bcac859ae04ab25c5885a2cbc7696fdf8a15,2026-02-12T21:25:45-06:00,human,none,YAML,32,2,20-49,true,true
grafana_grafana__117954,grafana/grafana,117954,2f87fffaf73534dda7e39f79c42758cfe3709806,2026-03-24T06:30:23-05:00,human,none,TypeScript,1434,39,500+,false,false
grafana_grafana__117997,grafana/grafana,117997,45f14bc5ab6e7a2a45f91029ca7c05d46ac613d2,2026-02-16T08:30:22+01:00,human,none,Go,562,5,500+,false,false
grafana_grafana__118013,grafana/grafana,118013,866a8222a1b4cd8b9c2f67591d5cde401f902a84,2026-02-13T08:14:35-08:00,agent,agent-trailer,Go,872,4,500+,false,false
grafana_grafana__118217,grafana/grafana,118217,ccaf8685b47b1a291ed0b1945be83f1e8324d977,2026-02-17T14:03:11+02:00,agent,agent-trailer,Go,401,4,150-499,false,false
grafana_grafana__118224,grafana/grafana,118224,734aff632b682fd42bcf7dea17c972ffe5d05d21,2026-02-17T20:25:49+00:00,agent,agent-trailer,Go,20,3,20-49,false,false
grafana_grafana__118231,grafana/grafana,118231,8586c5530f92ad6150afae1c113d9379b9af62da,2026-02-17T19:52:08+00:00,agent,agent-trailer,Go,28,3,20-49,false,false
grafana_grafana__118235,grafana/grafana,118235,a8194d0e60e6965bb9f0170e99c1be8f581b7d39,2026-02-17T16:22:28+01:00,human,none,TypeScript,1155,14,500+,false,false
grafana_grafana__118283,grafana/grafana,118283,670f28700c0c3c77927a35f86b701ef6a3ea2798,2026-02-18T11:37:50+01:00,agent,agent-trailer,Go,24,4,20-49,false,false
grafana_grafana__118286,grafana/grafana,118286,bc9c39045e22fd11c99289d576268bc96899f55f,2026-02-18T14:27:53+01:00,agent,agent-trailer,TypeScript,27,3,20-49,false,false
grafana_grafana__118320,grafana/grafana,118320,dade899c33fe47e028fee78613452ea31eafd282,2026-02-23T14:35:03-06:00,agent,agent-trailer,Go,303,6,150-499,false,false
grafana_grafana__118362,grafana/grafana,118362,ccfcae9ec7666c48eeff4cea70d1800ed13bb619,2026-02-19T08:17:30+01:00,human,none,TypeScript,84,3,50-149,false,false
grafana_grafana__118461,grafana/grafana,118461,3203af91a203956bc7c52782435469c322d085c0,2026-03-02T09:08:52+01:00,human,none,Go,1297,21,500+,true,true
grafana_grafana__118528,grafana/grafana,118528,069d45b84e666e3fc2ab33a7d1f56c99b10449e1,2026-04-15T16:37:34+01:00,agent,agent-trailer,JSON,172,68,150-499,false,false
grafana_grafana__118566,grafana/grafana,118566,03d000cfd584279d2b1f7bc35b201e2f31477cdd,2026-02-20T13:56:49+01:00,agent,agent-trailer,Go,285,3,150-499,false,false
grafana_grafana__118676,grafana/grafana,118676,33484098933bca48feffa75a16213633c8960c45,2026-02-24T10:46:04+01:00,agent,agent-trailer,Go,364,9,150-499,false,false
grafana_grafana__118717,grafana/grafana,118717,b24cb4f937cebea0fb469db17d5d0b8b7bd0bbdc,2026-03-04T17:46:50+01:00,agent,agent-trailer,Go,1033,6,500+,false,false
grafana_grafana__118729,grafana/grafana,118729,0b1640e0a014de945ed85934012b135acb95ddd6,2026-02-25T11:09:45-08:00,agent,agent-trailer,TypeScript,448,6,150-499,false,false
grafana_grafana__118751,grafana/grafana,118751,e2b6978f1f123eeb7f33032c6c7fa8c92e969afa,2026-02-24T09:32:23+00:00,human,none,JSON,972,18,500+,false,false
grafana_grafana__118837,grafana/grafana,118837,fcd1058a8935c0447191106f9db4e84b4e92966b,2026-03-11T10:03:53+01:00,agent,agent-trailer,TypeScript,125,3,50-149,true,false
grafana_grafana__118840,grafana/grafana,118840,056f005cb1593783ed347efda3094ec2966c149f,2026-02-27T15:37:22+01:00,agent,agent-trailer,TypeScript,65,15,50-149,true,false
grafana_grafana__118941,grafana/grafana,118941,5fbb4c155d6ed9f5ea18b1480ecd68361c56f000,2026-02-25T13:40:33+01:00,agent,agent-trailer,Go,111,3,50-149,false,false
grafana_grafana__118952,grafana/grafana,118952,2365df320ba4aa68e47d0764f151443af65ec7f9,2026-02-25T18:09:39+01:00,agent,agent-trailer,TypeScript,1003,5,500+,false,false
grafana_grafana__119001,grafana/grafana,119001,17d4dd202fba32a426e236e8bbb540cafdb2ecab,2026-03-03T10:18:21-07:00,agent,agent-trailer,Go,65,2,50-149,false,false
grafana_grafana__119045,grafana/grafana,119045,3a612be32b6a97b83d772ae09fa84b98041b6f72,2026-02-25T20:26:39-08:00,human,none,TypeScript,282,3,150-499,false,false
grafana_grafana__119097,grafana/grafana,119097,f0f3caaec40a5e55e8fb7c386f89c2328b33b947,2026-02-27T14:49:27+01:00,agent,agent-trailer,Go,565,2,500+,false,false
grafana_grafana__119100,grafana/grafana,119100,e0dbb966fc067e109264a7e7923d2fce58eaebac,2026-03-12T13:42:22+01:00,agent,agent-trailer,Go,686,27,500+,false,false
grafana_grafana__119101,grafana/grafana,119101,2ecf6a6d5bf5c880a759ae72b9e8efc8de05780e,2026-03-10T15:28:23+01:00,agent,agent-trailer,TypeScript,342,14,150-499,false,false
grafana_grafana__119110,grafana/grafana,119110,7351fcf8371b9325e8963228a6302ce2226aef96,2026-04-21T14:51:26+02:00,agent,agent-trailer,Go,129,10,50-149,false,false
grafana_grafana__119112,grafana/grafana,119112,7720aa0f6a19dc9a1769dbf627dc5fc8c4f26877,2026-02-27T14:35:22+01:00,agent,agent-trailer,Go,120,8,50-149,false,false
grafana_grafana__119188,grafana/grafana,119188,f1d7e1ff197b9713763630adc9319097acdafc95,2026-03-03T12:30:41-07:00,agent,agent-trailer,Go,978,4,500+,false,false
grafana_grafana__119230,grafana/grafana,119230,0d611c375b9ce71feee5d2f9b0796a464d6137cd,2026-03-05T11:40:10+01:00,agent,agent-trailer,Go,474,9,150-499,false,false
grafana_grafana__119231,grafana/grafana,119231,6756fd5df799bba2144a50e28f0596fac01902e5,2026-02-27T14:56:09+01:00,agent,agent-trailer,Go,432,8,150-499,false,false
grafana_grafana__119232,grafana/grafana,119232,22896d0c631820fd2a188e36a6901e343586b771,2026-03-04T11:39:11+01:00,agent,agent-trailer,Go,573,4,500+,false,false
grafana_grafana__119277,grafana/grafana,119277,23c6c1e50b3ff74acb99c9641323cc1d611751c9,2026-03-05T12:54:49+00:00,agent,agent-trailer,YAML,752,8,500+,false,false
grafana_grafana__119369,grafana/grafana,119369,325d381fcfdb3ffba27cfe2b0a9f2eda44afcb6b,2026-03-03T17:03:51+00:00,human,none,JSON,702,18,500+,false,false
grafana_grafana__119474,grafana/grafana,119474,8c4e445aeb05bc83846387da881a3218986ae39d,2026-03-30T12:03:02+02:00,agent,agent-trailer,TypeScript,860,24,500+,false,false
grafana_grafana__119518,grafana/grafana,119518,f0b7dd9237a3076bc7a948f3b560ddd509a7a187,2026-03-04T10:17:49-07:00,agent,agent-trailer,Go,130,4,50-149,false,false
grafana_grafana__119547,grafana/grafana,119547,fa3a49374e9c1185cf924ed4b622459693dbb541,2026-03-05T09:24:21-07:00,agent,agent-trailer,Go,232,4,150-499,false,false
grafana_grafana__119595,grafana/grafana,119595,df3cedca028d0b17c5814e7274de1722cc0db086,2026-03-05T11:15:15+00:00,agent,agent-trailer,TypeScript,68,2,50-149,false,false
grafana_grafana__119671,grafana/grafana,119671,cb61b2ee61be852017f2ad06999ec0222c03f615,2026-03-06T10:05:38-05:00,human,none,Go,1435,5,500+,false,false
grafana_grafana__119717,grafana/grafana,119717,94a628904b91393e5ed35821a81bc39991cf082c,2026-03-06T17:31:59+01:00,agent,agent-trailer,Go,208,3,150-499,false,false
grafana_grafana__119824,grafana/grafana,119824,ebf818052eb9a083d4aa2b0766991714c3e5f473,2026-03-09T17:53:04+01:00,agent,agent-trailer,Go,160,10,150-499,false,false
grafana_grafana__119865,grafana/grafana,119865,b3d0863400de4975bc35f98424fc097f8e53983c,2026-03-10T09:51:39+01:00,agent,agent-trailer,Go,225,10,150-499,false,false
grafana_grafana__119926,grafana/grafana,119926,7b8a3fd09c93b0ae97ca369f42f913c75cf3a08b,2026-03-13T11:00:19+01:00,agent,agent-trailer,Go,89,10,50-149,false,false
grafana_grafana__119940,grafana/grafana,119940,beb32caa2c38221e61095eb59c4027f936cadaaa,2026-03-10T15:39:02+01:00,agent,agent-trailer,JSON,32,5,20-49,true,false
grafana_grafana__120041,grafana/grafana,120041,9857d12dd8bba60e2c5cf5c73dadfc606cfc46ff,2026-03-11T16:17:56+01:00,human,none,Go,175,2,150-499,false,false
grafana_grafana__120042,grafana/grafana,120042,ba93414668c9e49a45965f80412c81e65afe189f,2026-03-11T13:02:04+01:00,human,none,Go,31,1,20-49,false,false
grafana_grafana__120051,grafana/grafana,120051,2d15450263cb83fe895d253c668697aa1f417abb,2026-03-17T11:54:25+01:00,agent,agent-trailer,TypeScript,741,14,500+,false,false
grafana_grafana__120167,grafana/grafana,120167,56756f91671a926f22385a330b9d9c983dfcd902,2026-03-12T12:46:48+01:00,agent,agent-trailer,Go,26,1,20-49,false,false
grafana_grafana__120348,grafana/grafana,120348,50cdc6dc15f4ce2ce6dd831d82ea7bfddf522004,2026-04-21T14:40:01-04:00,human,none,TypeScript,121,3,50-149,true,true
grafana_grafana__120429,grafana/grafana,120429,4a90eadfe881aa96fa9fef0e330cad8d9af45460,2026-03-16T13:07:21-06:00,human,none,JSON,448,5,150-499,true,true
grafana_grafana__120479,grafana/grafana,120479,c6208e5f02e88977bb08449214f62bb1219a1082,2026-03-17T12:46:57+01:00,human,none,TypeScript,110,8,50-149,false,false
grafana_grafana__120560,grafana/grafana,120560,067ef5d41eab5057f5c80b6668a01bf8fe7ceb2b,2026-03-25T08:56:03-05:00,human,none,TypeScript,563,12,500+,false,false
grafana_grafana__120643,grafana/grafana,120643,12a8787861d1575ff0bf09e1eb6ca948500ad44f,2026-03-20T14:27:14-06:00,agent,agent-trailer,Go,623,6,500+,false,false
grafana_grafana__120731,grafana/grafana,120731,22a5d25c714852ba909cd5d15d37d2e1dab44b27,2026-03-19T14:45:58-06:00,agent,agent-trailer,YAML,1839,20,500+,false,false
grafana_grafana__120814,grafana/grafana,120814,c183cdadf91f3f77f93ccd87d1702a5b16556cab,2026-03-24T13:12:38-04:00,human,none,TypeScript,59,5,50-149,false,false
grafana_grafana__120816,grafana/grafana,120816,3bba78bcff631d9e73e3b52ecfcbc61229959f51,2026-03-20T18:19:50+01:00,agent,agent-trailer,JSON,140,27,50-149,false,false
grafana_grafana__120848,grafana/grafana,120848,672dba9131307ee5ef2106fc13b49c938628490d,2026-03-21T14:29:40+01:00,human,none,Go,1292,8,500+,false,false
grafana_grafana__120917,grafana/grafana,120917,4ebb7e131ea8b21c679a60ea5823b97156e136c1,2026-03-24T10:34:26-06:00,agent,agent-trailer,Go,120,2,50-149,false,false
grafana_grafana__121007,grafana/grafana,121007,e938c4ea48f86aa8d8e9f7c9f143fde01edbb3e0,2026-03-26T10:11:37+01:00,agent,agent-trailer,Go,263,7,150-499,false,false
grafana_grafana__121068,grafana/grafana,121068,64dc9079738263d7dc389f2c7a4276b82b2d6271,2026-03-25T12:47:03+01:00,human,none,Go,98,2,50-149,false,false
grafana_grafana__121114,grafana/grafana,121114,1c16fe3ce747f61bb6bbaa5d9a2931d6614302b8,2026-03-30T13:01:41+02:00,human,none,Go,311,7,150-499,true,true
grafana_grafana__121140,grafana/grafana,121140,5af0baa7dc8deb51229f9ae21ff7876e1f012b3b,2026-03-26T09:39:41-04:00,agent,agent-trailer,Go,21,4,20-49,false,false
grafana_grafana__121215,grafana/grafana,121215,0677cbdc86c0d81c378a2581403ff93cef03e3d0,2026-05-11T13:08:58+01:00,human,none,TypeScript,101,2,50-149,false,false
grafana_grafana__121252,grafana/grafana,121252,c04d750c6f22aae344892f9e8e411942c88247d1,2026-03-27T12:49:54-04:00,human,none,Go,196,2,150-499,false,false
grafana_grafana__121316,grafana/grafana,121316,dcf0a7699659618645b31f26da1167223d46890c,2026-03-30T06:41:05+02:00,agent,agent-trailer,TypeScript,76,36,50-149,false,false
grafana_grafana__121331,grafana/grafana,121331,72a2e3e2fd3b706e8f4409a0a2cfaba90cae11b7,2026-04-14T15:04:31+02:00,agent,agent-trailer,Go,1218,6,500+,false,false
grafana_grafana__121374,grafana/grafana,121374,a031a941d16114c51e260f23c01d4e5a7e0b7228,2026-03-30T14:28:03-05:00,human,none,TypeScript,84,2,50-149,false,false
grafana_grafana__121415,grafana/grafana,121415,e84330a28e25dabcf480c8736097ea2b0c969597,2026-03-30T16:03:19+02:00,agent,agent-trailer,TypeScript,267,2,150-499,false,false
grafana_grafana__121416,grafana/grafana,121416,0c9b3e5988f4639fe0293c36224e5da16a94643a,2026-03-30T11:39:47+01:00,human,none,TypeScript,39,3,20-49,false,false
grafana_grafana__121458,grafana/grafana,121458,8d41e29d61468a7545ba239ca9f547bce3038ab7,2026-04-01T12:32:17+01:00,human,none,TypeScript,298,8,150-499,true,true
grafana_grafana__121476,grafana/grafana,121476,68ca6186ffcb8d71217628d7cc34c8998d635f87,2026-03-30T16:27:00-04:00,human,none,Go,400,8,150-499,true,true
grafana_grafana__121480,grafana/grafana,121480,a347e49561acb8980f6079a655b56473bd7c5d60,2026-03-31T15:22:09-03:00,human,none,YAML,118,2,50-149,false,false
grafana_grafana__121484,grafana/grafana,121484,22835176e6763422486b7e7e3d145e11b38d8007,2026-03-31T12:27:02-04:00,human,none,JSON,401,10,150-499,true,true
grafana_grafana__121571,grafana/grafana,121571,2b0f4305aff9958d69079e1c65423a3f57ce05d3,2026-04-01T14:05:38-05:00,human,none,TypeScript,547,8,500+,false,false
grafana_grafana__121575,grafana/grafana,121575,936baaface58573a32e21e5790d9f7367a444ced,2026-04-08T09:22:07-04:00,agent,agent-trailer,TypeScript,184,5,150-499,false,false
grafana_grafana__121612,grafana/grafana,121612,c0759bdfdc85d3bd5bb512082703735f5b1ce773,2026-03-31T21:51:04-06:00,agent,agent-trailer,Go,33,2,20-49,false,false
grafana_grafana__121646,grafana/grafana,121646,5e51ddbef80b92f6f588695260a8aff960d8f085,2026-04-22T16:01:27-04:00,agent,agent-trailer,TypeScript,1377,18,500+,false,false
grafana_grafana__121747,grafana/grafana,121747,7a665ea899e4cc948cf00db6b9d96aac891fa1fc,2026-04-02T14:33:35+02:00,human,none,Go,109,2,50-149,true,true
grafana_grafana__121760,grafana/grafana,121760,01d131991aaabb32a5ff360555b14f1f1127795d,2026-04-02T17:07:54+02:00,human,none,Shell,394,6,150-499,false,false
grafana_grafana__121768,grafana/grafana,121768,2c087ba7e5e89212ada9692bfbc1b6527e3e910d,2026-04-07T16:52:43+01:00,human,none,JSON,169,5,150-499,false,false
grafana_grafana__121776,grafana/grafana,121776,9fc16fd59ccf5194733d2837b25e4b0d644b750f,2026-04-02T09:19:22-06:00,agent,agent-trailer,Go,68,2,50-149,false,false
grafana_grafana__121870,grafana/grafana,121870,be3b909e4ac9078bc23f6329952ca4c809924cb9,2026-04-06T10:26:50-04:00,agent,agent-trailer,JSON,35,5,20-49,false,false
grafana_grafana__121962,grafana/grafana,121962,74c04d3e8b836b140adf4b8a11872e90d090ee31,2026-04-14T12:31:12-04:00,agent,agent-trailer,Go,770,23,500+,false,false
grafana_grafana__122016,grafana/grafana,122016,79756aaa3ce7e3abc2e3de53e1c3d541bf19c01c,2026-04-07T19:18:49+02:00,agent,agent-trailer,Go,43,1,20-49,false,false
grafana_grafana__122094,grafana/grafana,122094,5f2408b84b815c8c36b805374eacebe565305c4c,2026-04-08T09:38:30+02:00,human,none,Other,98,49,50-149,true,true
grafana_grafana__122219,grafana/grafana,122219,ff3a2463fad5d509da798c74cdf34969190112d6,2026-04-09T13:44:30+03:00,human,none,TypeScript,63,10,50-149,false,false
grafana_grafana__122326,grafana/grafana,122326,2a2140ee32fea932b2f1798d7fce63f3a986153b,2026-04-27T23:20:24+02:00,agent,agent-trailer,TypeScript,2718,77,500+,false,false
grafana_grafana__122361,grafana/grafana,122361,78574dd693b831af730655ab062725f4131b0eb1,2026-04-10T15:01:15-04:00,agent,agent-trailer,JSON,108,4,50-149,false,false
grafana_grafana__122387,grafana/grafana,122387,1fec3fedd1bf6bdfcf89f89bda5b63eed036b1f1,2026-04-13T10:57:24-04:00,human,none,Go,155,6,150-499,false,false
grafana_grafana__122504,grafana/grafana,122504,8d53e286675cbf36aad57a66ae0614586db13302,2026-04-14T15:41:01+07:00,human,none,Go,74,2,50-149,false,false
grafana_grafana__122549,grafana/grafana,122549,f01983060a4f18a05741cec6c2d8878cf75cad21,2026-04-14T20:43:50+02:00,agent,agent-trailer,Go,198,2,150-499,false,false
grafana_grafana__122556,grafana/grafana,122556,2e264b8f24827df81831b85b40a123c371c42331,2026-07-02T00:15:59+07:00,agent,agent-trailer,Go,49,2,20-49,false,false
grafana_grafana__122658,grafana/grafana,122658,d27702e55edb5d3015a48804bcb43e04fe8dadbb,2026-04-16T15:58:24+02:00,agent,agent-trailer,TypeScript,46,2,20-49,false,false
grafana_grafana__122666,grafana/grafana,122666,4b8e636e17ce65806d41cbbe8b858ef44ad4a7fe,2026-04-15T16:34:50+02:00,agent,agent-trailer,Go,124,4,50-149,false,false
grafana_grafana__122677,grafana/grafana,122677,7ad780ebc9920fb46924a309af6959376033e968,2026-04-16T08:55:30+02:00,agent,agent-trailer,Go,994,5,500+,false,false
grafana_grafana__122719,grafana/grafana,122719,7fb2ad71350f816cbef64a2aeba03e1590301147,2026-04-16T10:40:46+02:00,agent,agent-trailer,Go,335,3,150-499,false,false
grafana_grafana__122751,grafana/grafana,122751,e375a40a0fbff9bd882ed9cd7854e5e44df35a8b,2026-04-28T13:45:35-06:00,agent,agent-trailer,Go,1965,46,500+,false,false
grafana_grafana__122797,grafana/grafana,122797,ca8051a8060c4ff5dce657c03e8038331201cc13,2026-04-23T15:35:20+02:00,agent,agent-trailer,Go,759,19,500+,false,false
grafana_grafana__122826,grafana/grafana,122826,c7319da1121be0046234bac323bb7c19736cd85d,2026-06-11T09:54:02+02:00,agent,agent-trailer,TypeScript,464,29,150-499,false,false
grafana_grafana__122865,grafana/grafana,122865,86e540d8cff59a2d7215a79cd3309ace031d45ad,2026-04-16T22:10:49+02:00,human,none,Go,559,13,500+,false,false
grafana_grafana__122873,grafana/grafana,122873,18be37d8a09ee089c506f067d12d44cae43ebba9,2026-04-17T13:58:27-06:00,agent,agent-trailer,Go,178,15,150-499,false,false
grafana_grafana__122898,grafana/grafana,122898,299624471abbd72b8c4d27eae89420defb99cfc0,2026-04-17T14:37:33+02:00,human,none,TypeScript,70,2,50-149,false,false
grafana_grafana__122919,grafana/grafana,122919,23c3aae66e3b69d694b9e83773f91776c67fabea,2026-04-20T06:07:11+02:00,human,none,TypeScript,46,17,20-49,false,false
grafana_grafana__123076,grafana/grafana,123076,573c82cf031c4e44eacc572669d15d1b4ad9e3f7,2026-04-27T13:47:21-06:00,agent,agent-trailer,Go,207,4,150-499,false,false
grafana_grafana__123151,grafana/grafana,123151,c4f195849d548b9c181e3ee5f6dcd5f42b93a2e7,2026-04-23T14:32:35+02:00,agent,agent-trailer,Go,455,5,150-499,false,false
grafana_grafana__123166,grafana/grafana,123166,63a8a027e852c7190a75b89e66e24895269363bd,2026-04-29T10:42:58+02:00,agent,agent-trailer,Go,205,12,150-499,false,false
grafana_grafana__123173,grafana/grafana,123173,86b7f5d86a9755996f712b56f6775689967dea8a,2026-04-22T15:44:37-04:00,agent,agent-trailer,Go,802,25,500+,false,false
grafana_grafana__123336,grafana/grafana,123336,fdf13a41ec66b8507c4e5f65d8b67395bdc46887,2026-04-23T12:10:56+02:00,agent,agent-trailer,Go,33,6,20-49,false,false
grafana_grafana__123361,grafana/grafana,123361,ed8f4bffefc9d8836897e071c8a29e1486e10424,2026-04-24T10:54:16+02:00,agent,agent-trailer,Go,59,1,50-149,false,false
grafana_grafana__123362,grafana/grafana,123362,ba907a59b95cf8afa0f2e5843da9226cb7cc2345,2026-04-24T10:50:27+02:00,agent,agent-trailer,Go,29,1,20-49,false,false
grafana_grafana__123373,grafana/grafana,123373,e776b7747281f1cd7fb3332299d832eed2fa94d6,2026-04-23T16:04:03+02:00,agent,agent-trailer,Go,20,1,20-49,false,false
grafana_grafana__123382,grafana/grafana,123382,008cb10b569090970ff9548862ea40897807e6d8,2026-04-23T16:10:06+02:00,agent,agent-trailer,Go,32,1,20-49,false,false
grafana_grafana__123390,grafana/grafana,123390,541eb02a6ead36e4122a13a7e2a43d5da307ea38,2026-04-24T16:46:26+02:00,human,none,JSON,516,6,500+,false,false
grafana_grafana__123430,grafana/grafana,123430,28e552ea12cd655cb765ef08622c7dcf1c158c59,2026-04-24T08:44:01-06:00,agent,agent-trailer,Go,289,8,150-499,false,false
grafana_grafana__123433,grafana/grafana,123433,e2de40b6c10faaeb10aa72433dedcb07bdeea694,2026-04-24T16:34:07-05:00,human,none,TypeScript,80,1,50-149,true,true
grafana_grafana__123457,grafana/grafana,123457,27e5beb88c3beb99b9cd2399d8861cb620e61323,2026-04-24T03:13:33-06:00,agent,agent-trailer,Go,283,20,150-499,false,false
grafana_grafana__123492,grafana/grafana,123492,ecddbf01c9b57ba811dcf165efc81350635af966,2026-05-04T08:29:45+02:00,agent,agent-trailer,TypeScript,51,4,50-149,false,false
grafana_grafana__123497,grafana/grafana,123497,9ab6c3c467000c96a231240caf70a661094d0b09,2026-04-24T17:07:31+02:00,agent,agent-trailer,Go,181,4,150-499,false,false
grafana_grafana__123498,grafana/grafana,123498,48dec119efdb997f9507482a254571160ac90457,2026-05-05T14:10:10+02:00,agent,agent-trailer,Go,572,3,500+,false,false
grafana_grafana__123568,grafana/grafana,123568,f87501d872715ae358914f011457b7bf792c1a02,2026-04-30T15:39:39-04:00,agent,agent-trailer,TypeScript,1074,6,500+,false,false
grafana_grafana__123613,grafana/grafana,123613,bd71d665de3a4149d3cc93ebc65e7eb422d51098,2026-05-06T12:55:59+02:00,agent,agent-trailer,Go,434,10,150-499,false,false
grafana_grafana__123675,grafana/grafana,123675,64309ce70ecdf63630ccac71a3dd14e4afda8cf0,2026-04-29T18:29:25+03:00,agent,agent-trailer,TypeScript,284,6,150-499,false,false
grafana_grafana__123709,grafana/grafana,123709,fefb9483f3c0bc1c8c2480598a6ff3fc979cc4d7,2026-04-28T17:00:14+02:00,agent,agent-trailer,Go,223,7,150-499,false,false
grafana_grafana__123793,grafana/grafana,123793,7c62aaa7eeaeb9b7e6dd1c8b52d83a9deb695665,2026-05-12T21:08:36+02:00,agent,agent-trailer,Go,344,11,150-499,false,false
grafana_grafana__123797,grafana/grafana,123797,84a727b1f0c7c128339a0b952e409d68b1f5ae6b,2026-04-30T13:38:28+02:00,agent,agent-trailer,Go,1098,10,500+,false,false
grafana_grafana__123799,grafana/grafana,123799,cbf66eccf903d6d70428219d7639accab8cca228,2026-05-13T15:16:24+02:00,human,none,Go,413,1,150-499,false,false
grafana_grafana__123849,grafana/grafana,123849,3c43b7228e996f8b6d8c6f1546eca4d7075a7116,2026-05-06T11:58:50+01:00,human,none,YAML,38,2,20-49,false,false
grafana_grafana__123872,grafana/grafana,123872,a97fb81dcef55e3372ad2db0d0a2c7513d2c21d8,2026-04-30T15:05:01+02:00,agent,agent-trailer,Go,54,2,50-149,false,false
grafana_grafana__123873,grafana/grafana,123873,b3784aac27c0b280c35d9f08841bfc2c8c482d98,2026-04-30T14:20:18+02:00,agent,agent-trailer,Go,50,2,50-149,false,false
grafana_grafana__123968,grafana/grafana,123968,01e174c10d43fdd4c7e721118fe880c93d120d7a,2026-05-06T12:37:33-04:00,agent,agent-trailer,TypeScript,301,5,150-499,false,false
grafana_grafana__123986,grafana/grafana,123986,914db0ba0b5ed6f54bbf9224c4576be908c5acd8,2026-05-05T09:01:09-04:00,agent,agent-trailer,TypeScript,313,8,150-499,false,false
grafana_grafana__124046,grafana/grafana,124046,cb51b1d751af4f4dc60fe143290cf8f0bdd9782b,2026-05-04T15:48:00+02:00,agent,agent-trailer,Go,52,1,50-149,false,false
grafana_grafana__124048,grafana/grafana,124048,1d45fa80f8cfb8a381ee5ba251ac8ca16c2c6d20,2026-05-05T10:37:08+02:00,agent,agent-trailer,Go,29,2,20-49,false,false
grafana_grafana__124054,grafana/grafana,124054,6c141137aa9fbe9c3e6ba22dd966e8f47002eaf9,2026-05-15T03:17:28-07:00,agent,agent-trailer,TypeScript,305,3,150-499,false,false
grafana_grafana__124098,grafana/grafana,124098,be9eb3b739b54fc29370143e0aa2dc0f84c22120,2026-05-05T10:24:06+01:00,human,none,YAML,28,2,20-49,false,false
grafana_grafana__124104,grafana/grafana,124104,4219853d239a5dd36ab1c076fedf29ca746febfe,2026-05-26T11:03:39+03:00,agent,agent-trailer,JSON,4582,21,500+,false,false
grafana_grafana__124151,grafana/grafana,124151,1a416ef1a8724349c2c16b37f64bcf194a3d9b68,2026-05-05T18:01:51-04:00,agent,agent-trailer,Go,594,17,500+,false,false
grafana_grafana__124157,grafana/grafana,124157,ec1b9cb6ae92c6f64315b08850444c78a1ff6cb2,2026-05-05T14:11:57-03:00,agent,agent-trailer,Go,20,1,20-49,false,false
grafana_grafana__124162,grafana/grafana,124162,bd7dd42744aaed86a2b2a58db11be120a38efcda,2026-05-12T08:22:36-04:00,agent,agent-trailer,Go,942,22,500+,false,false
grafana_grafana__124176,grafana/grafana,124176,d56ef3de679cae7973127df3f5f21b8543cebe19,2026-05-06T10:55:29-04:00,human,none,Go,1876,10,500+,true,true
grafana_grafana__124390,grafana/grafana,124390,7557a12e6673c86ba9c7b2e6e9b48e55480fe7fb,2026-05-08T07:15:50+02:00,agent,agent-trailer,TypeScript,20,3,20-49,true,false
grafana_grafana__124411,grafana/grafana,124411,830b3e620d76bd515ba1eac30795c121c67e6bc2,2026-05-12T15:52:01-03:00,agent,agent-trailer,Go,102,2,50-149,false,false
grafana_grafana__124568,grafana/grafana,124568,b7ff6544429d5fe569a8a20d49f22662daa665fd,2026-05-12T13:11:17+02:00,agent,agent-trailer,Go,2754,19,500+,false,false
grafana_grafana__124593,grafana/grafana,124593,bff06fb676982009700da8f1557d0eef67ef1f79,2026-05-12T09:40:11+02:00,agent,agent-trailer,Go,27,2,20-49,false,false
grafana_grafana__124601,grafana/grafana,124601,e702a5fc16e9f3ae6901aff0758e98df5b429ea8,2026-05-12T10:29:36+02:00,agent,agent-trailer,TypeScript,24,2,20-49,false,false
grafana_grafana__124725,grafana/grafana,124725,0dd36d1cd99679a6e1440fc6c9e6d4b931d7c012,2026-05-13T02:12:08-07:00,agent,agent-trailer,TypeScript,41,5,20-49,false,false
grafana_grafana__124727,grafana/grafana,124727,b0e283c47253460f2aa5152a53aaf6039820b3ad,2026-05-14T08:36:06-04:00,agent,agent-trailer,TypeScript,195,10,150-499,false,false
grafana_grafana__124842,grafana/grafana,124842,2f3d4a657ad1238322208c7372014d90a984276e,2026-05-22T11:14:03-06:00,agent,agent-trailer,Go,194,13,150-499,false,false
grafana_grafana__124947,grafana/grafana,124947,6a3dd24edde622e5e801454c80781eb9104878f8,2026-05-27T10:52:14+01:00,human,none,TypeScript,27,3,20-49,false,false
grafana_grafana__125045,grafana/grafana,125045,bdfb79b0f7c79ccbf73e7a23a7c1f0fb559dba6a,2026-06-17T18:04:50+03:00,human,none,TypeScript,65,6,50-149,true,true
grafana_grafana__125284,grafana/grafana,125284,98d5c8f44864c4251428b60a4a9fa5c361519aee,2026-05-26T10:03:27+02:00,agent,agent-trailer,Go,1156,24,500+,false,false
grafana_grafana__125299,grafana/grafana,125299,a4886510c38661d6c179a8f424943e6e2c12fb34,2026-05-29T10:58:02-04:00,human,none,JSON,80,5,50-149,false,false
grafana_grafana__125303,grafana/grafana,125303,191d65e1bc3be6dbc3b18400846af33a91e3f260,2026-05-28T13:58:57-04:00,agent,agent-trailer,TypeScript,167,9,150-499,false,false
grafana_grafana__125316,grafana/grafana,125316,1ad510dad36b0e6c645f9353001b1a6923df13c5,2026-05-22T13:20:07+02:00,agent,agent-trailer,TypeScript,304,20,150-499,false,false
grafana_grafana__125319,grafana/grafana,125319,7a386b9f0a1167c7c7e74208e7fad8fc7fddc5d6,2026-06-11T10:42:25+02:00,agent,agent-trailer,JavaScript,552,9,500+,false,false
grafana_grafana__125323,grafana/grafana,125323,d735489366282a2c6cf8b72692fa5ac4eaf2af25,2026-05-26T11:43:41+02:00,human,none,TypeScript,179,3,150-499,true,true
grafana_grafana__125416,grafana/grafana,125416,9b0ebf9d516ece127923580309460a3da7010630,2026-05-28T08:07:00+03:00,human,none,TypeScript,444,3,150-499,false,false
grafana_grafana__125434,grafana/grafana,125434,51a459e8ee0db213a7048f405d00e29b63f8fc10,2026-05-26T16:59:19+02:00,agent,agent-trailer,Go,111,3,50-149,false,false
grafana_grafana__125549,grafana/grafana,125549,13ee7c149d60888a68a1028aa75991828a76918f,2026-05-27T22:24:59+02:00,agent,agent-trailer,Go,121,2,50-149,false,false
grafana_grafana__125618,grafana/grafana,125618,4182b8b67bbbbbfd77bf4b578a39bc62e2ed3e3b,2026-05-29T15:08:02+01:00,human,none,TypeScript,314,24,150-499,false,false
grafana_grafana__125780,grafana/grafana,125780,646053df9e9d2d43304c1c93327daf3fa25f7258,2026-06-02T08:43:09-06:00,agent,agent-trailer,Go,45,2,20-49,false,false
grafana_grafana__125809,grafana/grafana,125809,bd7b7997d77ac6666c298815d59235eafbbe66ee,2026-06-08T10:05:24+02:00,agent,agent-trailer,Go,92,9,50-149,false,false
grafana_grafana__125811,grafana/grafana,125811,4dfbb9b529b2d32784b5aaf5e93e9996dd59bb7d,2026-06-16T12:06:38+02:00,agent,agent-trailer,TypeScript,772,14,500+,false,false
grafana_grafana__125813,grafana/grafana,125813,244a7b72e5708d5df8b31ffa94eae1737add8081,2026-06-09T09:22:59+02:00,agent,agent-trailer,TypeScript,150,8,150-499,false,false
grafana_grafana__125816,grafana/grafana,125816,9a527663beffddaaaef54b071cfdbb939f11bf02,2026-06-22T13:27:34+02:00,agent,agent-trailer,TypeScript,2016,18,500+,false,false
grafana_grafana__125848,grafana/grafana,125848,56e9f86164e5a35073025e2d13108cc5ca0dcf72,2026-06-04T06:36:37+02:00,human,none,Other,102,51,50-149,true,true
grafana_grafana__125902,grafana/grafana,125902,b1e4f094df5f76f7a219dee104c578f0f8ccbff8,2026-06-23T14:31:03+02:00,agent,agent-trailer,TypeScript,32,3,20-49,false,false
grafana_grafana__125912,grafana/grafana,125912,ec7573dfbabd5d8cc4cc31bf630f90e51dd729c4,2026-06-16T14:28:54+02:00,agent,agent-trailer,TypeScript,642,11,500+,false,false
grafana_grafana__125926,grafana/grafana,125926,c6c7f9ab90466bd55df88e27cbd217e84424c5a7,2026-06-08T09:03:51-06:00,agent,agent-trailer,Go,86,2,50-149,false,false
grafana_grafana__125927,grafana/grafana,125927,b005fb3c2a7ab54d06428aae511035f65683baae,2026-06-09T12:28:00-06:00,agent,agent-trailer,Go,144,6,50-149,false,false
grafana_grafana__125954,grafana/grafana,125954,2d08cc7a8940d023470f843301f09eaa7da59ed8,2026-06-09T15:28:29+02:00,agent,agent-trailer,TypeScript,73,2,50-149,false,false
grafana_grafana__125972,grafana/grafana,125972,0545ce60fcdb95d5f51e2063bf8e5e2f7b12ad68,2026-06-09T16:55:52+02:00,agent,agent-trailer,JSON,33,9,20-49,false,false
grafana_grafana__125986,grafana/grafana,125986,0dfdd30ca9d366e9ed0487ff6cf5d08796375f15,2026-06-09T08:37:58+02:00,agent,agent-trailer,JSON,57,6,50-149,false,false
grafana_grafana__126019,grafana/grafana,126019,1eb9978b3c563e059e523155772cfc3240595988,2026-06-22T16:32:53-04:00,human,none,TypeScript,729,4,500+,false,false
grafana_grafana__126042,grafana/grafana,126042,00de130517732ec99c6e659099be138271ebe2c7,2026-06-11T17:47:43+02:00,agent,agent-trailer,Go,234,7,150-499,false,false
grafana_grafana__126065,grafana/grafana,126065,30bd8ee366c9d390d6f8a58cf04071969b6e7da4,2026-06-09T16:43:06+02:00,human,none,Go,123,3,50-149,true,true
grafana_grafana__126086,grafana/grafana,126086,a67a764fe55c8fa11ecce64510b1519e4edcd8de,2026-06-10T09:47:31+02:00,human,none,Go,250,6,150-499,false,false
grafana_grafana__126104,grafana/grafana,126104,508a433fc19136348d44e5e1dae2277be1ac7e5b,2026-06-17T09:56:41-04:00,agent,agent-trailer,TypeScript,32,4,20-49,false,false
grafana_grafana__126109,grafana/grafana,126109,06cdc26fe1dd35585ff6e97fba43bd4deb16a634,2026-06-12T09:55:13-04:00,agent,agent-trailer,TypeScript,111,1,50-149,false,false
grafana_grafana__126110,grafana/grafana,126110,0cb10419584a760837eb6e09718edc6cd9ec55d9,2026-06-12T11:36:53-04:00,agent,agent-trailer,TypeScript,152,1,150-499,false,false
grafana_grafana__126116,grafana/grafana,126116,d4f2ee742b336ba3d550e5d84a273312fc8ca575,2026-06-10T02:06:30-06:00,agent,agent-trailer,Go,146,2,50-149,false,false
grafana_grafana__126122,grafana/grafana,126122,392a9a5645f89cb55ac3c98c64dcdccdbae13b55,2026-06-10T11:16:37-06:00,agent,agent-trailer,Go,33,1,20-49,false,false
grafana_grafana__126126,grafana/grafana,126126,1815b9188091e5e7bfca93bfb16389b489a2e420,2026-06-10T11:17:21-06:00,agent,agent-trailer,Go,104,4,50-149,false,false
grafana_grafana__126145,grafana/grafana,126145,a53560aa4e3efe8c2bb880819bf72a7dab34e2e8,2026-06-10T16:31:27+02:00,agent,agent-trailer,Go,285,3,150-499,false,false
grafana_grafana__126197,grafana/grafana,126197,12cfe042c76f10c500b3fe067b5ee3b80300860e,2026-06-19T06:00:48-06:00,agent,agent-trailer,Go,184,4,150-499,false,false
grafana_grafana__126198,grafana/grafana,126198,9e521c191199f103784b91792740d3101ddba977,2026-06-19T08:03:59-05:00,agent,agent-trailer,JSON,3238,22,500+,true,false
grafana_grafana__126261,grafana/grafana,126261,de50cfa9bfc523b7914492df0e7db2af91b029c2,2026-06-17T17:44:20+01:00,agent,agent-trailer,TypeScript,81,3,50-149,false,false
grafana_grafana__126264,grafana/grafana,126264,be2af55a4faa77eb3dea5975175c788cada04ccb,2026-06-12T08:26:16+02:00,agent,agent-trailer,TypeScript,119,4,50-149,false,false
grafana_grafana__126276,grafana/grafana,126276,6609391d527f445d77c70b3f9fda5169e0bfb9ad,2026-06-12T15:10:00+02:00,agent,agent-trailer,TypeScript,180,8,150-499,false,false
grafana_grafana__126307,grafana/grafana,126307,7b769aad2e5b98085586d8119be6961b8db98e3f,2026-06-22T04:05:42-04:00,agent,agent-trailer,Go,210,5,150-499,false,false
grafana_grafana__126380,grafana/grafana,126380,367531142903d39ea3ad7ff5daf270e0224af919,2026-06-17T08:56:58+02:00,agent,agent-trailer,TypeScript,354,3,150-499,false,false
grafana_grafana__126383,grafana/grafana,126383,9ffc45f869d4414aef2788c2125d64ed27236fc8,2026-06-18T09:32:52+02:00,agent,agent-trailer,Go,215,3,150-499,false,false
grafana_grafana__126390,grafana/grafana,126390,62a0694df7dd1035985af8e7ff21415514dff03f,2026-06-17T08:03:16+02:00,agent,agent-trailer,TypeScript,208,8,150-499,false,false
grafana_grafana__126404,grafana/grafana,126404,fa94c0b04db95df6ccc885eaefede74f1f7a58f3,2026-06-17T08:35:51+02:00,agent,agent-trailer,TypeScript,46,4,20-49,false,false
grafana_grafana__126416,grafana/grafana,126416,7dd9dd580d82fce245a34aa204d998f1971e5022,2026-06-12T18:20:09+02:00,agent,agent-trailer,TypeScript,59,9,50-149,false,false
grafana_grafana__126566,grafana/grafana,126566,751fbf82e361f9e87ff8b1bafc714092acf0d968,2026-06-18T10:55:23+02:00,agent,agent-trailer,Go,504,7,500+,false,false
grafana_grafana__126571,grafana/grafana,126571,3ecad78905269828480befcadd18ec3cfc898cde,2026-07-13T14:35:58-04:00,agent,agent-trailer,TypeScript,40,2,20-49,false,false
grafana_grafana__126642,grafana/grafana,126642,06b4c495ee1feac50b1de196176ec0a8897863a3,2026-06-24T09:06:53+02:00,agent,agent-trailer,TypeScript,337,6,150-499,false,false
grafana_grafana__126655,grafana/grafana,126655,31a111018fa558d9613165e4c839fb7ac60fdea6,2026-06-19T08:25:15+02:00,agent,agent-trailer,Go,157,4,150-499,false,false
grafana_grafana__126739,grafana/grafana,126739,d031b540a818349c3b36e5bc29fa75c634557847,2026-06-22T15:48:52+02:00,agent,agent-trailer,Go,235,8,150-499,false,false
grafana_grafana__126781,grafana/grafana,126781,355df5012b824b3e03073d6ef0290921f8c741f1,2026-06-18T20:13:00+02:00,agent,agent-trailer,Go,59,1,50-149,false,false
grafana_grafana__126927,grafana/grafana,126927,2ed348a44b8d96b1e895a8c0e9de48d461ef6efe,2026-06-25T19:06:26+02:00,agent,agent-trailer,JSON,469040,350,500+,false,false
grafana_grafana__126935,grafana/grafana,126935,84cc0ba2316bbf2baf61595176c85102fa1de145,2026-06-22T13:09:56+02:00,agent,agent-trailer,Go,386,17,150-499,false,false
grafana_grafana__126943,grafana/grafana,126943,d960f43bfcd2d715e71e4ce32baeb366d9cb5685,2026-06-23T13:23:36+02:00,agent,agent-trailer,TypeScript,188,3,150-499,false,false
grafana_grafana__126949,grafana/grafana,126949,07aba4d7498dd18bc80efdad5ba9dd70ed9a903e,2026-06-22T13:48:47+02:00,agent,agent-trailer,Go,103,3,50-149,false,false
grafana_grafana__126976,grafana/grafana,126976,752af31d2624e415e2c9ee11344ff73436d4876a,2026-06-22T12:00:03-06:00,human,none,Go,79,4,50-149,false,false
grafana_grafana__126992,grafana/grafana,126992,6ac12de7fd90ee121343854bbe6ad8ab9fffda62,2026-06-25T09:03:47-07:00,agent,agent-trailer,TypeScript,8035,58,500+,false,false
grafana_grafana__127029,grafana/grafana,127029,324c1759e01cb38f4db426cc58232b37af3a8d21,2026-06-25T09:19:33+01:00,human,none,TypeScript,2411,43,500+,false,false
grafana_grafana__127047,grafana/grafana,127047,bd9b82d11abae3341b00be77d42ab43b49681ea1,2026-06-23T14:26:44+02:00,human,none,YAML,44,1,20-49,false,false
grafana_grafana__127091,grafana/grafana,127091,7b0bfe5914855ca1a38e956959f4d311925c1859,2026-06-24T16:06:49+02:00,human,none,TypeScript,515,7,500+,false,false
grafana_grafana__127107,grafana/grafana,127107,30b262c20aadcfdc4055f135bd74a1044f5cc752,2026-06-25T11:05:41-04:00,agent,agent-trailer,JSON,137,5,50-149,false,false
grafana_grafana__127123,grafana/grafana,127123,86e169f4a539cae4444ef40b9f837f14dc912697,2026-06-30T18:40:46-07:00,agent,agent-trailer,TypeScript,86,4,50-149,false,false
grafana_grafana__127128,grafana/grafana,127128,068c718c456dc40e92ffbbb11da1ebf9ccf48a57,2026-06-25T16:06:53+02:00,agent,agent-trailer,TypeScript,1329,23,500+,false,false
grafana_grafana__127157,grafana/grafana,127157,646446baa5e601226f7597f491667e1ad92ca140,2026-06-26T10:54:56+01:00,human,none,Go,110,2,50-149,false,false
grafana_grafana__127207,grafana/grafana,127207,5e1fb79f43bb99db3af9ed49905cae38f2d35466,2026-06-26T05:49:47-04:00,agent,agent-trailer,Go,123,3,50-149,false,false
grafana_grafana__127227,grafana/grafana,127227,63c2cd47e1d3b9546256c46a87de2ca3b1068732,2026-06-25T15:46:46+02:00,agent,agent-trailer,JSON,83,6,50-149,false,false
grafana_grafana__127231,grafana/grafana,127231,69c911e43f47b71db0e39c010ce97a610f7ad25b,2026-06-25T12:34:08+02:00,agent,agent-trailer,Go,252,11,150-499,false,false
grafana_grafana__127275,grafana/grafana,127275,273c94ec5f7666566d268d543dc7479e55ad13a0,2026-06-26T08:27:14-04:00,agent,agent-trailer,TypeScript,54,4,50-149,false,false
grafana_grafana__127318,grafana/grafana,127318,78e63f1040f81a026d6340315ed6d79c65784f47,2026-06-29T12:39:50+02:00,agent,agent-trailer,TypeScript,1556,19,500+,false,false
grafana_grafana__127329,grafana/grafana,127329,9404372cd41eb387c3ba2ba3daa17ae25424d88b,2026-07-08T11:19:35-04:00,agent,agent-trailer,TypeScript,102,1,50-149,false,false
grafana_grafana__127349,grafana/grafana,127349,232327d55ab81ed9bb428656a3dd652c9c7b7440,2026-06-30T18:41:34-07:00,agent,agent-trailer,JSON,52,5,50-149,false,false
grafana_grafana__127357,grafana/grafana,127357,5f4a284544b2db7e23b1e7a081d03761e1f108ed,2026-06-26T16:34:34-05:00,agent,agent-trailer,Go,269,2,150-499,false,false
grafana_grafana__127455,grafana/grafana,127455,0adfec05289ea611cbbcfc9b5e57acd94a65230d,2026-06-29T18:24:13+02:00,agent,agent-trailer,Go,490,14,150-499,false,false
grafana_grafana__127479,grafana/grafana,127479,d641a71d8d8f8fd43598e3b30cfee1131e76d732,2026-07-15T16:37:53-04:00,human,none,Go,3349,25,500+,false,false
grafana_grafana__127523,grafana/grafana,127523,a49fd689909bd6e0b0927f7ee5545da76ff47950,2026-06-30T10:30:25+02:00,agent,agent-trailer,Go,26,3,20-49,false,false
grafana_grafana__127544,grafana/grafana,127544,aca7e854bceb368a70bd53e58e439e3884788611,2026-06-30T13:40:05+02:00,agent,agent-trailer,Go,398,15,150-499,false,false
grafana_grafana__127583,grafana/grafana,127583,b9ec9249b1735c462df4408f90bc7e22adcb4702,2026-07-01T09:03:01-05:00,human,none,Go,137,2,50-149,false,false
grafana_grafana__127641,grafana/grafana,127641,7bfcee17163714687708365611db550c9a90185b,2026-07-01T14:40:15+02:00,agent,agent-trailer,Go,159,10,150-499,false,false
grafana_grafana__127650,grafana/grafana,127650,0240aff5e52734ecb76b76292a908b62995fd75e,2026-07-01T16:01:50+02:00,human,none,Go,320,2,150-499,false,false
grafana_grafana__127651,grafana/grafana,127651,d0351ff82b15dc292a176bc85d075aab987ccea0,2026-07-01T15:56:27+02:00,human,none,Go,388,12,150-499,false,false
grafana_grafana__127686,grafana/grafana,127686,545da492b8564de912b00f302dd2652f51802f2c,2026-07-09T11:16:36+01:00,human,none,Shell,240,5,150-499,false,false
grafana_grafana__127690,grafana/grafana,127690,5ebe4803041ca9b81ac8c331f6e5ec58d393c7a3,2026-07-01T19:12:30+02:00,agent,agent-trailer,Go,86,2,50-149,false,false
grafana_grafana__127698,grafana/grafana,127698,e473e30a810186718598014e887d98687b5b6911,2026-07-09T02:41:43-04:00,agent,agent-trailer,Go,375,13,150-499,false,false
grafana_grafana__127702,grafana/grafana,127702,04ca0317bca1f7f407632fb511ff67e4f17e547b,2026-07-01T16:49:56-04:00,agent,agent-trailer,TypeScript,318,1,150-499,false,false
grafana_grafana__127762,grafana/grafana,127762,d46296b509f953b6537eaaf2002011cce42c5e82,2026-07-28T11:16:08-03:00,agent,agent-trailer,Go,530,17,500+,false,false
grafana_grafana__127763,grafana/grafana,127763,f7515aa9743d1e8156a521b0b2918d5c114f7c1e,2026-07-02T16:58:17+02:00,agent,agent-trailer,Go,37,1,20-49,false,false
grafana_grafana__127773,grafana/grafana,127773,456247ae1c84f095af74acfec41d40e849c6c485,2026-07-17T15:20:22+02:00,agent,agent-trailer,TypeScript,531,5,500+,false,false
grafana_grafana__127778,grafana/grafana,127778,8c895d6b58c16d061b85338971a64a7b228baaea,2026-07-02T18:00:37+02:00,agent,agent-trailer,Go,45,1,20-49,false,false
grafana_grafana__127821,grafana/grafana,127821,410bf0643c1fee7f4bd24ea9f14285bf69e7ed3b,2026-07-14T08:20:17-06:00,agent,agent-trailer,TypeScript,2123,24,500+,false,false
grafana_grafana__127871,grafana/grafana,127871,ed9dd41c564b0177e6d08841fc4855b6488597c0,2026-07-03T16:35:58+02:00,agent,agent-trailer,JSON,39,5,20-49,false,false
grafana_grafana__127878,grafana/grafana,127878,439720e90268090959923fde2e02ffd6e2e15abf,2026-07-09T16:37:05+02:00,agent,agent-trailer,Go,505,16,500+,false,false
grafana_grafana__127925,grafana/grafana,127925,6867fba3ba948315e386215175b0c0b41811be81,2026-07-08T17:29:52+02:00,agent,agent-trailer,TypeScript,103,6,50-149,false,false
grafana_grafana__127927,grafana/grafana,127927,5e334d42f6434122fd434f6780db48370099935c,2026-07-07T12:13:29+02:00,agent,agent-trailer,Go,71,2,50-149,false,false
grafana_grafana__127936,grafana/grafana,127936,4ad4cf304f93d46aaa8dc762d9e143319d0f421e,2026-07-08T16:41:55+02:00,agent,agent-trailer,TypeScript,76,2,50-149,false,false
grafana_grafana__127963,grafana/grafana,127963,743b203baac2fa32c9a70ce568ebf5f3590d78d7,2026-07-08T09:56:07-04:00,agent,agent-trailer,Go,20,6,20-49,false,false
grafana_grafana__127972,grafana/grafana,127972,dce0c88f8c67255e86de0c915010a3e2504b4f1c,2026-07-20T06:19:45-04:00,agent,agent-trailer,TypeScript,204,13,150-499,false,false
grafana_grafana__128042,grafana/grafana,128042,117387903dba2c72060702e1555ec9765c45e025,2026-07-10T06:42:00+02:00,agent,agent-trailer,TypeScript,163,3,150-499,false,false
grafana_grafana__128068,grafana/grafana,128068,a84d7fac5a245e8cdac65d29dae58b45ce5de285,2026-07-10T03:54:01-04:00,agent,agent-trailer,Go,431,3,150-499,false,false
grafana_grafana__128100,grafana/grafana,128100,aced94b09dc1cd363983067eb7d956e6dfeca275,2026-07-10T09:32:44+02:00,agent,agent-trailer,Go,577,16,500+,false,false
grafana_grafana__128114,grafana/grafana,128114,b42e253bcb5fa820590307d0f1581b98e4d91b7d,2026-07-10T07:43:55+00:00,agent,agent-trailer,Go,149,4,50-149,false,false
grafana_grafana__128152,grafana/grafana,128152,67857d7f588fe02549ec8e386f47dc5698a76ff9,2026-07-23T11:00:26-04:00,agent,agent-trailer,Go,6009,21,500+,false,false
grafana_grafana__128181,grafana/grafana,128181,feaef35fdbdd04abc4b41e5fbfccac674a55e7c7,2026-07-10T10:19:34+01:00,agent,bot-author,JSON,49,6,20-49,false,false
grafana_grafana__128195,grafana/grafana,128195,42119b9bd4324755ce190bc736bb505d724be65b,2026-07-10T15:14:48+02:00,agent,agent-trailer,TypeScript,39,2,20-49,false,false
grafana_grafana__128350,grafana/grafana,128350,6eaf4b7e90c32533bc5cb8e5d9335895995db531,2026-07-14T11:40:11+01:00,agent,bot-author,TypeScript,56,6,50-149,false,false
grafana_grafana__128353,grafana/grafana,128353,63a9bf2675429ddadbf50490edeea1973516c7e3,2026-07-14T10:25:51+02:00,agent,agent-trailer,Go,94,9,50-149,false,false
grafana_grafana__128429,grafana/grafana,128429,ad2af3a9f49af432a2df2a38d263b1fffb139dfc,2026-07-20T12:24:00-04:00,agent,agent-trailer,TypeScript,489,5,150-499,false,false
grafana_grafana__128451,grafana/grafana,128451,55f1184b4dbd2c79770f319aac801888ebab0fe7,2026-07-28T16:21:59+03:00,agent,agent-trailer,TypeScript,833,8,500+,false,false
grafana_grafana__128461,grafana/grafana,128461,1e1404ad2989da87912bc3645f9ccba67fe04f14,2026-07-15T12:04:17+02:00,agent,agent-trailer,TypeScript,42,2,20-49,false,false
grafana_grafana__128465,grafana/grafana,128465,4a6f0827077c19fd1005296d4ecf215544dfc9fc,2026-07-15T12:57:42+02:00,human,none,TypeScript,31,4,20-49,true,true
grafana_grafana__128478,grafana/grafana,128478,784f2c444dda8bedfe35336a7d11cdc8e61ec517,2026-07-17T13:40:52+01:00,human,none,Go,388,5,150-499,false,false
grafana_grafana__128501,grafana/grafana,128501,106b27e6e855a6e7715054e155eaed7aed5ab936,2026-07-28T15:16:44+03:00,agent,agent-trailer,Go,190,40,150-499,false,false
grafana_grafana__128523,grafana/grafana,128523,88211d59ca61e3473406c357dcceeb990972a259,2026-07-15T13:09:49-04:00,agent,agent-trailer,Go,20,2,20-49,false,false
grafana_grafana__128527,grafana/grafana,128527,b721d1de00d6adca38df3d5940a3436c1efa86a6,2026-07-20T09:10:00-04:00,agent,agent-trailer,TypeScript,142,5,50-149,false,false
grafana_grafana__128549,grafana/grafana,128549,29427fb4830232adf1312a8054212b583e4483f8,2026-07-21T09:30:41-04:00,agent,agent-trailer,Go,198,4,150-499,false,false
grafana_grafana__128628,grafana/grafana,128628,6290e4bc88528adc12c46b8d1bff25b41dc8b06e,2026-07-22T09:06:40-04:00,agent,agent-trailer,Go,568,7,500+,false,false
grafana_grafana__128651,grafana/grafana,128651,cc44cf925ca7636fd646278349e625e0991cef5c,2026-07-21T07:28:58-06:00,agent,agent-trailer,Go,141,2,50-149,false,false
grafana_grafana__128665,grafana/grafana,128665,5f970e98f2cbf446e7d3240535c8e4fc14acd237,2026-07-20T11:32:37+03:00,agent,agent-trailer,JSON,37,5,20-49,false,false
grafana_grafana__128706,grafana/grafana,128706,0bc2cfbcd6976629fc069b0734f008ca6d8d1f9e,2026-07-28T16:01:18+01:00,agent,agent-trailer,TypeScript,1269,15,500+,false,false
grafana_grafana__128719,grafana/grafana,128719,c53886a38f93477660a5681f16bb642240e0e53d,2026-07-17T15:14:02-04:00,agent,agent-trailer,Go,67,2,50-149,false,false
grafana_grafana__128724,grafana/grafana,128724,a2ac51d2ba23e0bf8d4e6366f83e5c5c9e8bb7f1,2026-07-20T08:28:02-03:00,agent,agent-trailer,Go,254,6,150-499,false,false
grafana_grafana__128766,grafana/grafana,128766,1d86fc3a841ebdce0d523a532e179f7d67fa72d5,2026-07-20T15:13:54+02:00,agent,agent-trailer,TypeScript,196,2,150-499,false,false
grafana_grafana__128819,grafana/grafana,128819,747bfe2177bd2ce43bd02c2dd4395dace18894e6,2026-07-24T09:27:50-05:00,human,none,Go,523,16,500+,false,false
grafana_grafana__128820,grafana/grafana,128820,56a3dd2dfa4d3564ad81f3aee1b2bb1223c0f43e,2026-07-23T21:45:07-05:00,human,none,TypeScript,152,6,150-499,false,false
grafana_grafana__128824,grafana/grafana,128824,d85b493ee815b3901499621e0c52a463c7d2224b,2026-07-28T15:58:26-06:00,agent,agent-trailer,TypeScript,1900,39,500+,false,false
grafana_grafana__128845,grafana/grafana,128845,ce434274d00e5da7bef87daab67a0305b58246d5,2026-07-28T17:48:26-07:00,agent,agent-trailer,TypeScript,100,3,50-149,false,false
grafana_grafana__128868,grafana/grafana,128868,416fb804d5b3e3602292dcfbfab8e0c9719df68b,2026-07-21T16:04:17+02:00,human,none,Go,178,7,150-499,false,false
grafana_grafana__128876,grafana/grafana,128876,73eb73f16be80985cbdeceec25e293184bb94513,2026-07-22T08:53:06+03:00,agent,agent-trailer,Go,86,9,50-149,false,false
grafana_grafana__128895,grafana/grafana,128895,fb47256e72284cc925377bf280fb498c10b81a33,2026-07-21T17:34:01+02:00,agent,agent-trailer,Go,251,2,150-499,false,false
grafana_grafana__128942,grafana/grafana,128942,7b51fece7a0c2f86feb435b780e4a1b00ab0be66,2026-07-22T17:52:01-03:00,agent,agent-trailer,Go,91,3,50-149,false,false
grafana_grafana__128950,grafana/grafana,128950,139a93b130cd6662d2e1270afbb6be00c064b9b4,2026-07-23T04:26:31-04:00,agent,agent-trailer,TypeScript,137,4,50-149,false,false
grafana_grafana__128953,grafana/grafana,128953,82de39eb061ab625a5c920c617a67419deae107c,2026-07-28T12:03:38-04:00,human,none,TypeScript,33,2,20-49,false,false
grafana_grafana__129038,grafana/grafana,129038,ebf088c6dc51fbf1d03cfadc10818ad1c25767f1,2026-07-23T07:42:07-04:00,agent,agent-trailer,Go,48,2,20-49,false,false
grafana_grafana__129058,grafana/grafana,129058,173a27e1bb7d74f31930dbe5f5479ccf3fe2f850,2026-07-24T12:45:18-07:00,agent,agent-trailer,TypeScript,352,7,150-499,false,false
grafana_grafana__129138,grafana/grafana,129138,7b0c78f4885b12b98318231006f4ef3ab938f79a,2026-07-24T12:59:48-04:00,agent,agent-trailer,Go,690,7,500+,false,false
grafana_grafana__129206,grafana/grafana,129206,ee26f1c41105100818c4303462fdad3f0e6ec3a2,2026-07-27T11:15:47+02:00,agent,agent-trailer,Go,210,11,150-499,false,false
grafana_grafana__129209,grafana/grafana,129209,4dc7cdda16a7d960b814fa58bc4eedbec7128e51,2026-07-27T09:20:59-04:00,human,none,Go,41,2,20-49,true,true
grafana_grafana__129362,grafana/grafana,129362,6cb01650cb22155f50ddda8bf58ef97e2d28ff43,2026-07-28T01:41:55-04:00,agent,agent-trailer,JSON,40,4,20-49,false,false
grafana_grafana__129387,grafana/grafana,129387,b63d8ee9c8366bb24df9789c6a67b480d448902e,2026-07-28T14:59:07+01:00,agent,agent-trailer,Other,20,3,20-49,false,false
grafana_grafana__129394,grafana/grafana,129394,9dadfcc27cdd2fa96c9b89f11aa57ae6237f3a07,2026-07-28T15:39:53+02:00,agent,agent-trailer,Go,72,3,50-149,false,false
grafana_grafana__129458,grafana/grafana,129458,5294c67e6c4a0b79a62893b208aa07fb60682187,2026-07-29T11:06:54+02:00,agent,agent-trailer,Go,176,6,150-499,false,false
grafana_grafana__88967,grafana/grafana,88967,cd4b7ef9dbf4551966546c47d11173b54a94a3ae,2024-08-20T17:05:12+02:00,human,none,TypeScript,2116,15,500+,false,false
grafana_grafana__89482,grafana/grafana,89482,b18b1efec47860eb95271fe19c3e121dbf06149e,2024-07-02T18:31:37+01:00,human,none,TypeScript,275,4,150-499,true,true
grafana_grafana__90153,grafana/grafana,90153,bb187ce4b1d8ce49098282f9c23cc794a0f6196c,2024-07-10T12:48:02-06:00,human,none,Go,65,4,50-149,true,false
grafana_grafana__90173,grafana/grafana,90173,d7c844b5b6c47ee527d5f78f6e4b7756b03673a2,2024-07-11T13:33:41+02:00,human,none,TypeScript,75,11,50-149,false,false
grafana_grafana__90330,grafana/grafana,90330,dbc755925de54cc76f8fe1ff79eaa66c629f609e,2024-07-19T11:11:29+02:00,human,none,TypeScript,35,4,20-49,false,false
grafana_grafana__90384,grafana/grafana,90384,b7f422b68d27f6c12339b67d56c0418f961ae9cd,2024-07-16T10:02:16-04:00,human,none,Go,274,13,150-499,true,true
grafana_grafana__90527,grafana/grafana,90527,9caa8151d87d53f547666acd86186732a61949bb,2024-07-18T23:51:18-07:00,human,none,Go,54,12,50-149,true,true
grafana_grafana__90759,grafana/grafana,90759,04d8f0f06333178e106f3f1ed17a42d59d65cb85,2024-08-01T15:59:20+02:00,human,none,TypeScript,90,4,50-149,true,true
grafana_grafana__90825,grafana/grafana,90825,8dd6bfef3ccec40869624186bc66a1127a98e626,2024-07-25T23:27:41+02:00,human,none,TypeScript,347,5,150-499,false,false
grafana_grafana__90967,grafana/grafana,90967,2ab746ae7617d2e9c875c2aca29a266dc1d86f5f,2024-07-26T23:11:05+03:00,human,none,TypeScript,76,2,50-149,true,true
grafana_grafana__91088,grafana/grafana,91088,2ffdc2d5b04128f31ae7f7093561f7d0751d5805,2024-07-26T18:20:36-05:00,human,none,YAML,23,2,20-49,false,false
grafana_grafana__91150,grafana/grafana,91150,4c71cadd5fcc08f67de497035ffc81672c1dab91,2024-07-30T10:55:37-05:00,human,none,Go,130,7,50-149,false,false
grafana_grafana__91418,grafana/grafana,91418,b5e32b31b14b11de7891c35c0d3f87441dc8bd6b,2024-08-06T19:18:32-03:00,human,none,Go,184,5,150-499,true,true
grafana_grafana__91846,grafana/grafana,91846,d52d04b6d82dfe09624998df094415f7cac83686,2024-08-13T16:24:26+01:00,human,none,Go,101,14,50-149,false,false
grafana_grafana__92024,grafana/grafana,92024,41ac5b5ae767b1cd1872e4fc4803f08197acbffb,2024-08-22T10:04:06+01:00,human,none,Go,102,2,50-149,false,false
grafana_grafana__92412,grafana/grafana,92412,488e994d378363fd6a866d3aa62e299462582d24,2024-08-27T10:31:52+02:00,human,none,Go,32,3,20-49,false,false
grafana_grafana__92553,grafana/grafana,92553,abca0380a8fc4c853b58b9e41bbf77fbbec3747d,2024-08-28T16:44:13+02:00,human,none,Go,153,21,150-499,false,false
grafana_grafana__93030,grafana/grafana,93030,1701dc85e7a849ed0aff7301d8f83f2d625a0160,2024-09-10T13:50:12+02:00,human,none,TypeScript,113,5,50-149,true,true
grafana_grafana__93168,grafana/grafana,93168,a214fbd7cfc80f576fbca3ff92caa5085be52d04,2024-09-13T17:51:12+03:00,human,none,TypeScript,54,3,50-149,false,false
grafana_grafana__93270,grafana/grafana,93270,4d50cb2b7be03fd45ec123d25a914c63aae432aa,2024-09-17T14:33:06+02:00,human,none,TypeScript,54,3,50-149,false,false
grafana_grafana__93493,grafana/grafana,93493,8b6cec2356827978ce1f009639c5d2f00e099e10,2024-09-19T18:30:03-05:00,human,none,TypeScript,154,10,150-499,false,false
grafana_grafana__93498,grafana/grafana,93498,cc68f1b673c668312cab11fe8a6eda1844c5c8b3,2024-09-23T14:02:58+01:00,human,none,TypeScript,347,5,150-499,true,true
grafana_grafana__93543,grafana/grafana,93543,2ad558d0466514263deb137859b43715b36de6a8,2024-09-20T10:54:34-04:00,human,none,Go,37,2,20-49,true,true
grafana_grafana__93549,grafana/grafana,93549,7398fe3fcbdd7d25ae17b7575314796b6c0d664e,2024-09-20T15:25:14-04:00,human,none,Go,26,2,20-49,false,false
grafana_grafana__93989,grafana/grafana,93989,a1cedb416054651fc8c0dd069d9d1fec59bbb380,2024-09-30T17:05:01+02:00,human,none,JSON,232,1,150-499,true,true
grafana_grafana__94020,grafana/grafana,94020,6c91b65aca29aaaf587e89824e4697572d708785,2024-10-01T09:46:32-03:00,human,none,TypeScript,22,2,20-49,true,true
grafana_grafana__94045,grafana/grafana,94045,d92e17ee55828132633a1f8d381089f7416df034,2024-11-08T17:15:29+01:00,human,none,TypeScript,191,7,150-499,false,false
grafana_grafana__94271,grafana/grafana,94271,45698720482fd943905e3680b08a30fe283168e7,2024-10-07T10:02:01+01:00,human,none,TypeScript,62,2,50-149,true,true
grafana_grafana__94382,grafana/grafana,94382,4bbae5eb0a12b0128f313d2360dbdc121e35a1c7,2024-10-08T18:54:34+03:00,human,none,TypeScript,45,3,20-49,false,false
grafana_grafana__94578,grafana/grafana,94578,0d70dbe7307e9d7cdea30d0acefd26e56ca43610,2024-10-17T16:47:39-06:00,human,none,TypeScript,221,15,150-499,true,true
grafana_grafana__94700,grafana/grafana,94700,343819601075d9dbad474b7c044845a8730ab9bb,2024-10-18T13:10:41-03:00,human,none,Go,78,5,50-149,true,true
grafana_grafana__94808,grafana/grafana,94808,d608668335d29a6235bb898d0243a8d970d31760,2024-10-21T11:29:23+03:00,human,none,TypeScript,35,2,20-49,false,false
grafana_grafana__94815,grafana/grafana,94815,5fe5e8a5a62d4bc32a22a8401b48eef1763494dc,2024-10-17T12:07:22-05:00,human,none,TypeScript,77,4,50-149,false,false
grafana_grafana__94940,grafana/grafana,94940,008c51b5b19c76971962554a39a5ddc92d34ce25,2024-10-23T21:49:27+08:00,human,none,TypeScript,25,4,20-49,false,false
grafana_grafana__95341,grafana/grafana,95341,3bcbf231eedda32d71bd05a0da4a50d46e02d795,2024-11-04T09:33:03+01:00,human,none,Go,28,5,20-49,false,false
grafana_grafana__95457,grafana/grafana,95457,f0a8e86c28fcc871628e444406f2bbb2ab0f26f4,2025-03-07T13:16:17-08:00,human,none,TypeScript,370,8,150-499,false,false
grafana_grafana__96458,grafana/grafana,96458,9a4a17f3387b7a4929df6d83c154a031b4943e1c,2024-11-15T09:45:05+00:00,human,none,TypeScript,25,2,20-49,false,false
grafana_grafana__96661,grafana/grafana,96661,7e442efa9c55fe4b8bf663c85357e6b17630ab9e,2024-11-19T13:18:44+01:00,human,none,Go,193,2,150-499,false,false
grafana_grafana__96770,grafana/grafana,96770,f6b69355630627da88193a5534afdb2f6fdb79fa,2024-11-21T10:39:19+00:00,human,none,TypeScript,79,2,50-149,false,false
grafana_grafana__96772,grafana/grafana,96772,8bb59c64f0ece44ce0c47e8dbf178418cdf5e393,2024-11-21T11:21:22+01:00,human,none,Go,65,4,50-149,false,false
grafana_grafana__97171,grafana/grafana,97171,61d71ec5b18991ffdcd903732dd1ec2eb9b20475,2024-12-11T12:22:42+01:00,human,none,Go,72,5,50-149,false,false
grafana_grafana__97555,grafana/grafana,97555,19cc2efaf2b623d69ccb34501e5a2bf37a116638,2024-12-11T17:34:06+00:00,human,none,TypeScript,38,10,20-49,false,false
grafana_grafana__98349,grafana/grafana,98349,d9f9614e1cdc1b0017fb9ec50a911e96eb8d2914,2024-12-23T21:29:44+01:00,human,none,Go,26,2,20-49,false,false
grafana_grafana__98414,grafana/grafana,98414,d935fa1ea0c638271efb717fa9b47ce405163af7,2024-12-30T15:16:04-06:00,human,none,TypeScript,214,12,150-499,false,false
grafana_grafana__98950,grafana/grafana,98950,ae62b3817bad4d8ca2299e78f3868a5562944fcc,2025-01-27T15:54:10+01:00,human,none,TypeScript,1058,36,500+,false,false
grafana_grafana__99236,grafana/grafana,99236,7aa71aa734bf961765cfde356d5b49f19c4e8b9c,2025-03-27T17:37:23+01:00,human,none,Go,41,6,20-49,false,false
grafana_grafana__99327,grafana/grafana,99327,0cef2b9ae7cc2f2ac82cdd4dd4768c18f95160f6,2025-01-28T07:17:52-07:00,human,none,Go,1300,44,500+,true,true
grafana_grafana__99524,grafana/grafana,99524,571f20676d6b6f5adfa3a007306856be522276b6,2025-01-27T06:50:31-08:00,human,none,Other,62,12,50-149,false,false
langchain-ai_langchain__22627,langchain-ai/langchain,22627,78ff51ce839770db23c6fb17aa2e25b76cea92c5,2024-09-02T18:10:21-04:00,human,none,Python,126,19,50-149,false,false
langchain-ai_langchain__23775,langchain-ai/langchain,23775,0f7569ddbc8135ae1df7c43b79df00ed29301991,2024-07-22T10:36:53-04:00,human,none,Python,37,2,20-49,false,false
langchain-ai_langchain__23785,langchain-ai/langchain,23785,716a316654977c31932dfeaa2980ddcd05ce6a72,2024-07-03T08:27:34-07:00,human,none,Python,343,8,150-499,false,false
langchain-ai_langchain__23871,langchain-ai/langchain,23871,a2082bc1f84ebde30f1e40854ef22517f82c41da,2024-07-05T17:43:51+02:00,human,none,Python,317,2,150-499,false,false
langchain-ai_langchain__24147,langchain-ai/langchain,24147,03fba07d157e0244f4bd19c22a73e950bbe9aa03,2024-07-11T14:19:36-07:00,human,none,Python,58,2,50-149,true,true
langchain-ai_langchain__24500,langchain-ai/langchain,24500,58e72febeb6cf91f92c05227e50ea8515ee73c94,2024-08-24T07:59:14+08:00,human,none,Python,431,2,150-499,false,false
langchain-ai_langchain__24547,langchain-ai/langchain,24547,1827bb4042eab6d22321f7cbcc44c5e0df3c9602,2024-08-01T23:43:07+08:00,human,none,Python,709,5,500+,false,false
langchain-ai_langchain__25179,langchain-ai/langchain,25179,6b32810b68bd8742fa07c389e1542452918fe4df,2024-08-08T22:28:26+05:30,human,none,Other,131,1,50-149,false,false
langchain-ai_langchain__25316,langchain-ai/langchain,25316,d5b548b4ced7364fbf060a72f42a9d6d0bec5d6f,2024-08-13T15:52:51-07:00,human,none,JavaScript,1572,20,500+,true,true
langchain-ai_langchain__25363,langchain-ai/langchain,25363,c4779f5b9c5a44938b86ce5ab408ffdb24f13a60,2024-08-14T15:27:40-07:00,human,none,Other,173,1,150-499,true,true
langchain-ai_langchain__25492,langchain-ai/langchain,25492,83327ac43a5943427d7cace4f933e8381f6b1a6e,2024-08-28T22:22:57-04:00,human,none,Other,47,1,20-49,false,false
langchain-ai_langchain__25506,langchain-ai/langchain,25506,55fd2e21584d6ef269ff3bdd2f2b7bd49889ee3c,2024-08-20T22:23:43-04:00,human,none,Python,1929,29,500+,false,false
langchain-ai_langchain__25582,langchain-ai/langchain,25582,1f1679e9600d2f4aa750fafe90978c513dab1808,2024-08-22T21:16:52+05:30,human,none,Python,749,3,500+,false,false
langchain-ai_langchain__25600,langchain-ai/langchain,25600,e958f76160c6542072c7bd334fbb3c21d327e8bc,2024-08-21T21:24:34-07:00,human,none,Other,352,14,150-499,true,true
langchain-ai_langchain__25747,langchain-ai/langchain,25747,745d1c2b8d2585d1ab76c5b231a51f15b39d990a,2024-08-26T16:57:30+05:30,human,none,Python,27,2,20-49,false,false
langchain-ai_langchain__26471,langchain-ai/langchain,26471,ca304ae0469fa0723205484450ceaafd056b184e,2024-09-13T15:54:00-07:00,human,none,JSON,3655,23,500+,true,true
langchain-ai_langchain__26855,langchain-ai/langchain,26855,de0b48c41a72ae0e54becb2ba8e3b4d8b57ad223,2024-09-27T16:04:30-04:00,agent,agent-trailer,Python,4498,42,500+,false,false
langchain-ai_langchain__27091,langchain-ai/langchain,27091,e8e5d67a8d8839c96dc54552b5ff007b95992345,2024-10-03T18:25:38-07:00,human,none,Python,29,2,20-49,false,false
langchain-ai_langchain__27125,langchain-ai/langchain,27125,0b8416bd2ea33f1f7a881e03b3061f330443a042,2024-10-04T15:35:51-07:00,human,none,Python,51,3,50-149,true,true
langchain-ai_langchain__27514,langchain-ai/langchain,27514,49517cc1e72b20e25e99939ad1c1c3ade39333ad,2024-10-29T10:34:46-04:00,human,none,Python,71,2,50-149,false,false
langchain-ai_langchain__29123,langchain-ai/langchain,29123,7d3fb21807f6eb6c12336692af9674741593859e,2025-01-11T05:30:37+08:00,human,none,YAML,737,4,500+,false,false
langchain-ai_langchain__30123,langchain-ai/langchain,30123,806211475a148b1754d48a1796637bd89ca19087,2025-03-07T13:05:25-05:00,human,none,Python,284,12,150-499,false,false
langchain-ai_langchain__30675,langchain-ai/langchain,30675,dc19d42d37956ee489d3693f976cb06ee2b79c54,2025-04-11T04:23:52+02:00,human,none,Python,507,58,500+,false,false
langchain-ai_langchain__31199,langchain-ai/langchain,31199,421554007f2ff20b7e5999dc2eb8dcdb2056fb4a,2025-06-25T21:16:43+01:00,human,none,YAML,421,3,150-499,true,true
langchain-ai_langchain__31302,langchain-ai/langchain,31302,49eeb0f3c3c6d82694f51815f6fef6f1008038b9,2025-05-29T11:21:37-04:00,human,none,Python,600,22,500+,true,false
langchain-ai_langchain__31364,langchain-ai/langchain,31364,b6f74bff40b3a9b728401cb9493192250cd8a174,2025-06-24T09:03:00+10:00,human,none,Other,445,1,150-499,true,true
langchain-ai_langchain__31639,langchain-ai/langchain,31639,b1cc972567490161984d78b9a42e216162cce193,2025-06-23T19:45:52+02:00,human,none,Python,27,4,20-49,false,false
langchain-ai_langchain__31887,langchain-ai/langchain,31887,03138f41a067de0f0d17e59902731e337010af1c,2025-08-18T10:10:49-04:00,agent,agent-trailer,Python,188,2,150-499,false,false
langchain-ai_langchain__31973,langchain-ai/langchain,31973,543d90e108f0fef7278f7daa243ee5081d4944a6,2025-09-17T04:46:20+03:00,human,none,YAML,404,3,150-499,false,false
langchain-ai_langchain__32074,langchain-ai/langchain,32074,98c3bbbaf05d34688244e0f699451bc2e36331ce,2025-07-16T18:42:52-04:00,agent,bot-author,Python,40,2,20-49,false,false
langchain-ai_langchain__32153,langchain-ai/langchain,32153,fc802d8f9f74b78faff23b31ab5600ec2a0e5260,2025-07-21T20:29:34-04:00,agent,bot-author,JavaScript,26,1,20-49,false,false
langchain-ai_langchain__32156,langchain-ai/langchain,32156,ad88e5aaec385aea373a03e4e0f11b88ee467109,2025-07-28T22:28:16+00:00,agent,bot-author,Python,142,2,50-149,false,false
langchain-ai_langchain__32157,langchain-ai/langchain,32157,18c64aed6d5ec21df662722d191a446e6074baac,2025-07-21T20:33:20-04:00,agent,bot-author,Python,82,4,50-149,false,false
langchain-ai_langchain__32160,langchain-ai/langchain,32160,0b56c1bc4b3883b519033990aa28b2b50115f1a2,2025-07-28T22:31:41+00:00,agent,bot-author,Python,95,2,50-149,false,false
langchain-ai_langchain__32161,langchain-ai/langchain,32161,d40fd5a3cee30dc6e9b3290217e568055554e04f,2025-07-22T13:21:11-04:00,agent,bot-author,Python,191,2,150-499,false,false
langchain-ai_langchain__32162,langchain-ai/langchain,32162,2104cf0d9ad52980870e39a3edce871c92962038,2025-07-21T21:19:53-04:00,agent,bot-author,Python,20,3,20-49,false,false
langchain-ai_langchain__32237,langchain-ai/langchain,32237,f624ad489afaa47b51337349952738d65fd82f9e,2025-07-25T14:49:03-04:00,agent,agent-trailer,Python,615,52,500+,false,false
langchain-ai_langchain__32368,langchain-ai/langchain,32368,d8b94007c13e7e2c1b2c6cfbc765c6d9a383b410,2025-11-07T14:29:15-05:00,agent,agent-trailer,Python,165,2,150-499,false,false
langchain-ai_langchain__32396,langchain-ai/langchain,32396,08bf4c321fda256e8791d4270ec2b73165eb0e1d,2025-09-09T11:30:07-07:00,human,none,Python,171,2,150-499,true,true
langchain-ai_langchain__32445,langchain-ai/langchain,32445,ac706c77d498c4485dc0f8ac063e1bef0cf86912,2025-08-08T00:45:50+09:00,agent,agent-trailer,Other,967,1,500+,false,false
langchain-ai_langchain__32561,langchain-ai/langchain,32561,fe740a939725ed17d3d99b77fde96da312f06ef1,2025-08-15T10:47:22-04:00,human,none,Other,50,2,50-149,false,false
langchain-ai_langchain__32864,langchain-ai/langchain,32864,352ff363ca0329c003e30f15349d80d49309b7ba,2025-09-09T20:56:47+02:00,human,none,Python,2620,18,500+,true,true
langchain-ai_langchain__32910,langchain-ai/langchain,32910,91286b0b275453ce70498fa123b611afdd83616d,2025-09-11T21:53:35-04:00,agent,bot-author,YAML,278,4,150-499,false,false
langchain-ai_langchain__33178,langchain-ai/langchain,33178,3d2f13a2f174e3194eb0629e0b150fec94c5ce2c,2025-10-03T05:28:56-07:00,human,none,Python,407,4,150-499,false,false
langchain-ai_langchain__33257,langchain-ai/langchain,33257,010ed5d096bf274c386aba2daf3807ae4c33f68f,2025-10-03T13:41:37-04:00,human,none,Python,26,6,20-49,false,false
langchain-ai_langchain__33479,langchain-ai/langchain,33479,8e31a5d7bd39504c6b73010a7263ffe75e707628,2025-11-08T01:39:47+05:00,human,none,Python,475,2,150-499,false,false
langchain-ai_langchain__33619,langchain-ai/langchain,33619,d9e659ca4f020908a360118e7a2a225d86e4b555,2025-10-21T01:09:52-04:00,human,none,Python,453,28,150-499,true,true
langchain-ai_langchain__34044,langchain-ai/langchain,34044,47b79c30c0063471332b61591e3289d16281e1c9,2025-11-21T23:58:21-06:00,human,none,Python,352,16,150-499,false,false
langchain-ai_langchain__34179,langchain-ai/langchain,34179,4a242a8a4f5d55d1c6789ef7464149d72cea4ad6,2025-12-02T23:32:21-05:00,human,none,Python,32,2,20-49,true,true
langchain-ai_langchain__34464,langchain-ai/langchain,34464,83f81d65af659200afa6beede40f46fafff7e85e,2026-02-19T03:14:16+01:00,human,none,Python,53,2,50-149,true,true
langchain-ai_langchain__34564,langchain-ai/langchain,34564,9ce73a73f842ecc20690151dc52ab2b71ed8b914,2026-01-09T23:44:33+01:00,human,none,Python,47,4,20-49,false,false
langchain-ai_langchain__34576,langchain-ai/langchain,34576,05fe08201c191a20a6a4449527876f65eabd4b7a,2026-06-10T05:00:39+05:30,human,none,Python,809,3,500+,false,false
langchain-ai_langchain__34675,langchain-ai/langchain,34675,8e3c6b109f2b50a8ab7fbe9153cae8692825ea88,2026-01-09T23:36:08+01:00,human,none,Python,435,25,150-499,true,false
langchain-ai_langchain__34704,langchain-ai/langchain,34704,1ead03c79de70c7a3334fc8a14fa711e15eb6f8d,2026-01-13T10:55:21-05:00,human,none,Python,43,1,20-49,true,true
langchain-ai_langchain__34883,langchain-ai/langchain,34883,585b691c1d434206c136f67e55047f285d18e1b5,2026-01-26T15:04:25-08:00,human,none,Python,104,2,50-149,true,true
langchain-ai_langchain__35469,langchain-ai/langchain,35469,fd822b07c00eefbe395ba3c285a4911f72a463de,2026-07-05T23:19:16-04:00,agent,agent-trailer,Python,447,8,150-499,false,false
langchain-ai_langchain__35588,langchain-ai/langchain,35588,bb8b057ac387dc477cb73995245644c983acc7f2,2026-03-05T23:20:05-08:00,agent,agent-trailer,YAML,43,11,20-49,false,false
langchain-ai_langchain__35765,langchain-ai/langchain,35765,25f94eecce7afa053bd19046069447aef1b170db,2026-03-11T15:57:41-04:00,human,none,Python,47,1,20-49,false,false
langchain-ai_langchain__36042,langchain-ai/langchain,36042,58f3d1a633793bf229512aa02ae62f55faf8cd45,2026-03-17T20:29:33-04:00,human,none,YAML,1786,14,500+,false,false
langchain-ai_langchain__36811,langchain-ai/langchain,36811,a06c205738cf5953e28c37287ddb1559d67c01f6,2026-04-15T23:09:34-06:00,human,none,YAML,149,3,50-149,false,false
langchain-ai_langchain__36960,langchain-ai/langchain,36960,3b945d02d91a150a654f5ccf71c5bde754b86905,2026-04-27T13:32:28-04:00,agent,agent-trailer,Python,21,2,20-49,false,false
langchain-ai_langchain__37064,langchain-ai/langchain,37064,97ac1d34d092464ca211605ac93217033169067c,2026-04-28T20:59:00-04:00,agent,bot-author,Python,26,2,20-49,true,true
langchain-ai_langchain__37095,langchain-ai/langchain,37095,ba56ac6f03b4790aff2852e4e88e5daa74ab4973,2026-04-30T14:55:03-04:00,agent,agent-trailer,Python,163,2,150-499,false,false
langchain-ai_langchain__37602,langchain-ai/langchain,37602,3c4cb503a069ca1b358cc240c4308b82610ae55e,2026-05-21T01:19:21-05:00,human,none,Python,22,1,20-49,false,false
langchain-ai_langchain__37710,langchain-ai/langchain,37710,8951e5666f48f2b1be4c89fbd61b7cf7528f9a43,2026-05-27T16:41:15-04:00,agent,bot-author,Python,101,2,50-149,false,false
langchain-ai_langchain__37911,langchain-ai/langchain,37911,1be54cc0e12bd45cfb43c6d31077a139989797b1,2026-06-05T12:14:42-07:00,agent,agent-trailer,Python,169,2,150-499,false,false
langchain-ai_langchain__38095,langchain-ai/langchain,38095,5d20596d73789020f53c622b22c0a9893ba09606,2026-06-12T00:17:26-04:00,human,none,Python,100,15,50-149,false,false
langchain-ai_langchain__38363,langchain-ai/langchain,38363,946fbbbead849fc948e50ef726242c47013a43b7,2026-06-22T10:25:20-04:00,agent,agent-trailer,Python,24,5,20-49,false,false
langchain-ai_langchain__38657,langchain-ai/langchain,38657,f912638334b05f14d76ce823ba1fcdc47cf368c7,2026-07-05T04:22:24+02:00,human,none,Python,40,4,20-49,true,true
langchain-ai_langchain__38664,langchain-ai/langchain,38664,4d4dab80bb0e872f0b228f7ff4f08aa702e39b8f,2026-07-04T21:08:43-04:00,agent,agent-trailer,Python,133,6,50-149,false,false
langchain-ai_langchain__38665,langchain-ai/langchain,38665,3246caf83174aa772a1f785fa03cb518493c1dc6,2026-07-04T21:30:23-04:00,agent,agent-footer,YAML,186,15,150-499,false,false
prisma_prisma__1018,prisma/prisma,1018,0e51f1f4df1027f3db1c72f3a3e05ec64ba3c64b,2026-07-22T11:42:36+02:00,agent,agent-trailer,JSON,63163,638,500+,false,false
prisma_prisma__1019,prisma/prisma,1019,8a17d519ac2c4ce9b280547fa982ac1e80a8cdc2,2026-07-21T14:34:00+02:00,agent,agent-footer,JSON,2385,100,500+,false,false
prisma_prisma__1024,prisma/prisma,1024,6285c8e32d1f7d8d87015dbd38944a261ca6d122,2026-07-22T13:12:05+02:00,agent,agent-trailer,TypeScript,1771,37,500+,false,false
prisma_prisma__1028,prisma/prisma,1028,ab6b60feaee3eaeeb2e6ca7986195e08d8f0c955,2026-07-22T17:23:17+02:00,agent,agent-footer,HTML,4781,22,500+,false,false
prisma_prisma__1031,prisma/prisma,1031,d3256672f389f7e2287d677da70c121b62fd2d01,2026-07-23T17:57:46+02:00,agent,agent-footer,HTML,46,2,20-49,false,false
prisma_prisma__1035,prisma/prisma,1035,15ee401b05d3d01ad082c71d51da1b9284a5eef2,2026-07-23T16:14:50+02:00,agent,agent-trailer,TypeScript,16235,212,500+,false,false
prisma_prisma__1042,prisma/prisma,1042,4e51fefc8dc507caa73492020a9322ccfefd10b4,2026-07-27T15:14:09+02:00,agent,agent-trailer,TypeScript,21135,191,500+,false,false
prisma_prisma__1048,prisma/prisma,1048,7a39ef462d17ca15bf0fba4e9376148a6e1d879b,2026-07-27T13:38:38+02:00,agent,agent-footer,TypeScript,2295,46,500+,false,false
prisma_prisma__1054,prisma/prisma,1054,ca1f3a16bd4a3f7d913761c466f559862267b535,2026-07-27T11:08:36+02:00,human,none,TypeScript,1177,22,500+,false,false
prisma_prisma__118,prisma/prisma,118,7eee72277789d0ea9412b35ad8b39bd9a59eb984,2026-01-19T14:06:40+02:00,human,none,TypeScript,138,6,50-149,true,true
prisma_prisma__137,prisma/prisma,137,0f70bb6c4027df1dd59bf032f8607e721c34ccbe,2026-02-11T10:06:30+01:00,agent,agent-trailer,TypeScript,499,4,150-499,false,false
prisma_prisma__200,prisma/prisma,200,ea785980bea1a0459c5aa48623e2297960348eb1,2026-03-10T16:03:28+01:00,agent,agent-trailer,TypeScript,490,6,150-499,false,false
prisma_prisma__224,prisma/prisma,224,3655e7a657170f529137f6298cf8742e67098a79,2026-03-06T11:47:22+01:00,agent,agent-trailer,TypeScript,306,24,150-499,false,false
prisma_prisma__232,prisma/prisma,232,9d303673668bafad1e3ef3a8ec334364dd994a9b,2026-03-20T13:22:28+01:00,agent,agent-trailer,TypeScript,6279,71,500+,false,false
prisma_prisma__247,prisma/prisma,247,04f6255faa2d07e50600a7a16ec3a584a924557c,2026-03-30T11:53:34+02:00,agent,agent-trailer,TypeScript,1920,32,500+,false,false
prisma_prisma__323,prisma/prisma,323,345896b603972246a78cb85bf481b2241b1c9eb7,2026-04-09T12:15:33+02:00,agent,agent-footer,JavaScript,29,1,20-49,false,false
prisma_prisma__418,prisma/prisma,418,05f9406c964bc4b8dc9ab286fdb194beecdd6072,2026-05-12T14:31:51+02:00,human,none,TypeScript,853,24,500+,true,true
prisma_prisma__428,prisma/prisma,428,286fdef666398bc68e9374fdf927a64c098dd205,2026-05-06T15:53:21+02:00,agent,agent-trailer,TypeScript,137,6,50-149,false,false
prisma_prisma__553,prisma/prisma,553,31b30de98e50c786b9564141ec3341a4eb2e22fb,2026-05-21T19:26:30+02:00,agent,agent-trailer,TypeScript,1152,38,500+,false,false
prisma_prisma__726,prisma/prisma,726,e32d06b7813efa4be7d4d2b6f9431f40f8bca813,2026-06-05T06:17:53+02:00,agent,agent-trailer,TypeScript,3061,29,500+,false,false
prisma_prisma__732,prisma/prisma,732,f061a47db1a11636709f7cfa31cb272a8fffd0b7,2026-06-05T10:07:53+02:00,agent,agent-trailer,TypeScript,793,7,500+,false,false
prisma_prisma__750,prisma/prisma,750,b661ee117f9c98b69571552a63f5271fda98cf05,2026-06-07T16:25:03+02:00,agent,agent-trailer,TypeScript,1582,26,500+,false,false
prisma_prisma__752,prisma/prisma,752,13cd3a3c80a310f8740bfe08fe3b530c6f3b4701,2026-06-07T16:39:59+02:00,agent,agent-trailer,TypeScript,3076,32,500+,false,false
prisma_prisma__753,prisma/prisma,753,9e26fbcaafa8caecb4b353e6de2a8ad366f6f92c,2026-06-08T07:27:11+02:00,agent,agent-trailer,TypeScript,3191,19,500+,false,false
prisma_prisma__754,prisma/prisma,754,b228c470f57944108339d8757f1cfa438d241f5b,2026-06-08T10:20:50+02:00,agent,agent-trailer,TypeScript,1044,14,500+,false,false
prisma_prisma__755,prisma/prisma,755,60b2ed9e6c779e5adb7e9fb3bcd20e91b4b4bf73,2026-06-08T12:18:17+02:00,agent,agent-trailer,TypeScript,3232,37,500+,false,false
prisma_prisma__769,prisma/prisma,769,dc72201bc0fa195c790c28d272dab6ed52c7a836,2026-06-10T16:35:04+02:00,agent,agent-trailer,TypeScript,3660,57,500+,false,false
prisma_prisma__770,prisma/prisma,770,4e34d66696958a18372c1b959ee99fcf7073cb3c,2026-06-08T16:56:24+02:00,agent,agent-trailer,Other,2111,20,500+,false,false
prisma_prisma__775,prisma/prisma,775,d969acd6bc98459b1b1b815200d2dcb539e7fe1a,2026-06-09T15:14:04+02:00,agent,agent-footer,JavaScript,5255,48,500+,false,false
prisma_prisma__779,prisma/prisma,779,f4ef508db8a8758a4ea0c304133cd3c998a59269,2026-06-10T09:13:49+02:00,agent,agent-trailer,TypeScript,86,13,50-149,false,false
prisma_prisma__792,prisma/prisma,792,0a694de9ba95b004b2f98994f64b0308caebf864,2026-06-10T20:59:20+02:00,agent,agent-trailer,TypeScript,5199,78,500+,false,false
prisma_prisma__800,prisma/prisma,800,733e6684435245401f59a2a8abf95e83f5777b3e,2026-06-10T13:37:39+02:00,agent,agent-trailer,YAML,40,2,20-49,false,false
prisma_prisma__801,prisma/prisma,801,890d102eb49b97cb81fbb16a41b9eebc1add2531,2026-06-10T15:47:57+02:00,agent,agent-trailer,TypeScript,108,9,50-149,false,false
prisma_prisma__802,prisma/prisma,802,dc0f923c934be7d8a935b1d450c70c6137efa3ea,2026-06-10T17:06:25+02:00,agent,agent-trailer,YAML,28,1,20-49,false,false
prisma_prisma__805,prisma/prisma,805,1c13f26e4c0cd71d0c8672e5b6f63d033fd60d34,2026-06-11T11:01:26+02:00,agent,agent-trailer,TypeScript,7148,62,500+,false,false
prisma_prisma__806,prisma/prisma,806,5300f2b54f49002ad6311ec9fce72442f8bc4d16,2026-06-10T22:46:05+02:00,agent,agent-trailer,TypeScript,834,22,500+,false,false
prisma_prisma__808,prisma/prisma,808,dcc2613c0b636785cf2c13c5caebf588b486dc4c,2026-06-11T12:26:00+02:00,agent,agent-trailer,TypeScript,4790,28,500+,false,false
prisma_prisma__809,prisma/prisma,809,ef381442cbee359f28f867ed8a3bbc6124c129e8,2026-06-11T13:08:28+02:00,agent,agent-trailer,TypeScript,635,18,500+,false,false
prisma_prisma__810,prisma/prisma,810,c27faf4db5eea5d63fcb9dc5b14cbf95789f9cea,2026-06-11T13:29:53+02:00,agent,agent-trailer,TypeScript,1578,56,500+,false,false
prisma_prisma__813,prisma/prisma,813,f6240ca7160006ee55a5c485709b56b794692955,2026-06-11T18:55:07+02:00,agent,agent-trailer,TypeScript,1281,74,500+,false,false
prisma_prisma__814,prisma/prisma,814,c5def2fe3b952ff3fec328630b2e4d577352a583,2026-06-11T20:44:41+02:00,agent,agent-footer,TypeScript,43,8,20-49,false,false
prisma_prisma__825,prisma/prisma,825,10d8b60569b38a8a6e7cd901f810c61dcd3898e5,2026-06-15T19:32:26+02:00,agent,agent-trailer,TypeScript,7014,105,500+,false,false
prisma_prisma__826,prisma/prisma,826,de2048aec5d1eb049c770005e699d551596019c7,2026-06-15T18:17:35+02:00,agent,agent-trailer,TypeScript,1370,38,500+,false,false
prisma_prisma__829,prisma/prisma,829,29a1bfb61564e6f1fecf835b156092a01ac748b7,2026-06-15T16:13:42+02:00,agent,agent-trailer,TypeScript,4439,21,500+,false,false
prisma_prisma__834,prisma/prisma,834,7b57bfacbbe83b65ec4f2e9b98adec5453610197,2026-06-28T10:49:51+02:00,agent,agent-trailer,TypeScript,6841,85,500+,false,false
prisma_prisma__838,prisma/prisma,838,088813b98acfdda76daf318e233182831cf67997,2026-06-16T15:36:26+02:00,agent,agent-trailer,TypeScript,1411,128,500+,false,false
prisma_prisma__841,prisma/prisma,841,8d3aadf007e1ffaea3041738b778d04c12b36280,2026-06-24T16:12:10+02:00,agent,agent-trailer,TypeScript,2806,42,500+,false,false
prisma_prisma__845,prisma/prisma,845,3a34e7c64973874d2a2d07a12a94daa684830faf,2026-07-01T14:35:55+02:00,agent,agent-trailer,TypeScript,530,12,500+,false,false
prisma_prisma__846,prisma/prisma,846,01b1488758bc13a91af8113f5f00835b95518c2e,2026-06-25T15:05:50+02:00,agent,agent-footer,TypeScript,2399,92,500+,false,false
prisma_prisma__850,prisma/prisma,850,c278ee26de2312d4ede13613d826c9c7e838e290,2026-06-19T11:52:04+02:00,agent,agent-trailer,TypeScript,1969,78,500+,false,false
prisma_prisma__853,prisma/prisma,853,708dce189765c4f3854c3c69c37878c132753d98,2026-06-24T16:01:24+02:00,agent,agent-trailer,JavaScript,217,4,150-499,false,false
prisma_prisma__868,prisma/prisma,868,a0ed104ed90dfe4afe16a2189801f1de86c5e2ca,2026-06-28T09:25:31+02:00,agent,agent-trailer,TypeScript,3892,63,500+,false,false
prisma_prisma__870,prisma/prisma,870,34ae7d62a3b040241d14ae611eefeca8a9a7ec5b,2026-07-02T19:24:29+02:00,agent,agent-trailer,TypeScript,1924,74,500+,false,false
prisma_prisma__879,prisma/prisma,879,5c898e79331ee9d0a063b99c3ad3d469eb030a79,2026-07-02T08:29:35+02:00,agent,agent-trailer,TypeScript,29544,252,500+,false,false
prisma_prisma__888,prisma/prisma,888,0fa64ac0134cc82ae7ac939b7aef2d1033369efa,2026-07-02T07:42:06+02:00,agent,agent-footer,TypeScript,1104,36,500+,false,false
prisma_prisma__896,prisma/prisma,896,4d8ab61b4a098d1ad5b37ac2bf008994db6eeff9,2026-07-01T16:43:32+02:00,agent,agent-footer,TypeScript,1174,25,500+,false,false
prisma_prisma__900,prisma/prisma,900,228931d709417ca2d99ce2efa8f9466897aa156a,2026-07-02T18:43:03+02:00,agent,agent-footer,TypeScript,1573,61,500+,false,false
prisma_prisma__905,prisma/prisma,905,284a83854e7e326d1f25ca9d74f8bca9334267b8,2026-07-02T21:14:37+02:00,agent,agent-footer,TypeScript,1248,24,500+,false,false
prisma_prisma__908,prisma/prisma,908,93f052cce50e82728021dc74252b7941625b1112,2026-07-13T19:15:20+07:00,agent,agent-trailer,TypeScript,491,21,150-499,false,false
prisma_prisma__912,prisma/prisma,912,4e11a2dc77be311e307401abeeaf10981f2e17b8,2026-07-07T19:15:37+07:00,agent,agent-trailer,TypeScript,137,4,50-149,false,false
prisma_prisma__935,prisma/prisma,935,9175ebbc408b00e8f414cee266dfc5f8b33e6e6d,2026-07-09T16:17:53+02:00,agent,agent-trailer,TypeScript,1769,27,500+,false,false
prisma_prisma__944,prisma/prisma,944,05b915f20fb7899aaadb2063a625032f13aafed2,2026-07-10T12:06:59+02:00,agent,agent-footer,TypeScript,2514,30,500+,false,false
prisma_prisma__946,prisma/prisma,946,061ab153867ade34200cfad6c0e6e476f904b0c3,2026-07-10T15:11:29+02:00,agent,agent-footer,TypeScript,468,13,150-499,false,false
prisma_prisma__958,prisma/prisma,958,c5d6d9f0bd00d863fde845e551598881ddb45101,2026-07-13T10:13:21+02:00,agent,agent-footer,TypeScript,447,8,150-499,false,false
prisma_prisma__969,prisma/prisma,969,563a94c8be7496f14a7f6aa14f4409e79c6560ae,2026-07-13T18:15:58+02:00,agent,agent-trailer,TypeScript,147,8,50-149,false,false
prisma_prisma__979,prisma/prisma,979,4b18bbad37ed84b0d725583a0e6ed0833e8f6954,2026-07-15T17:08:14+02:00,agent,agent-footer,Other,5049,70,500+,false,false
prisma_prisma__985,prisma/prisma,985,49a14ae8b26ca016703ffd971c72b4379090d33c,2026-07-15T18:46:03+02:00,agent,agent-footer,TypeScript,631,9,500+,false,false
prisma_prisma__991,prisma/prisma,991,e35d8f6502a3285ebf8dd172396910fca29269bf,2026-07-16T09:27:20+02:00,agent,agent-footer,JavaScript,136,4,50-149,false,false
prisma_prisma__997,prisma/prisma,997,0df4f7a1e75240f72ea624e9fcd1ed13e538fde7,2026-07-17T08:59:05+02:00,agent,agent-footer,TypeScript,3214,72,500+,false,false
supabase_supabase__26917,supabase/supabase,26917,0d657df42ee4a93505ee2c189e390d8f0b1b05be,2024-07-04T11:51:13+02:00,human,none,TypeScript,1663,35,500+,false,false
supabase_supabase__27628,supabase/supabase,27628,530ab69901f01e9f95d6ccfa953df0f1a9431989,2024-07-18T09:15:50+02:00,human,none,TypeScript,27,2,20-49,false,false
supabase_supabase__28019,supabase/supabase,28019,9d4d1369aa61840be3d58c2f25d4a1c88d8dcfaf,2024-07-18T17:12:49+08:00,human,none,TypeScript,60,8,50-149,true,false
supabase_supabase__28020,supabase/supabase,28020,065a05bb9400e1fa75cc31cc6b08096d85f6c94d,2024-08-06T12:17:10+03:00,human,none,TypeScript,21,1,20-49,false,false
supabase_supabase__28208,supabase/supabase,28208,9de6ee58b15c029b6d9bb94b40f888b146426bc3,2024-07-30T14:37:54+08:00,human,none,TypeScript,322,14,150-499,false,false
supabase_supabase__28911,supabase/supabase,28911,d4d1369ce444f6f2d84ece5b743d1aba2c3277c5,2024-08-28T11:30:10+02:00,human,none,XML,853,10,500+,false,false
supabase_supabase__29219,supabase/supabase,29219,07699ad76b7a971b55cd5a084605899e54bf9a1f,2024-09-13T11:51:51+08:00,human,none,TypeScript,2506,39,500+,false,false
supabase_supabase__29297,supabase/supabase,29297,32b9cbf3c1c5a1994391e67b6daf8d8516447c25,2024-09-17T11:26:23-02:30,human,none,TypeScript,499,8,150-499,false,false
supabase_supabase__29462,supabase/supabase,29462,1f0f7cb2e47ce86c1767cc62a73bddd3d670ee18,2024-09-24T10:57:30+08:00,human,none,TypeScript,52,4,50-149,false,false
supabase_supabase__29649,supabase/supabase,29649,12b7eab229920a1295bf544a812c155abddbed4e,2024-10-04T08:45:35+00:00,human,none,TypeScript,91,3,50-149,false,false
supabase_supabase__29683,supabase/supabase,29683,a7705d369ce2a55b1ad65f3858fbf63638a64c7b,2024-10-04T17:22:39+02:00,human,none,TypeScript,74,4,50-149,true,true
supabase_supabase__30272,supabase/supabase,30272,009a5668d0c83aa22484a241c408b95ddbf106aa,2024-11-21T17:55:00+01:00,human,none,YAML,385,1,150-499,false,false
supabase_supabase__30563,supabase/supabase,30563,bb51173e7b46f76ca554238a5075891e1d5f69e7,2024-11-27T21:01:00+08:00,human,none,TypeScript,219,6,150-499,false,false
supabase_supabase__30819,supabase/supabase,30819,1eebae921cae75984b661f1a625296e88346c2c4,2024-12-03T09:44:00+11:00,human,none,TypeScript,331,4,150-499,false,false
supabase_supabase__33097,supabase/supabase,33097,b122914b1276eed3f866fa273d8fd17afb508997,2025-02-04T06:14:01-05:00,human,none,TypeScript,159,4,150-499,false,false
supabase_supabase__33141,supabase/supabase,33141,dbafc765bab595f66386504c91a114cb51ca595f,2025-01-29T11:43:28+08:00,human,none,TypeScript,188,2,150-499,false,false
supabase_supabase__33474,supabase/supabase,33474,fecb0808fceb49ab2b58ca0b047fe962121d9af4,2025-02-10T15:50:58+08:00,human,none,TypeScript,2137,5,500+,false,false
supabase_supabase__33553,supabase/supabase,33553,e539b892a69177c43c2690a5d02dda54551fd993,2025-02-13T13:34:12+08:00,human,none,TypeScript,224,15,150-499,false,false
supabase_supabase__33958,supabase/supabase,33958,419252c1020ea63e415b79e08811121da4e60267,2025-03-04T10:22:45+10:00,human,none,TypeScript,1243,7,500+,false,false
supabase_supabase__34387,supabase/supabase,34387,d46aeeb1f2840b499607e977950260a11c201285,2025-03-25T10:17:56-02:30,human,none,JSON,54,10,50-149,false,false
supabase_supabase__34693,supabase/supabase,34693,fa8cf46d507a029fd21d0485bdfbeaa6e154b7f5,2025-04-03T19:44:16+08:00,human,none,TypeScript,256,5,150-499,false,false
supabase_supabase__34806,supabase/supabase,34806,ba29cf187dd3d43ea2c35bab6c77ea154e64eca7,2025-05-29T18:00:37+02:00,human,none,TypeScript,100,2,50-149,false,false
supabase_supabase__34930,supabase/supabase,34930,5a3d00a56eade2dffbfc61b4d337cd189bbb6755,2025-04-14T16:54:33+08:00,human,none,TypeScript,111,2,50-149,true,true
supabase_supabase__35216,supabase/supabase,35216,701a8034a00f8cc93ab2332e8bf007627c5e2ad2,2025-04-28T12:54:51+07:00,human,none,TypeScript,29,1,20-49,false,false
supabase_supabase__35472,supabase/supabase,35472,785fcbacc803b6f1207874801297180b2818f9e6,2025-05-06T09:29:42+02:00,human,none,TypeScript,79,4,50-149,false,false
supabase_supabase__35759,supabase/supabase,35759,4f2b09b61f3c1c21ef85a1f68210e4a16b74f9ea,2025-05-27T15:05:05+02:00,human,none,TypeScript,2225,45,500+,false,false
supabase_supabase__36551,supabase/supabase,36551,4ae82572f22d1df518f87ca27ba3986df7cfc0b1,2025-06-20T16:09:43+08:00,human,none,TypeScript,41,1,20-49,false,false
supabase_supabase__36837,supabase/supabase,36837,ea91bf4739036a5dbdb61f7d3e6c07fe4d0ea09a,2025-07-02T11:35:37-06:00,human,none,TypeScript,227,9,150-499,false,false
supabase_supabase__37573,supabase/supabase,37573,9fda63d9baea4eacd9d172b2ab065175a6955eb2,2025-07-31T09:50:09+02:00,agent,agent-trailer,TypeScript,31,2,20-49,false,false
supabase_supabase__37773,supabase/supabase,37773,5f112a33faeb40dd6ef59162fc58f2aab8481152,2025-08-07T14:02:51-07:00,human,none,TypeScript,23,1,20-49,false,false
supabase_supabase__38588,supabase/supabase,38588,f07c9cad3a47f64e1e9697abb400caf01637d4e8,2025-09-11T09:25:39+02:00,human,none,TypeScript,257,7,150-499,true,true
supabase_supabase__38672,supabase/supabase,38672,067434391295fd8ebbb634cab0a5ed3f2a49fa69,2025-09-19T02:30:10+05:30,human,none,TypeScript,25,5,20-49,false,false
supabase_supabase__38758,supabase/supabase,38758,0ef781b3b891e130a615390fc68117e4b951a6a9,2025-09-17T22:06:26+01:00,human,none,XML,707,6,500+,true,true
supabase_supabase__38772,supabase/supabase,38772,5f533247e1dd6737e7b97c32e2e51f3974a18aef,2025-09-26T18:16:33+08:00,agent,agent-trailer,TypeScript,1434,182,500+,false,false
supabase_supabase__39093,supabase/supabase,39093,f596989ed4746524b4699f6a09c4185fe0b7e217,2025-10-01T12:16:20+10:00,human,none,TypeScript,278,18,150-499,false,false
supabase_supabase__39296,supabase/supabase,39296,441825cc0fd842c0f30ac860d12c1db91a60e281,2025-10-07T06:05:54+03:00,agent,agent-trailer,TypeScript,30,2,20-49,false,false
supabase_supabase__39350,supabase/supabase,39350,6b7c8116f30787fdc977db69b3351aeb93a81b50,2025-10-09T12:26:54+08:00,human,none,TypeScript,119,11,50-149,false,false
supabase_supabase__39528,supabase/supabase,39528,a7489eb69100c6bc6910298b602ecd5a019e0c36,2026-05-26T15:43:00+02:00,agent,agent-trailer,TypeScript,180,3,150-499,false,false
supabase_supabase__39608,supabase/supabase,39608,947d3b2a7304f7255e27ae0030b5814039bcb9c1,2025-10-17T14:41:54+08:00,human,none,TypeScript,29,5,20-49,false,false
supabase_supabase__39834,supabase/supabase,39834,e27602f62980fedb64a34129b3909174a752f3d0,2025-10-29T08:45:07+10:00,agent,agent-trailer,TypeScript,985,11,500+,false,false
supabase_supabase__39889,supabase/supabase,39889,d10001b7a74ebd5e42f60fa43edd66038be55c72,2025-10-30T17:43:02+10:00,agent,agent-trailer,TypeScript,904,23,500+,false,false
supabase_supabase__39892,supabase/supabase,39892,50255605ec340d1c0b48f18f301df21f15c2b685,2025-11-07T13:04:37+10:00,agent,agent-trailer,TypeScript,347,12,150-499,false,false
supabase_supabase__39991,supabase/supabase,39991,95eedb927e6941b7d831aaa15eb499b48f914b56,2025-10-30T17:30:54+11:00,agent,agent-trailer,TypeScript,816,13,500+,false,false
supabase_supabase__40004,supabase/supabase,40004,a1f73e57df6b8d4a889fe0ddb594670135d981a1,2025-10-31T11:53:46+00:00,human,none,TypeScript,311,4,150-499,false,false
supabase_supabase__40293,supabase/supabase,40293,986f3464a6b9604e72a35104cc3eb39ff8dd3178,2025-11-11T10:32:50+10:00,agent,agent-trailer,TypeScript,203,6,150-499,false,false
supabase_supabase__40376,supabase/supabase,40376,1f6ce0d096faf976c964512d5478de70e99e1797,2025-11-12T18:46:58+08:00,human,none,TypeScript,42,2,20-49,false,false
supabase_supabase__40699,supabase/supabase,40699,605d2fce6a4a3b4c97661b2971a1ea47f882cc9e,2025-11-25T06:56:55-07:00,human,none,TypeScript,127,1,50-149,false,false
supabase_supabase__40876,supabase/supabase,40876,866185df497b9ae3acba94e7c00cf4397ccb151f,2025-12-01T14:54:41+00:00,human,none,TypeScript,228,9,150-499,false,false
supabase_supabase__40887,supabase/supabase,40887,be90135d82e032214bdda5f899c1c7064ceff8ee,2025-12-17T07:37:10+09:00,human,none,TypeScript,172,3,150-499,false,false
supabase_supabase__41028,supabase/supabase,41028,95ee152a71add15878d987f77729005ead55baaf,2025-12-04T14:36:21-03:30,human,none,TypeScript,42,2,20-49,false,false
supabase_supabase__41042,supabase/supabase,41042,e61d0e69cd8c51dcae7270e6463a149ef9a6fe85,2025-12-05T22:52:35+08:00,human,none,TypeScript,160,20,150-499,false,false
supabase_supabase__41075,supabase/supabase,41075,a36b65e7a368c984b95c5dfb42c4368621abed00,2025-12-18T11:21:09+02:00,human,none,TypeScript,253,12,150-499,false,false
supabase_supabase__41093,supabase/supabase,41093,9d5cf039912f5b0ee387d98167dc84bd66b1d83c,2025-12-08T17:54:51+10:00,agent,agent-trailer,TypeScript,486,6,150-499,false,false
supabase_supabase__41224,supabase/supabase,41224,3d6be390a66eb9b87700e5095664a35e0193115c,2025-12-11T12:18:18+08:00,human,none,TypeScript,121,5,50-149,false,false
supabase_supabase__41376,supabase/supabase,41376,1df47957c2bb593d8fbc0db6453912605ac1b917,2025-12-18T08:33:38-07:00,human,none,TypeScript,115,3,50-149,false,false
supabase_supabase__41767,supabase/supabase,41767,8c367d0c86a10e9d6afed67e0f809f70c7e8fff0,2026-01-07T15:27:04+02:00,human,none,YAML,41,4,20-49,false,false
supabase_supabase__41824,supabase/supabase,41824,d30afc4dfd2a410bc498a0ad857c06b987e1380a,2026-01-13T11:23:02-03:30,agent,agent-trailer,TypeScript,53,15,50-149,false,false
supabase_supabase__41893,supabase/supabase,41893,15eb27fb1913da41cf3af3b9b0c0ed98283ff44d,2026-01-22T09:21:53-03:00,agent,agent-trailer,TOML,191,2,150-499,false,false
supabase_supabase__42018,supabase/supabase,42018,29c5211864766e08a8892462cf62e75f92015946,2026-01-30T19:44:38+00:00,human,none,TypeScript,68,2,50-149,false,false
supabase_supabase__42071,supabase/supabase,42071,2a3775541cba421e136dd7b79c0c3912e19b29f8,2026-01-27T21:18:48+00:00,agent,agent-trailer,TOML,130,3,50-149,false,false
supabase_supabase__42148,supabase/supabase,42148,61534975002fe90cbde4ddd197f76f9f0d98b02e,2026-03-24T10:18:54+00:00,agent,agent-trailer,TypeScript,263,9,150-499,false,false
supabase_supabase__42300,supabase/supabase,42300,b99a9ea416af7eb4eb9d0e63c2dead4cf21961af,2026-04-23T12:09:10+01:00,agent,agent-trailer,TypeScript,291,8,150-499,false,false
supabase_supabase__42324,supabase/supabase,42324,72adfbdc0b63bedbf134037aec0ae1e1b8e0c8d7,2026-01-30T13:30:55-05:00,human,none,TypeScript,108,6,50-149,false,false
supabase_supabase__42428,supabase/supabase,42428,473619bece7ccb6b3454ea74e442b69d449dfad6,2026-02-04T17:53:52+01:00,agent,agent-trailer,TypeScript,1611,9,500+,false,false
supabase_supabase__42591,supabase/supabase,42591,e803507a0dcfcb80e2a3b9e7f9f6422a23552a39,2026-02-09T11:47:43+08:00,human,none,TypeScript,340,6,150-499,false,false
supabase_supabase__42613,supabase/supabase,42613,3f6843a6b1603b69f7b707ed1de2420718b60ce3,2026-02-09T16:58:11+01:00,human,none,TypeScript,51,2,50-149,false,false
supabase_supabase__42874,supabase/supabase,42874,32f70db13d4124da82e903abbd6469b18f5191f0,2026-02-17T09:48:12-03:00,agent,agent-trailer,YAML,210,5,150-499,false,false
supabase_supabase__42933,supabase/supabase,42933,36137c784b96a30b4894d972a89a0055428b5415,2026-02-27T17:26:23+01:00,agent,agent-trailer,TypeScript,334,6,150-499,false,false
supabase_supabase__42988,supabase/supabase,42988,86f62a2f15d4563f991ecbc5ed817add4c9a0bb7,2026-02-19T15:51:55+02:00,human,none,JSON,64796,13,500+,false,false
supabase_supabase__43109,supabase/supabase,43109,7ed8ab83a8359e044c2d4af0765124624129d8d4,2026-03-13T15:09:26+00:00,agent,agent-trailer,TypeScript,3519,48,500+,false,false
supabase_supabase__43140,supabase/supabase,43140,9b028f6fd5fb8cdd9d29c51677befca9c0174cc3,2026-03-09T17:33:14+00:00,agent,agent-trailer,TypeScript,295,10,150-499,false,false
supabase_supabase__43191,supabase/supabase,43191,ce980f1724bf7e6edc6e6485094115b01385a894,2026-02-25T20:17:00+00:00,agent,agent-trailer,TypeScript,95,8,50-149,false,false
supabase_supabase__43239,supabase/supabase,43239,affdf865e0d95f92a73bee16eb9a8edd8f981343,2026-02-27T16:14:57+01:00,human,none,TypeScript,254,4,150-499,false,false
supabase_supabase__43281,supabase/supabase,43281,55e0b34a18b52e31a6bf38002f2d74bdfd7a394d,2026-03-31T20:05:08+05:00,agent,agent-trailer,TypeScript,1159,14,500+,false,false
supabase_supabase__43469,supabase/supabase,43469,e29f4ca6f30a45d3628d3bc21bc97318d5570e55,2026-03-06T09:05:25-03:00,human,none,TypeScript,74,6,50-149,false,false
supabase_supabase__43697,supabase/supabase,43697,2e1795dfa09a25545401336819d940fab2838746,2026-03-23T15:27:43+01:00,agent,agent-trailer,TypeScript,350,12,150-499,false,false
supabase_supabase__43790,supabase/supabase,43790,62426253c3fa1dc80951e78ee030270e9dec5000,2026-03-17T09:48:34+00:00,agent,agent-trailer,TypeScript,164,6,150-499,false,false
supabase_supabase__43804,supabase/supabase,43804,73112440c34a1ccdb6d957d7bcca699d472cd72a,2026-03-23T13:23:10+10:00,agent,agent-trailer,TypeScript,85,5,50-149,false,false
supabase_supabase__43817,supabase/supabase,43817,bb1ced5e1076e3c2046e7560dfcaad155d11d48d,2026-03-17T13:07:43+01:00,agent,agent-trailer,Vue,1764,34,500+,false,false
supabase_supabase__43862,supabase/supabase,43862,3b010f146f3923553e1bea0780203dca826a8a64,2026-03-17T15:06:46+01:00,agent,agent-trailer,TypeScript,44,2,20-49,false,false
supabase_supabase__43877,supabase/supabase,43877,56fdd5584b57159c33258edca1d7d61053a9800d,2026-03-18T12:03:12-04:00,agent,agent-trailer,JSON,38,1,20-49,false,false
supabase_supabase__43900,supabase/supabase,43900,d571c7404ad13f9cc5340ae6ff937ab5c9a19ef5,2026-03-20T09:27:20+01:00,human,none,TypeScript,147,2,50-149,false,false
supabase_supabase__43929,supabase/supabase,43929,b14ef270b296a89c7d78b4c00d07f5d7afc999f9,2026-03-19T13:07:05-06:00,agent,agent-trailer,TypeScript,556,7,500+,false,false
supabase_supabase__43949,supabase/supabase,43949,2ab9915d8c721e041fdae32eb65f6fb0807adc5a,2026-03-27T09:14:04+10:00,agent,agent-trailer,TypeScript,492,11,150-499,false,false
supabase_supabase__43998,supabase/supabase,43998,4336c8cf5a632838218695a75b3a0215e94ebf57,2026-03-20T09:04:28+01:00,agent,agent-trailer,TypeScript,24,1,20-49,false,false
supabase_supabase__44006,supabase/supabase,44006,3f6cd1f18827a3271b38b96c6154010b26fbd1bc,2026-03-25T19:23:46+10:00,agent,agent-trailer,TypeScript,388,7,150-499,false,false
supabase_supabase__44025,supabase/supabase,44025,b93733c811c5f81b076ae3eb076c39c1a4aeeb91,2026-03-23T16:14:33+01:00,human,none,TypeScript,66,3,50-149,false,false
supabase_supabase__44077,supabase/supabase,44077,0efa8a036ad1666a919133df5c342294d2f51917,2026-03-23T16:50:07+01:00,agent,agent-trailer,TypeScript,125,10,50-149,false,false
supabase_supabase__44173,supabase/supabase,44173,b84068f1734a74716750b8ade4ed7e5c2c4fa6b8,2026-03-25T11:08:56+01:00,human,none,TypeScript,32,4,20-49,true,true
supabase_supabase__44248,supabase/supabase,44248,aab4550c1bd8dca41b9b00f9a672456bdbfd4d1a,2026-04-07T03:52:38-04:00,agent,agent-trailer,TypeScript,3643,47,500+,false,false
supabase_supabase__44287,supabase/supabase,44287,d1439eb1141767e2151fe34f6b660916b525f042,2026-03-30T16:45:16+01:00,human,none,TypeScript,63,3,50-149,false,false
supabase_supabase__44343,supabase/supabase,44343,4295e41e810514da453757bcbe6f3a6104d8eb0c,2026-03-30T23:33:04+08:00,agent,agent-trailer,Other,2752,32,500+,false,false
supabase_supabase__44372,supabase/supabase,44372,b721a2d78080f52d473558921bb80db7cc6b1e15,2026-04-20T10:33:56+10:00,agent,agent-trailer,TypeScript,1599,22,500+,false,false
supabase_supabase__44408,supabase/supabase,44408,4a0bb36ca8d29fc12a9a759f8e9b051d3c90c478,2026-04-01T04:22:37-04:00,agent,agent-trailer,TypeScript,14534,1457,500+,true,false
supabase_supabase__44426,supabase/supabase,44426,cadfc8731c4fecac7b106f58b32ade61281f0397,2026-05-21T21:03:21+02:00,agent,agent-trailer,TypeScript,1619,25,500+,false,false
supabase_supabase__44436,supabase/supabase,44436,bf16d7f613533eba9d6f2e97f6001cbf4df05b6f,2026-04-07T16:01:38+02:00,agent,agent-trailer,TypeScript,194,5,150-499,false,false
supabase_supabase__44438,supabase/supabase,44438,83e5ee8c5c2d1e203d16cb67778d6a1ac00c9c30,2026-04-14T16:40:18+01:00,agent,agent-trailer,TypeScript,279,6,150-499,false,false
supabase_supabase__44451,supabase/supabase,44451,6cca908e5b6a66725df6a0a8124a86aef0016051,2026-04-02T02:59:11+05:30,agent,agent-trailer,TypeScript,30,4,20-49,false,false
supabase_supabase__44519,supabase/supabase,44519,cccae29569c129e52178837d6d4662baa11f5986,2026-04-03T17:28:56+02:00,agent,agent-trailer,TypeScript,280,9,150-499,false,false
supabase_supabase__44520,supabase/supabase,44520,3f9765e2f81c95790c08a776d2d6f94fb6a9ba7f,2026-04-07T13:46:29+02:00,agent,agent-trailer,TypeScript,1328,18,500+,false,false
supabase_supabase__44522,supabase/supabase,44522,6563dc7998d4325e4b1ffaa29a71cc789debcfbc,2026-04-06T10:02:56-04:00,human,none,TypeScript,1510,14,500+,false,false
supabase_supabase__44557,supabase/supabase,44557,255d754eb43414db138172e77edbf9c0d46c99c0,2026-04-14T18:16:35+08:00,human,none,TypeScript,42,1,20-49,false,false
supabase_supabase__44621,supabase/supabase,44621,21584fe5124487d0be3fff952c253a93503fbc68,2026-04-15T16:39:32+02:00,agent,agent-trailer,TypeScript,433,7,150-499,false,false
supabase_supabase__44629,supabase/supabase,44629,61578be9b3057720e44cfee8037c86faec86d1df,2026-04-13T10:38:46-03:00,agent,agent-trailer,YAML,170,7,150-499,false,false
supabase_supabase__44641,supabase/supabase,44641,4d497b64982b9cbc8eafc2f267bf6f21b60a8e30,2026-04-09T01:52:22+01:00,agent,agent-trailer,Other,208,3,150-499,false,false
supabase_supabase__44674,supabase/supabase,44674,5d013cb2f6669f1cee00244b9cfa14490bb636ac,2026-04-09T14:32:02-04:00,human,none,TypeScript,570,25,500+,false,false
supabase_supabase__44702,supabase/supabase,44702,313ef75011f99de97e26c7b023e9dd026759e00a,2026-06-01T12:58:37+02:00,agent,agent-trailer,TypeScript,122,2,50-149,false,false
supabase_supabase__44797,supabase/supabase,44797,16db81cc9c60abf68fc5a613ee2af6acfe6fdd70,2026-04-30T18:31:45+10:00,agent,agent-trailer,TypeScript,131,4,50-149,false,false
supabase_supabase__44857,supabase/supabase,44857,1545df1fe60bc0a03a07ec77d14def29564faf74,2026-04-15T11:09:47+02:00,agent,agent-trailer,TypeScript,287,5,150-499,false,false
supabase_supabase__44965,supabase/supabase,44965,9e3a10d557832a6d07dadefd63c9df3325c5bed0,2026-04-28T12:17:29+10:00,agent,agent-trailer,TypeScript,778,12,500+,false,false
supabase_supabase__45127,supabase/supabase,45127,28a2c25e0e7a3ba605c04ac2a22bf91b73b92f6e,2026-04-23T08:06:03-06:00,human,none,TypeScript,350,7,150-499,false,false
supabase_supabase__45170,supabase/supabase,45170,d8bd6b047c2b7c75b88a69842ff6d0f6bfcc5cc7,2026-05-04T12:58:16+02:00,agent,agent-trailer,TypeScript,338,87,150-499,false,false
supabase_supabase__45219,supabase/supabase,45219,580598f0e823042c0ee664f94e8532f061e96a40,2026-04-29T12:31:30+02:00,agent,agent-trailer,TypeScript,2096,22,500+,false,false
supabase_supabase__45274,supabase/supabase,45274,dfd3eec8e9fb6be2842139fd2d8ffab9491e3756,2026-04-27T14:15:11+02:00,agent,agent-trailer,TypeScript,161,4,150-499,false,false
supabase_supabase__45294,supabase/supabase,45294,088267735417ab9c7f9d548a5aa0862701fa9d6d,2026-04-28T05:53:17-03:00,agent,agent-trailer,JSON,182,6,150-499,false,false
supabase_supabase__45314,supabase/supabase,45314,a5b36d91deeb1034edf7a8760376d4f970ab73fb,2026-04-29T16:32:36+02:00,human,none,TypeScript,346,11,150-499,false,false
supabase_supabase__45326,supabase/supabase,45326,fe928ad76d4d7b1337023dcb3ef4ccea25a533be,2026-04-28T16:35:34+02:00,agent,agent-trailer,TypeScript,292,3,150-499,false,false
supabase_supabase__45340,supabase/supabase,45340,f051c6a1c1c7455211c3bf908fcff7b4b33aeaed,2026-04-28T16:34:56-04:00,human,none,Shell,50,3,50-149,false,false
supabase_supabase__45394,supabase/supabase,45394,dff4744805fd97af458ad346907004d481c60f87,2026-05-01T14:47:33+09:00,human,none,TypeScript,208,2,150-499,true,true
supabase_supabase__45396,supabase/supabase,45396,a45776ecb97a35db8afb0cc107401f65c9ecaea7,2026-05-28T15:23:45+10:00,agent,agent-trailer,TypeScript,806,24,500+,false,false
supabase_supabase__45462,supabase/supabase,45462,9777f051d6ee59e4ae105648a72c17628a72a1e1,2026-07-07T08:16:23-03:00,human,none,YAML,109,5,50-149,true,true
supabase_supabase__45475,supabase/supabase,45475,27f31ef692b74b11120cbb2d0afc76524c2ec0f2,2026-05-11T12:30:25-03:00,human,none,TypeScript,128,2,50-149,false,false
supabase_supabase__45516,supabase/supabase,45516,420d4d0b5ac399b8ed106715f625a270f261d1ca,2026-05-12T18:02:55+02:00,agent,agent-trailer,TypeScript,96,3,50-149,false,false
supabase_supabase__45660,supabase/supabase,45660,08efb963f92c42a87d501f60445e2a444eb002eb,2026-05-07T14:51:21+08:00,agent,agent-trailer,TypeScript,341,6,150-499,false,false
supabase_supabase__45675,supabase/supabase,45675,e7163da1bd56a51fc5648951d3f56bfd08c0dd3a,2026-05-07T20:05:08+05:30,human,none,TypeScript,34,2,20-49,false,false
supabase_supabase__45716,supabase/supabase,45716,2133134daaa2460851a8e66f9f345bb1bc3ab558,2026-05-08T15:12:30-03:00,agent,agent-trailer,YAML,150,2,150-499,false,false
supabase_supabase__45747,supabase/supabase,45747,52fccc7b3b9d06425ab1d2ea4b8be608f27e028f,2026-05-11T13:32:08+02:00,agent,agent-trailer,TypeScript,32,1,20-49,false,false
supabase_supabase__45787,supabase/supabase,45787,4e982175002281c2825e7f3dffc3ac7f3304b0cb,2026-05-11T12:04:12+02:00,agent,agent-trailer,TypeScript,26,2,20-49,false,false
supabase_supabase__45971,supabase/supabase,45971,4e86c39ea18e1d35cf8d3133effffbe5f45b6776,2026-05-15T15:09:25+02:00,human,none,TypeScript,652,15,500+,false,false
supabase_supabase__46054,supabase/supabase,46054,10f930d5271164b630cd8378ad61046aa7471c87,2026-05-22T13:07:46+10:00,agent,agent-trailer,TypeScript,59,15,50-149,false,false
supabase_supabase__46096,supabase/supabase,46096,08c0fc247bbcfb441f03482ba0498a78ac6b79c3,2026-05-19T15:42:44+01:00,human,none,TypeScript,117,7,50-149,false,false
supabase_supabase__46104,supabase/supabase,46104,02d7454ac9140047ebf3174b961b6d2c9471473d,2026-05-21T18:47:44+02:00,human,none,TypeScript,20,1,20-49,false,false
supabase_supabase__46120,supabase/supabase,46120,da3b0cb3ecf4e890365ca6fd7714bf160ca0d62c,2026-05-20T09:17:22+02:00,human,none,TypeScript,67,2,50-149,false,false
supabase_supabase__46147,supabase/supabase,46147,69b22d37cde059dcd0fa9a33016b0932e2e91843,2026-05-20T17:01:24+02:00,agent,agent-trailer,TypeScript,90,4,50-149,false,false
supabase_supabase__46198,supabase/supabase,46198,a27487fe580e7b6b7da1f68abecc49b395942550,2026-05-22T12:37:12+10:00,agent,agent-trailer,TypeScript,298,13,150-499,false,false
supabase_supabase__46228,supabase/supabase,46228,11cc37694717009f768ffe6f3e285fefd15f6395,2026-05-22T09:14:23+02:00,human,none,TypeScript,218,4,150-499,false,false
supabase_supabase__46241,supabase/supabase,46241,c721e8fa8fe729cca13dc5bdac8e54bfe8386316,2026-05-22T15:55:58+10:00,agent,agent-trailer,TypeScript,260,15,150-499,false,false
supabase_supabase__46242,supabase/supabase,46242,5fdff9707fb796d20c7f381fa9bc9dae8332586f,2026-05-22T17:51:23+10:00,agent,agent-trailer,TypeScript,185,3,150-499,false,false
supabase_supabase__46245,supabase/supabase,46245,7283459a02c782d74fba58b2f281f2d7ff3da936,2026-05-23T02:08:39+10:00,agent,agent-trailer,TypeScript,28,3,20-49,false,false
supabase_supabase__46250,supabase/supabase,46250,55ee3e0f2c56e13fb3d39b4d13766f5168f05e02,2026-05-22T18:24:17+10:00,agent,agent-trailer,TypeScript,297,10,150-499,false,false
supabase_supabase__46319,supabase/supabase,46319,8192d97008d0c5bdce83c38c5328e521745b90a1,2026-06-29T03:09:31-06:00,agent,agent-trailer,TypeScript,705,8,500+,false,false
supabase_supabase__46352,supabase/supabase,46352,498d051d88b6c77d50846b9deaab41eb3e727d6f,2026-05-27T01:48:50+10:00,agent,agent-trailer,TypeScript,743,23,500+,false,false
supabase_supabase__46382,supabase/supabase,46382,fc7f7f105ac191d5e5753421634cad65032dd982,2026-05-26T12:28:20-02:30,agent,agent-trailer,TypeScript,20,2,20-49,false,false
supabase_supabase__46499,supabase/supabase,46499,a7dda67549a283ff3e5f5b6f1710578415dd2d8e,2026-06-03T12:00:19+02:00,agent,agent-trailer,TypeScript,276,14,150-499,false,false
supabase_supabase__46550,supabase/supabase,46550,f46a5305c222264bd7fe8015390e6bf77a0d8a18,2026-06-02T15:38:57+02:00,human,none,TypeScript,638,5,500+,true,true
supabase_supabase__46589,supabase/supabase,46589,ab93452cdfc0fd0d840eb0a94e1622be48425526,2026-06-08T11:31:47+02:00,agent,agent-trailer,TypeScript,195,3,150-499,false,false
supabase_supabase__46614,supabase/supabase,46614,776381ea983a97564d42f8414b63cbf8f47d974b,2026-06-04T21:40:01+02:00,agent,agent-trailer,TypeScript,1274,18,500+,false,false
supabase_supabase__46654,supabase/supabase,46654,efdfb11f93966d7c5a26e8e628b2884fd6b319f7,2026-06-05T08:42:00-06:00,human,none,TypeScript,57,1,50-149,false,false
supabase_supabase__46673,supabase/supabase,46673,34163fc0ca37b34dcc9a571ebee084e4b18642bf,2026-06-05T17:55:23+02:00,agent,agent-trailer,TypeScript,36,3,20-49,false,false
supabase_supabase__46720,supabase/supabase,46720,88440f087b1be05191becfa36b28382319d7873b,2026-06-09T12:18:52+02:00,agent,agent-trailer,TypeScript,90,3,50-149,false,false
supabase_supabase__46771,supabase/supabase,46771,b8c8b00b40270996330d84daa2753ed4afec60ff,2026-06-15T09:56:58+02:00,agent,agent-trailer,TypeScript,28,1,20-49,false,false
supabase_supabase__46786,supabase/supabase,46786,9c572a56fd46c5bd41eaabaa2272e8917ec3d9bf,2026-06-09T18:46:37+02:00,agent,agent-trailer,TypeScript,86,6,50-149,false,false
supabase_supabase__46803,supabase/supabase,46803,4c011cf9c00032403d75d617ede5e6ab3d6cd557,2026-06-15T09:57:19+02:00,agent,agent-trailer,TypeScript,493,5,150-499,false,false
supabase_supabase__46830,supabase/supabase,46830,aae3adab23e91da0c590dd4e1dee08afd23fa95e,2026-06-11T18:26:47+04:00,agent,agent-trailer,TypeScript,198,2,150-499,false,false
supabase_supabase__46928,supabase/supabase,46928,42ca11f89e7649402a303fd561bddaa9982c4107,2026-06-16T16:58:48+02:00,agent,agent-trailer,TypeScript,50,7,50-149,false,false
supabase_supabase__46941,supabase/supabase,46941,de76c83238d331b8ff3134eb113d4c9306aeb38c,2026-06-17T12:32:09+02:00,agent,agent-trailer,TypeScript,216,6,150-499,false,false
supabase_supabase__46953,supabase/supabase,46953,3211d52a2a81066b1db3e393a562b7b1ff693e5b,2026-06-17T08:28:09-06:00,agent,agent-trailer,TypeScript,28,1,20-49,false,false
supabase_supabase__46960,supabase/supabase,46960,43c2229f1e11ac49027578b98bf24690a3dd35dd,2026-06-16T02:19:57-06:00,agent,agent-trailer,TypeScript,120,5,50-149,false,false
supabase_supabase__46967,supabase/supabase,46967,e491182054e3206a44899a616bfd5c45a13ae222,2026-06-18T17:34:56+10:00,agent,agent-trailer,TypeScript,1306,27,500+,false,false
supabase_supabase__47007,supabase/supabase,47007,77ecfd59978f659df3dc9c9f9d02b8b7954680b7,2026-06-18T10:48:26-06:00,agent,agent-trailer,TypeScript,501,6,500+,false,false
supabase_supabase__47028,supabase/supabase,47028,587607d335afe631b7fff88991b639721a21f061,2026-06-17T13:29:49+02:00,agent,agent-trailer,TypeScript,52,3,50-149,false,false
supabase_supabase__47088,supabase/supabase,47088,b87110b695eb0524ed2a6fafc6d4318cf6da08d6,2026-06-18T18:27:24+02:00,agent,agent-trailer,TypeScript,233,3,150-499,false,false
supabase_supabase__47143,supabase/supabase,47143,516dc1267683fdcea4d9ac5c37723be6ee9533f4,2026-06-22T16:42:04-07:00,human,none,CSS,33,3,20-49,false,false
supabase_supabase__47204,supabase/supabase,47204,e1e2498db0927c45f4135fc918804cefb0e77943,2026-06-23T09:42:49-04:00,human,none,TypeScript,326,7,150-499,false,false
supabase_supabase__47218,supabase/supabase,47218,30b02aa0b7e380d6bfb84890c9b53acbd082dbc7,2026-07-07T10:04:56+02:00,agent,agent-trailer,TypeScript,208,14,150-499,false,false
supabase_supabase__47265,supabase/supabase,47265,d5bceb8db886afd4a22a872b0b5d0b8efea030d0,2026-06-25T17:46:23+02:00,agent,agent-trailer,TypeScript,67,2,50-149,false,false
supabase_supabase__47285,supabase/supabase,47285,ef148b6504e350307ca85dbdcd173846c148d961,2026-06-25T02:05:20-06:00,agent,agent-trailer,TypeScript,107,1,50-149,false,false
supabase_supabase__47323,supabase/supabase,47323,791fa6fa1b346e7cea4758c45b1f9eb56c0967b3,2026-06-26T18:17:41+10:00,agent,agent-trailer,TypeScript,67,2,50-149,false,false
supabase_supabase__47353,supabase/supabase,47353,a074b62ed13ee5e03a637bf311eb3d9ddec7b925,2026-06-26T14:50:37-06:00,agent,agent-trailer,TypeScript,36,7,20-49,false,false
supabase_supabase__47415,supabase/supabase,47415,d582d3cd8f910849b51e99172ebaa7496178dc0d,2026-06-29T12:46:40-07:00,agent,agent-footer,JSON,56,6,50-149,false,false
supabase_supabase__47419,supabase/supabase,47419,90526fe0b01d03d0ce414727aed2c1ea2fa858ea,2026-06-30T01:56:51-07:00,agent,agent-trailer,JSON,60,5,50-149,false,false
supabase_supabase__47434,supabase/supabase,47434,25f1648e3a91b996476d1e5f5f857edd51ed1b4b,2026-06-30T10:22:23+02:00,agent,agent-trailer,TypeScript,56,2,50-149,false,false
supabase_supabase__47436,supabase/supabase,47436,ebafe8dd05bc4219ccc46afca16929a1e0d26857,2026-06-30T12:01:55+02:00,agent,agent-trailer,TypeScript,26,2,20-49,false,false
supabase_supabase__47469,supabase/supabase,47469,6418820b0be06e7e33f9712cd6871e5ac0c33ccb,2026-07-13T16:35:46-07:00,human,none,TypeScript,198,9,150-499,false,false
supabase_supabase__47479,supabase/supabase,47479,c4c213ce3d6db0471ae009e2e0258097b387ab07,2026-07-07T19:38:21+01:00,agent,agent-trailer,TypeScript,989,16,500+,false,false
supabase_supabase__47489,supabase/supabase,47489,0bfca221e90c9df03da960ad81c1e73da44934a5,2026-07-02T13:03:29+02:00,agent,agent-trailer,TypeScript,122,4,50-149,false,false
supabase_supabase__47502,supabase/supabase,47502,91d70a8c38bffadf83174b3552708a353fcaf33f,2026-07-02T13:02:46+02:00,agent,agent-trailer,TypeScript,230,6,150-499,false,false
supabase_supabase__47550,supabase/supabase,47550,09ea558d54be874eab61cf19d38f275bc6a0d245,2026-07-06T19:34:20+10:00,human,none,TypeScript,524,4,500+,false,false
supabase_supabase__47631,supabase/supabase,47631,2880eee63ce69dca4453010d4fd815fe609c5e0c,2026-07-06T13:49:11+02:00,agent,agent-trailer,TypeScript,54,1,50-149,false,false
supabase_supabase__47751,supabase/supabase,47751,82495cb45545eb074b61460ce4e1c76cff6fd393,2026-07-09T01:49:07-07:00,human,none,JSON,61,4,50-149,false,false
supabase_supabase__47753,supabase/supabase,47753,949a57d2854b7fcadc0d621cb7fffa167506d581,2026-07-09T14:18:07-05:00,agent,agent-trailer,TypeScript,117,10,50-149,false,false
supabase_supabase__47897,supabase/supabase,47897,a9115b694f57bfc36524694197cfde3dde4f6b6e,2026-07-13T15:57:13-07:00,human,none,TypeScript,35,1,20-49,false,false
supabase_supabase__47994,supabase/supabase,47994,8c511032b694459d4aad23bb59f0dd31d1d38dc7,2026-07-20T14:22:58+02:00,human,none,TypeScript,147,2,50-149,false,false
supabase_supabase__48011,supabase/supabase,48011,dba31df91d82da2897dc69e367c29e09a122d0c1,2026-07-17T16:08:13+02:00,human,none,TypeScript,273,4,150-499,false,false
supabase_supabase__48037,supabase/supabase,48037,3d1d34bbc7a0e68eaa816e23203370b92d6e9ad6,2026-07-21T14:29:21+02:00,agent,agent-trailer,JSON,91,4,50-149,false,false
supabase_supabase__48099,supabase/supabase,48099,45ba40eff937cdfd2fea7183c785db2124c4601f,2026-07-20T19:37:02+01:00,agent,agent-trailer,TypeScript,95,7,50-149,false,false
supabase_supabase__48142,supabase/supabase,48142,c13cb81e76d8f4f1fccdc99ed0708054479097f5,2026-07-21T15:40:36+00:00,agent,bot-author,TypeScript,457,3,150-499,false,false
supabase_supabase__48148,supabase/supabase,48148,6c6a721cb73195246afbbd621aa0cfb9f4eb08c5,2026-07-24T08:07:08+02:00,agent,agent-trailer,TypeScript,1484,29,500+,false,false
supabase_supabase__48226,supabase/supabase,48226,39276f80d070b8ad3663fa50ca4c5a97c50df453,2026-07-23T11:33:38-07:00,agent,agent-trailer,JavaScript,149,2,50-149,false,false
supabase_supabase__48269,supabase/supabase,48269,35b2e82852f7d039502bb93f4fbef2599a9aecbe,2026-07-28T15:07:55+02:00,agent,bot-author,TypeScript,402,3,150-499,false,false
supabase_supabase__48314,supabase/supabase,48314,37dded67d123f7c650a78ea6320e53e118dc5262,2026-07-28T16:21:50-04:00,human,none,TypeScript,287,21,150-499,false,false
supabase_supabase__48320,supabase/supabase,48320,52cb1c2600a372cbd0b274c6eeec8813bf10b919,2026-07-27T17:04:58-07:00,agent,agent-trailer,TypeScript,1078,11,500+,false,false
