id,repo,prNumber,provenance,evidence,language,changedLines,sizeBucket,emptyBody,nQuestions,realMean,syntheticMean,realPctExplicit,syntheticPctExplicit,gap
apache_airflow__40457,apache/airflow,40457,human,none,Python,38,20-49,true,3,0.3333,1.6667,0,66.6667,-1.3333
apache_airflow__40491,apache/airflow,40491,human,none,Python,37,20-49,false,3,0,1.3333,0,66.6667,-1.3333
apache_airflow__40558,apache/airflow,40558,human,none,Python,42,20-49,false,4,0.2500,1.5000,0,75,-1.2500
apache_airflow__40802,apache/airflow,40802,human,none,Python,1009,500+,false,4,0,1,0,0,-1
apache_airflow__40809,apache/airflow,40809,human,none,Python,210,150-499,true,3,0,2,0,100,-2
apache_airflow__40854,apache/airflow,40854,human,none,Python,245,150-499,true,4,0,0.7500,0,25,-0.7500
apache_airflow__41200,apache/airflow,41200,human,none,TypeScript,135,50-149,true,3,0,1.6667,0,66.6667,-1.6667
apache_airflow__41277,apache/airflow,41277,human,none,Python,319,150-499,false,3,0,1.3333,0,66.6667,-1.3333
apache_airflow__41296,apache/airflow,41296,human,none,Python,22,20-49,false,4,0.5000,2,0,100,-1.5000
apache_airflow__41396,apache/airflow,41396,human,none,Python,564,500+,true,3,0,1,0,33.3333,-1
apache_airflow__41663,apache/airflow,41663,human,none,Python,141,50-149,false,4,0.2500,1.5000,0,75,-1.2500
apache_airflow__41846,apache/airflow,41846,human,none,TypeScript,23010,500+,false,4,0.2500,1.7500,0,75,-1.5000
apache_airflow__42474,apache/airflow,42474,human,none,Python,104,50-149,false,3,0.6667,2,0,100,-1.3333
apache_airflow__42684,apache/airflow,42684,human,none,Python,183,150-499,false,3,1,2,0,100,-1
apache_airflow__42758,apache/airflow,42758,human,none,Python,45,20-49,false,3,0.6667,2,0,100,-1.3333
apache_airflow__42761,apache/airflow,42761,human,none,Python,782,500+,false,3,1.3333,1,33.3333,0,0.3333
apache_airflow__42770,apache/airflow,42770,human,none,Python,32,20-49,false,3,0,1.3333,0,66.6667,-1.3333
apache_airflow__42794,apache/airflow,42794,human,none,Python,110,50-149,true,3,0,1.3333,0,33.3333,-1.3333
apache_airflow__42865,apache/airflow,42865,human,none,Python,169,150-499,false,3,1.6667,1.6667,66.6667,66.6667,0
apache_airflow__43005,apache/airflow,43005,human,none,JSON,176,150-499,false,3,0.6667,1,33.3333,33.3333,-0.3333
apache_airflow__43159,apache/airflow,43159,human,none,TypeScript,456,150-499,true,4,0,1,0,50,-1
apache_airflow__43223,apache/airflow,43223,human,none,TypeScript,374,150-499,true,3,0,2,0,100,-2
apache_airflow__43669,apache/airflow,43669,human,none,Python,110,50-149,false,3,0.3333,2,0,100,-1.6667
apache_airflow__44287,apache/airflow,44287,human,none,TOML,33,20-49,true,4,0,0.7500,0,25,-0.7500
apache_airflow__44433,apache/airflow,44433,agent,agent-trailer,Python,583,500+,false,3,0.6667,1.6667,0,66.6667,-1
apache_airflow__44493,apache/airflow,44493,human,none,Python,138,50-149,false,3,0,1.6667,0,66.6667,-1.6667
apache_airflow__44627,apache/airflow,44627,human,none,Python,872,500+,false,3,0,0.3333,0,0,-0.3333
apache_airflow__44704,apache/airflow,44704,human,none,Python,119,50-149,false,3,0.3333,1.3333,0,33.3333,-1
apache_airflow__44745,apache/airflow,44745,human,none,Python,56,50-149,false,3,0,2,0,100,-2
apache_airflow__44778,apache/airflow,44778,human,none,Python,29,20-49,false,3,1,2,33.3333,100,-1
apache_airflow__44880,apache/airflow,44880,human,none,Python,23,20-49,true,3,0.6667,1.3333,0,66.6667,-0.6667
apache_airflow__44939,apache/airflow,44939,human,none,Python,29,20-49,false,3,0.6667,2,0,100,-1.3333
apache_airflow__45075,apache/airflow,45075,human,none,Python,271,150-499,false,4,0.5000,1,0,25,-0.5000
apache_airflow__45209,apache/airflow,45209,human,none,Python,29,20-49,false,3,0.3333,1.3333,0,66.6667,-1
apache_airflow__45397,apache/airflow,45397,human,none,Python,314,150-499,true,4,0.5000,1.7500,0,75,-1.2500
apache_airflow__45722,apache/airflow,45722,human,none,YAML,34,20-49,false,3,0.6667,1.3333,0,66.6667,-0.6667
apache_airflow__46037,apache/airflow,46037,human,none,Python,95,50-149,false,3,0.3333,2,0,100,-1.6667
apache_airflow__46063,apache/airflow,46063,human,none,Python,516,500+,true,3,0,1,0,0,-1
apache_airflow__46073,apache/airflow,46073,human,none,Python,21,20-49,true,3,0.6667,2,0,100,-1.3333
apache_airflow__46138,apache/airflow,46138,human,none,TypeScript,726,500+,false,3,0.6667,2,0,100,-1.3333
apache_airflow__46142,apache/airflow,46142,human,none,YAML,55,50-149,true,3,0,1.6667,0,66.6667,-1.6667
apache_airflow__46574,apache/airflow,46574,human,none,Python,22,20-49,true,3,0,1,0,33.3333,-1
apache_airflow__46826,apache/airflow,46826,human,none,Python,218,150-499,false,3,1,1.3333,33.3333,33.3333,-0.3333
apache_airflow__46848,apache/airflow,46848,human,none,Python,37,20-49,false,3,0.6667,1.3333,0,66.6667,-0.6667
apache_airflow__47124,apache/airflow,47124,human,none,YAML,33,20-49,false,3,0.6667,1.6667,33.3333,66.6667,-1
apache_airflow__47241,apache/airflow,47241,human,none,Python,169,150-499,false,3,0.6667,1.3333,0,33.3333,-0.6667
apache_airflow__48461,apache/airflow,48461,human,none,Python,92,50-149,false,3,0,2,0,100,-2
apache_airflow__48941,apache/airflow,48941,human,none,Python,140,50-149,true,4,0.5000,2,0,100,-1.5000
apache_airflow__48987,apache/airflow,48987,human,none,Python,167,150-499,false,3,0.6667,1.3333,0,66.6667,-0.6667
apache_airflow__49085,apache/airflow,49085,human,none,Python,20,20-49,true,3,0,1.6667,0,66.6667,-1.6667
apache_airflow__49137,apache/airflow,49137,human,none,TypeScript,76,50-149,false,3,0,1.3333,0,66.6667,-1.3333
apache_airflow__49199,apache/airflow,49199,human,none,Python,3786,500+,false,4,0,1,0,25,-1
apache_airflow__49610,apache/airflow,49610,human,none,Python,26,20-49,false,3,0.3333,1.3333,0,66.6667,-1
apache_airflow__49809,apache/airflow,49809,human,none,Python,228,150-499,true,3,1,2,0,100,-1
apache_airflow__50065,apache/airflow,50065,human,none,TypeScript,129,50-149,false,3,0,1.3333,0,66.6667,-1.3333
apache_airflow__50123,apache/airflow,50123,human,none,Python,156,150-499,true,4,0,1.5000,0,50,-1.5000
apache_airflow__50511,apache/airflow,50511,human,none,YAML,155,150-499,false,3,0.3333,1.3333,0,33.3333,-1
apache_airflow__50532,apache/airflow,50532,human,none,Python,23,20-49,true,3,0,2,0,100,-2
apache_airflow__50670,apache/airflow,50670,human,none,Python,408,150-499,true,4,0.5000,1.5000,0,75,-1
apache_airflow__50960,apache/airflow,50960,agent,agent-trailer,Python,1832,500+,false,4,1,0.7500,25,0,0.2500
apache_airflow__51297,apache/airflow,51297,human,none,Python,66,50-149,false,3,0,2,0,100,-2
apache_airflow__51404,apache/airflow,51404,human,none,JSON,1156,500+,true,3,0.6667,2,0,100,-1.3333
apache_airflow__51650,apache/airflow,51650,human,none,JSON,111,50-149,true,3,0,1,0,33.3333,-1
apache_airflow__52262,apache/airflow,52262,human,none,Python,210,150-499,false,3,0,1.6667,0,66.6667,-1.6667
apache_airflow__52302,apache/airflow,52302,human,none,TypeScript,388,150-499,true,3,0,2,0,100,-2
apache_airflow__52404,apache/airflow,52404,human,none,TOML,172,150-499,false,4,0,0.5000,0,0,-0.5000
apache_airflow__52564,apache/airflow,52564,human,none,Python,44,20-49,true,3,0.3333,2,0,100,-1.6667
apache_airflow__52591,apache/airflow,52591,human,none,Python,316,150-499,false,3,1,1.6667,33.3333,66.6667,-0.6667
apache_airflow__52737,apache/airflow,52737,human,none,TypeScript,358,150-499,true,3,0.3333,2,0,100,-1.6667
apache_airflow__52800,apache/airflow,52800,human,none,Python,53,50-149,true,3,0,2,0,100,-2
apache_airflow__53153,apache/airflow,53153,agent,agent-trailer,Python,464,150-499,false,3,0.3333,1,0,0,-0.6667
apache_airflow__53314,apache/airflow,53314,human,none,Python,46,20-49,true,3,0.3333,1.6667,0,66.6667,-1.3333
apache_airflow__53350,apache/airflow,53350,human,none,YAML,29,20-49,false,3,0,1,0,33.3333,-1
apache_airflow__53390,apache/airflow,53390,human,none,Python,49,20-49,false,3,0.6667,2,0,100,-1.3333
apache_airflow__53420,apache/airflow,53420,human,none,Python,214,150-499,false,4,0.2500,1.7500,0,75,-1.5000
apache_airflow__53514,apache/airflow,53514,human,none,Python,122,50-149,true,3,0.6667,1,0,33.3333,-0.3333
apache_airflow__54487,apache/airflow,54487,human,none,Python,46,20-49,false,3,0.3333,1.6667,0,66.6667,-1.3333
apache_airflow__54679,apache/airflow,54679,human,none,Python,173,150-499,false,4,0.7500,1.7500,0,75,-1
apache_airflow__54731,apache/airflow,54731,human,none,Go,39,20-49,false,3,0,2,0,100,-2
apache_airflow__55090,apache/airflow,55090,human,none,YAML,30,20-49,false,3,0,0.6667,0,0,-0.6667
apache_airflow__55114,apache/airflow,55114,human,none,TypeScript,188,150-499,true,3,0.6667,1.6667,0,66.6667,-1
apache_airflow__55118,apache/airflow,55118,human,none,Python,77,50-149,true,3,0,2,0,100,-2
apache_airflow__55486,apache/airflow,55486,human,none,TypeScript,514,500+,true,3,0.3333,1.6667,0,66.6667,-1.3333
apache_airflow__55499,apache/airflow,55499,human,none,Python,103,50-149,false,3,0.6667,1.6667,0,66.6667,-1
apache_airflow__55972,apache/airflow,55972,human,none,Python,631,500+,true,3,0,1.3333,0,33.3333,-1.3333
apache_airflow__56007,apache/airflow,56007,human,none,TOML,279,150-499,false,3,0.3333,1,0,33.3333,-0.6667
apache_airflow__56077,apache/airflow,56077,human,none,Python,61,50-149,false,3,0.3333,1.6667,0,66.6667,-1.3333
apache_airflow__56608,apache/airflow,56608,human,none,Python,20,20-49,false,3,0,1,0,33.3333,-1
apache_airflow__56692,apache/airflow,56692,human,none,Python,94,50-149,true,3,1,2,0,100,-1
apache_airflow__56695,apache/airflow,56695,human,none,Python,116,50-149,false,3,1.6667,1.3333,66.6667,33.3333,0.3333
apache_airflow__56936,apache/airflow,56936,human,none,Python,545,500+,false,3,0.6667,1.3333,33.3333,33.3333,-0.6667
apache_airflow__57010,apache/airflow,57010,human,none,Python,186,150-499,false,3,0.6667,2,0,100,-1.3333
apache_airflow__57103,apache/airflow,57103,human,none,Python,50,50-149,false,3,0,1.6667,0,66.6667,-1.6667
apache_airflow__57228,apache/airflow,57228,human,none,Python,22,20-49,true,3,0.3333,2,0,100,-1.6667
apache_airflow__57667,apache/airflow,57667,agent,agent-trailer,Python,669,500+,false,3,0,1.3333,0,66.6667,-1.3333
apache_airflow__57741,apache/airflow,57741,agent,agent-trailer,Python,395,150-499,false,3,0,1.6667,0,66.6667,-1.6667
apache_airflow__58292,apache/airflow,58292,human,none,TypeScript,152,150-499,false,3,0.3333,1.6667,0,66.6667,-1.3333
apache_airflow__58733,apache/airflow,58733,human,none,Python,43,20-49,true,4,1,1.7500,25,75,-0.7500
apache_airflow__58838,apache/airflow,58838,agent,agent-trailer,Python,86,50-149,false,3,0,2,0,100,-2
apache_airflow__58888,apache/airflow,58888,human,none,Python,51,50-149,false,3,0.3333,1.6667,0,66.6667,-1.3333
apache_airflow__59507,apache/airflow,59507,human,none,TypeScript,56,50-149,false,3,2,2,100,100,0
apache_airflow__59804,apache/airflow,59804,human,none,Python,43,20-49,true,4,0.2500,2,0,100,-1.7500
apache_airflow__59805,apache/airflow,59805,agent,agent-trailer,Python,3549,500+,false,4,1.7500,1,75,25,0.7500
apache_airflow__60146,apache/airflow,60146,human,none,Python,27,20-49,true,3,0,2,0,100,-2
apache_airflow__60440,apache/airflow,60440,agent,agent-trailer,Python,272,150-499,false,3,0.3333,1.6667,0,66.6667,-1.3333
apache_airflow__60545,apache/airflow,60545,human,none,Python,373,150-499,false,3,0.6667,1.3333,0,66.6667,-0.6667
apache_airflow__60633,apache/airflow,60633,human,none,JSON,72,50-149,true,3,0.3333,0.6667,0,0,-0.3333
apache_airflow__60647,apache/airflow,60647,human,none,Python,56,50-149,true,3,0,2,0,100,-2
apache_airflow__60676,apache/airflow,60676,human,none,Python,129,50-149,true,3,0.3333,1.6667,0,66.6667,-1.3333
apache_airflow__60735,apache/airflow,60735,human,none,Python,30,20-49,true,3,0,2,0,100,-2
apache_airflow__61560,apache/airflow,61560,agent,agent-trailer,TypeScript,59,50-149,false,3,1.6667,1.6667,66.6667,66.6667,0
apache_airflow__61706,apache/airflow,61706,human,none,Python,24,20-49,true,3,0,1.3333,0,66.6667,-1.3333
apache_airflow__61854,apache/airflow,61854,agent,agent-trailer,TypeScript,335,150-499,false,3,1.6667,1.3333,66.6667,33.3333,0.3333
apache_airflow__61861,apache/airflow,61861,human,none,Python,214,150-499,true,3,0.6667,1.6667,0,66.6667,-1
apache_airflow__62401,apache/airflow,62401,human,none,Python,321,150-499,false,3,0,2,0,100,-2
apache_airflow__62509,apache/airflow,62509,human,none,Python,150,150-499,true,3,1,2,0,100,-1
apache_airflow__62570,apache/airflow,62570,agent,agent-trailer,TOML,611,500+,false,3,1,1.3333,33.3333,33.3333,-0.3333
apache_airflow__62580,apache/airflow,62580,agent,agent-trailer,Python,73,50-149,false,3,1.3333,1.6667,33.3333,66.6667,-0.3333
apache_airflow__62627,apache/airflow,62627,human,none,Python,164,150-499,true,4,0,1.2500,0,25,-1.2500
apache_airflow__62657,apache/airflow,62657,agent,agent-trailer,Python,199,150-499,false,3,0.6667,1.3333,33.3333,66.6667,-0.6667
apache_airflow__62662,apache/airflow,62662,agent,agent-trailer,Python,53,50-149,false,3,1.3333,1.6667,66.6667,66.6667,-0.3333
apache_airflow__62665,apache/airflow,62665,agent,agent-trailer,Python,33,20-49,false,3,1.6667,1,66.6667,0,0.6667
apache_airflow__62682,apache/airflow,62682,agent,agent-trailer,Python,3268,500+,false,4,0.2500,0.5000,0,25,-0.2500
apache_airflow__62702,apache/airflow,62702,agent,agent-trailer,Python,106,50-149,false,3,0,1.3333,0,66.6667,-1.3333
apache_airflow__62723,apache/airflow,62723,agent,agent-trailer,TOML,39,20-49,false,3,2,1.6667,100,66.6667,0.3333
apache_airflow__62737,apache/airflow,62737,human,none,Python,78,50-149,false,3,1,2,0,100,-1
apache_airflow__62742,apache/airflow,62742,agent,agent-trailer,Python,27,20-49,true,3,0,1.3333,0,33.3333,-1.3333
apache_airflow__62755,apache/airflow,62755,agent,agent-trailer,Python,139,50-149,false,3,0.6667,2,0,100,-1.3333
apache_airflow__62820,apache/airflow,62820,agent,agent-trailer,Python,977,500+,true,4,0.7500,1.5000,0,50,-0.7500
apache_airflow__62831,apache/airflow,62831,agent,agent-trailer,TypeScript,121,50-149,false,4,1.7500,2,75,100,-0.2500
apache_airflow__62835,apache/airflow,62835,agent,agent-trailer,TypeScript,36,20-49,false,3,0.6667,2,0,100,-1.3333
apache_airflow__62907,apache/airflow,62907,agent,agent-trailer,Python,247,150-499,false,3,0.6667,1.6667,0,66.6667,-1
apache_airflow__62983,apache/airflow,62983,agent,agent-trailer,Python,345,150-499,false,3,1.6667,1.6667,66.6667,66.6667,0
apache_airflow__63016,apache/airflow,63016,human,none,Python,122,50-149,false,4,0.5000,1.7500,0,75,-1.2500
apache_airflow__63048,apache/airflow,63048,agent,agent-trailer,Python,34,20-49,false,3,1.6667,2,66.6667,100,-0.3333
apache_airflow__63210,apache/airflow,63210,human,none,Python,28,20-49,false,3,0.3333,2,0,100,-1.6667
apache_airflow__63300,apache/airflow,63300,agent,agent-trailer,Python,422,150-499,false,3,0.6667,1.6667,0,66.6667,-1
apache_airflow__63315,apache/airflow,63315,agent,agent-trailer,Python,220,150-499,false,4,0.5000,1.5000,0,50,-1
apache_airflow__63317,apache/airflow,63317,agent,agent-trailer,Python,82,50-149,false,3,1.6667,1.3333,66.6667,33.3333,0.3333
apache_airflow__63319,apache/airflow,63319,agent,agent-trailer,Python,766,500+,false,3,1.3333,2,66.6667,100,-0.6667
apache_airflow__63320,apache/airflow,63320,agent,agent-trailer,Python,22,20-49,false,3,1.3333,1.3333,66.6667,66.6667,0
apache_airflow__63347,apache/airflow,63347,agent,agent-trailer,Python,1850,500+,false,3,0.3333,1,0,33.3333,-0.6667
apache_airflow__63387,apache/airflow,63387,human,none,Python,63,50-149,false,3,0,2,0,100,-2
apache_airflow__63422,apache/airflow,63422,agent,agent-trailer,Python,469,150-499,true,4,0,1,0,50,-1
apache_airflow__63440,apache/airflow,63440,agent,agent-trailer,Python,662,500+,false,3,1,1.3333,33.3333,66.6667,-0.3333
apache_airflow__63475,apache/airflow,63475,agent,agent-trailer,Python,66,50-149,true,3,1,1.6667,0,66.6667,-0.6667
apache_airflow__63476,apache/airflow,63476,agent,agent-trailer,Python,95,50-149,false,3,1.6667,2,66.6667,100,-0.3333
apache_airflow__63520,apache/airflow,63520,agent,agent-trailer,Python,2294,500+,false,3,1.6667,1.3333,66.6667,33.3333,0.3333
apache_airflow__63531,apache/airflow,63531,human,none,Python,31,20-49,true,3,1,1.3333,0,66.6667,-0.3333
apache_airflow__63561,apache/airflow,63561,agent,agent-trailer,Python,3151,500+,false,4,0,0.5000,0,0,-0.5000
apache_airflow__63598,apache/airflow,63598,agent,agent-trailer,Python,2134,500+,false,4,0.7500,0.5000,25,0,0.2500
apache_airflow__63606,apache/airflow,63606,agent,agent-trailer,Python,42,20-49,false,3,2,2,100,100,0
apache_airflow__63901,apache/airflow,63901,agent,agent-trailer,Python,699,500+,false,3,0.6667,1.3333,0,33.3333,-0.6667
apache_airflow__64164,apache/airflow,64164,agent,agent-trailer,Python,41,20-49,false,3,0.6667,2,0,100,-1.3333
apache_airflow__64189,apache/airflow,64189,agent,agent-trailer,TypeScript,52,50-149,false,3,0.6667,2,0,100,-1.3333
apache_airflow__64246,apache/airflow,64246,human,none,Python,27,20-49,false,3,0.3333,1.3333,0,66.6667,-1
apache_airflow__64285,apache/airflow,64285,human,none,Python,44,20-49,false,3,1,2,33.3333,100,-1
apache_airflow__64384,apache/airflow,64384,agent,agent-trailer,Python,56,50-149,false,3,1.6667,2,66.6667,100,-0.3333
apache_airflow__64425,apache/airflow,64425,human,none,Python,57,50-149,true,3,0,1,0,33.3333,-1
apache_airflow__64471,apache/airflow,64471,human,none,Python,125,50-149,false,3,0.3333,2,0,100,-1.6667
apache_airflow__64725,apache/airflow,64725,human,none,Shell,107,50-149,false,4,1,1.7500,50,75,-0.7500
apache_airflow__64804,apache/airflow,64804,agent,agent-trailer,Python,47,20-49,false,3,1.3333,1.3333,66.6667,33.3333,0
apache_airflow__64994,apache/airflow,64994,agent,agent-trailer,Python,75,50-149,false,3,0,1.3333,0,66.6667,-1.3333
apache_airflow__65161,apache/airflow,65161,human,none,Python,61,50-149,false,3,0.3333,2,0,100,-1.6667
apache_airflow__65422,apache/airflow,65422,agent,agent-trailer,Python,25,20-49,false,3,2,2,100,100,0
apache_airflow__65493,apache/airflow,65493,human,none,Python,235,150-499,true,3,0,1.6667,0,66.6667,-1.6667
apache_airflow__65550,apache/airflow,65550,human,none,Shell,97,50-149,false,3,1.6667,1.6667,66.6667,66.6667,0
apache_airflow__65690,apache/airflow,65690,human,none,Python,263,150-499,true,3,0.3333,1.6667,0,66.6667,-1.3333
apache_airflow__65852,apache/airflow,65852,agent,agent-trailer,Python,56,50-149,false,3,0.6667,2,33.3333,100,-1.3333
apache_airflow__66013,apache/airflow,66013,agent,agent-trailer,Python,700,500+,false,4,1.5000,1.2500,50,50,0.2500
apache_airflow__66186,apache/airflow,66186,human,none,Python,104,50-149,true,3,0,1.6667,0,66.6667,-1.6667
apache_airflow__66198,apache/airflow,66198,agent,agent-trailer,TypeScript,42,20-49,false,3,1.6667,2,66.6667,100,-0.3333
apache_airflow__66433,apache/airflow,66433,agent,agent-trailer,TypeScript,229,150-499,false,3,1.3333,1.6667,66.6667,66.6667,-0.3333
apache_airflow__66571,apache/airflow,66571,human,none,Python,146,50-149,false,4,1.7500,1,75,25,0.7500
apache_airflow__66699,apache/airflow,66699,human,none,Python,338,150-499,true,3,0,1.3333,0,33.3333,-1.3333
apache_airflow__66808,apache/airflow,66808,human,none,Python,29,20-49,false,3,0.3333,0.6667,0,33.3333,-0.3333
apache_airflow__67065,apache/airflow,67065,human,none,Python,72,50-149,false,3,1.3333,1.6667,33.3333,66.6667,-0.3333
apache_airflow__67076,apache/airflow,67076,agent,agent-trailer,Python,274,150-499,false,4,1.7500,2,75,100,-0.2500
apache_airflow__67112,apache/airflow,67112,human,none,Python,157,150-499,false,3,1.6667,1.6667,66.6667,66.6667,0
apache_airflow__67214,apache/airflow,67214,human,none,Python,155,150-499,true,3,0.6667,2,0,100,-1.3333
apache_airflow__67229,apache/airflow,67229,agent,agent-trailer,Python,372,150-499,false,3,1.6667,2,66.6667,100,-0.3333
apache_airflow__67237,apache/airflow,67237,human,none,Python,23,20-49,false,3,0,2,0,100,-2
apache_airflow__67242,apache/airflow,67242,human,none,TypeScript,869,500+,false,3,0.6667,1.6667,0,66.6667,-1
apache_airflow__67297,apache/airflow,67297,agent,agent-trailer,Python,96,50-149,false,3,1.3333,1,66.6667,33.3333,0.3333
apache_airflow__67317,apache/airflow,67317,human,none,Go,2231,500+,false,3,1,0.6667,33.3333,33.3333,0.3333
apache_airflow__67333,apache/airflow,67333,agent,agent-trailer,Python,729,500+,false,3,2,1.3333,100,33.3333,0.6667
apache_airflow__67389,apache/airflow,67389,human,none,Python,659,500+,false,3,1.3333,1,33.3333,0,0.3333
apache_airflow__67662,apache/airflow,67662,agent,agent-trailer,Python,117,50-149,false,3,1.6667,1.6667,66.6667,66.6667,0
apache_airflow__67667,apache/airflow,67667,human,none,Python,122,50-149,false,3,1.6667,2,66.6667,100,-0.3333
apache_airflow__67681,apache/airflow,67681,human,none,YAML,31,20-49,false,3,0,1.6667,0,66.6667,-1.6667
apache_airflow__68049,apache/airflow,68049,human,none,Python,104,50-149,false,4,1.5000,2,75,100,-0.5000
apache_airflow__68059,apache/airflow,68059,agent,agent-trailer,Python,100,50-149,false,4,1,1,50,50,0
apache_airflow__68109,apache/airflow,68109,agent,agent-trailer,Python,316,150-499,false,3,0.3333,1.6667,0,66.6667,-1.3333
apache_airflow__68133,apache/airflow,68133,human,none,Python,134,50-149,true,4,0,2,0,100,-2
apache_airflow__68283,apache/airflow,68283,human,none,Python,683,500+,false,4,1,1,25,25,0
apache_airflow__68336,apache/airflow,68336,agent,agent-trailer,Python,81,50-149,false,3,1.3333,2,33.3333,100,-0.6667
apache_airflow__68368,apache/airflow,68368,agent,agent-trailer,Python,965,500+,false,3,1.6667,1.6667,66.6667,66.6667,0
apache_airflow__68385,apache/airflow,68385,agent,agent-trailer,JSON,214,150-499,false,3,0,0,0,0,0
apache_airflow__68492,apache/airflow,68492,human,none,Python,151,150-499,false,3,1.6667,1.3333,66.6667,33.3333,0.3333
apache_airflow__68497,apache/airflow,68497,agent,agent-trailer,Python,1312,500+,false,3,1,2,0,100,-1
apache_airflow__68506,apache/airflow,68506,human,none,Python,115,50-149,false,3,1.3333,2,33.3333,100,-0.6667
apache_airflow__68591,apache/airflow,68591,agent,agent-trailer,Python,258,150-499,false,3,2,2,100,100,0
apache_airflow__68616,apache/airflow,68616,agent,agent-trailer,Python,149,50-149,false,3,0,1,0,33.3333,-1
apache_airflow__68671,apache/airflow,68671,human,none,Python,227,150-499,false,3,0.3333,2,0,100,-1.6667
apache_airflow__68702,apache/airflow,68702,human,none,Python,2596,500+,false,4,1,0.7500,50,0,0.2500
apache_airflow__68743,apache/airflow,68743,agent,agent-trailer,JSON,418,150-499,false,3,0.3333,0.6667,0,0,-0.3333
apache_airflow__68882,apache/airflow,68882,agent,agent-trailer,Python,113,50-149,false,3,1.6667,1.3333,66.6667,33.3333,0.3333
apache_airflow__68916,apache/airflow,68916,human,none,Python,111,50-149,false,4,1,2,25,100,-1
apache_airflow__69283,apache/airflow,69283,agent,agent-trailer,Python,114,50-149,false,3,1.6667,2,66.6667,100,-0.3333
apache_airflow__69307,apache/airflow,69307,human,none,Python,72,50-149,false,3,1.6667,1.6667,66.6667,66.6667,0
apache_airflow__69328,apache/airflow,69328,human,none,Python,386,150-499,false,3,0.6667,1.3333,0,33.3333,-0.6667
apache_airflow__69772,apache/airflow,69772,agent,agent-trailer,Python,254,150-499,false,4,0.5000,1.5000,0,75,-1
apache_airflow__69780,apache/airflow,69780,agent,agent-trailer,Python,22,20-49,false,3,1.3333,1.3333,66.6667,66.6667,0
apache_airflow__69830,apache/airflow,69830,agent,agent-trailer,Python,39,20-49,false,3,0.6667,2,0,100,-1.3333
apache_airflow__70007,apache/airflow,70007,agent,agent-trailer,Python,57,50-149,false,3,0.3333,1.3333,0,66.6667,-1
apache_airflow__70432,apache/airflow,70432,human,none,Python,53,50-149,true,3,0.6667,2,0,100,-1.3333
apache_airflow__70650,apache/airflow,70650,human,none,Python,311,150-499,false,3,1.3333,2,66.6667,100,-0.6667
grafana_grafana__100478,grafana/grafana,100478,human,none,TypeScript,44,20-49,true,3,0.6667,2,0,100,-1.3333
grafana_grafana__100884,grafana/grafana,100884,human,none,TypeScript,2518,500+,false,3,1,0.6667,33.3333,0,0.3333
grafana_grafana__101180,grafana/grafana,101180,human,none,TypeScript,1415,500+,false,4,1.2500,0.7500,50,25,0.5000
grafana_grafana__101215,grafana/grafana,101215,human,none,Go,39,20-49,false,3,0.3333,1.3333,0,66.6667,-1
grafana_grafana__101428,grafana/grafana,101428,human,none,TypeScript,51,50-149,false,4,1,2,0,100,-1
grafana_grafana__101449,grafana/grafana,101449,human,none,Go,735,500+,false,3,0.6667,1,0,0,-0.3333
grafana_grafana__101504,grafana/grafana,101504,human,none,TypeScript,26,20-49,false,3,1,2,0,100,-1
grafana_grafana__101703,grafana/grafana,101703,human,none,TypeScript,2247,500+,false,3,0.6667,1.3333,0,33.3333,-0.6667
grafana_grafana__101753,grafana/grafana,101753,human,none,TypeScript,198,150-499,true,3,0,2,0,100,-2
grafana_grafana__101860,grafana/grafana,101860,human,none,TypeScript,206,150-499,false,3,0.6667,2,0,100,-1.3333
grafana_grafana__102232,grafana/grafana,102232,human,none,TypeScript,50,50-149,false,3,1.3333,2,33.3333,100,-0.6667
grafana_grafana__102233,grafana/grafana,102233,human,none,Go,157,150-499,true,3,0,1.6667,0,66.6667,-1.6667
grafana_grafana__102325,grafana/grafana,102325,human,none,TypeScript,44,20-49,false,3,1.6667,0.3333,66.6667,0,1.3333
grafana_grafana__102331,grafana/grafana,102331,human,none,TypeScript,69,50-149,true,3,0,2,0,100,-2
grafana_grafana__102359,grafana/grafana,102359,human,none,TypeScript,1813,500+,false,4,0.7500,1.7500,0,75,-1
grafana_grafana__102444,grafana/grafana,102444,human,none,Go,677,500+,true,3,0,1,0,0,-1
grafana_grafana__102556,grafana/grafana,102556,human,none,Go,173,150-499,false,3,0.6667,1.6667,0,66.6667,-1
grafana_grafana__102571,grafana/grafana,102571,human,none,TypeScript,433,150-499,false,3,1,2,0,100,-1
grafana_grafana__102905,grafana/grafana,102905,human,none,TypeScript,85,50-149,false,3,1,2,0,100,-1
grafana_grafana__103173,grafana/grafana,103173,human,none,Go,102,50-149,false,3,0,0.6667,0,33.3333,-0.6667
grafana_grafana__103428,grafana/grafana,103428,human,none,JSON,6048,500+,false,2,0,2,0,100,-2
grafana_grafana__103473,grafana/grafana,103473,human,none,TypeScript,41,20-49,true,3,0.6667,2,0,100,-1.3333
grafana_grafana__103518,grafana/grafana,103518,human,none,TypeScript,281,150-499,true,3,0,1,0,33.3333,-1
grafana_grafana__103739,grafana/grafana,103739,human,none,TypeScript,58,50-149,false,3,0,1,0,0,-1
grafana_grafana__104158,grafana/grafana,104158,human,none,TypeScript,136,50-149,true,3,0.3333,2,0,100,-1.6667
grafana_grafana__104252,grafana/grafana,104252,human,none,Go,854,500+,false,4,0.7500,1,0,25,-0.2500
grafana_grafana__104611,grafana/grafana,104611,human,none,TypeScript,389,150-499,false,4,0.7500,1.5000,0,50,-0.7500
grafana_grafana__104778,grafana/grafana,104778,human,none,YAML,34,20-49,false,3,0.3333,1.3333,0,33.3333,-1
grafana_grafana__104891,grafana/grafana,104891,human,none,TypeScript,51,50-149,false,3,0.6667,2,0,100,-1.3333
grafana_grafana__105006,grafana/grafana,105006,human,none,JavaScript,605,500+,true,3,0,0.3333,0,0,-0.3333
grafana_grafana__105011,grafana/grafana,105011,human,none,YAML,30,20-49,false,3,1,1.6667,0,66.6667,-0.6667
grafana_grafana__105280,grafana/grafana,105280,human,none,YAML,28,20-49,false,4,0.2500,2,0,100,-1.7500
grafana_grafana__105383,grafana/grafana,105383,human,none,Go,108,50-149,true,3,1.3333,2,33.3333,100,-0.6667
grafana_grafana__105478,grafana/grafana,105478,human,none,YAML,152,150-499,false,3,0.6667,2,0,100,-1.3333
grafana_grafana__105542,grafana/grafana,105542,human,none,TypeScript,206,150-499,false,3,0,1.3333,0,33.3333,-1.3333
grafana_grafana__105543,grafana/grafana,105543,human,none,Go,76,50-149,true,3,1.3333,2,33.3333,100,-0.6667
grafana_grafana__105598,grafana/grafana,105598,human,none,TypeScript,950,500+,false,3,0,1.6667,0,66.6667,-1.6667
grafana_grafana__105639,grafana/grafana,105639,human,none,TypeScript,669,500+,true,4,0.5000,1.5000,0,75,-1
grafana_grafana__105718,grafana/grafana,105718,human,none,Go,40,20-49,true,3,0,2,0,100,-2
grafana_grafana__105860,grafana/grafana,105860,human,none,TypeScript,764,500+,true,3,0.6667,2,0,100,-1.3333
grafana_grafana__106299,grafana/grafana,106299,human,none,Go,61,50-149,false,3,0.3333,2,0,100,-1.6667
grafana_grafana__106338,grafana/grafana,106338,human,none,TypeScript,28,20-49,false,3,0.6667,1.6667,0,66.6667,-1
grafana_grafana__106365,grafana/grafana,106365,human,none,Go,37,20-49,true,3,0,1.6667,0,66.6667,-1.6667
grafana_grafana__106604,grafana/grafana,106604,human,none,TypeScript,199,150-499,false,4,0.7500,1.7500,0,75,-1
grafana_grafana__106761,grafana/grafana,106761,human,none,Go,233,150-499,false,3,0,2,0,100,-2
grafana_grafana__106846,grafana/grafana,106846,human,none,TypeScript,57,50-149,true,4,0,1.7500,0,75,-1.7500
grafana_grafana__107047,grafana/grafana,107047,human,none,Go,65,50-149,false,3,0.3333,1.6667,0,66.6667,-1.3333
grafana_grafana__107193,grafana/grafana,107193,human,none,TypeScript,37,20-49,false,3,0,2,0,100,-2
grafana_grafana__107592,grafana/grafana,107592,human,none,Go,133,50-149,false,3,0.3333,1.6667,0,66.6667,-1.3333
grafana_grafana__107667,grafana/grafana,107667,human,none,TypeScript,653,500+,false,3,0.6667,1.3333,0,33.3333,-0.6667
grafana_grafana__107808,grafana/grafana,107808,human,none,Go,178,150-499,false,3,0.6667,2,0,100,-1.3333
grafana_grafana__107953,grafana/grafana,107953,human,none,TypeScript,201,150-499,false,3,1,2,0,100,-1
grafana_grafana__108090,grafana/grafana,108090,human,none,TypeScript,89,50-149,true,3,0,2,0,100,-2
grafana_grafana__108134,grafana/grafana,108134,human,none,TypeScript,1003,500+,false,4,0.2500,1,0,0,-0.7500
grafana_grafana__108144,grafana/grafana,108144,agent,agent-trailer,Shell,52,50-149,false,3,0.3333,2,0,100,-1.6667
grafana_grafana__108186,grafana/grafana,108186,human,none,Go,39,20-49,false,3,1,2,0,100,-1
grafana_grafana__108444,grafana/grafana,108444,human,none,Go,184,150-499,false,3,1,1.3333,0,66.6667,-0.3333
grafana_grafana__108577,grafana/grafana,108577,human,none,Go,60,50-149,true,3,0.3333,2,0,100,-1.6667
grafana_grafana__108612,grafana/grafana,108612,human,none,TypeScript,1022,500+,false,3,0,1,0,0,-1
grafana_grafana__109033,grafana/grafana,109033,human,none,TypeScript,77,50-149,false,3,0.3333,2,0,100,-1.6667
grafana_grafana__109249,grafana/grafana,109249,human,none,Go,1545,500+,true,3,0,1.3333,0,33.3333,-1.3333
grafana_grafana__109347,grafana/grafana,109347,human,none,Go,45,20-49,false,3,0.6667,2,0,100,-1.3333
grafana_grafana__109490,grafana/grafana,109490,human,none,TypeScript,60,50-149,false,3,0.3333,2,0,100,-1.6667
grafana_grafana__109622,grafana/grafana,109622,human,none,TypeScript,57,50-149,false,3,0.3333,1.3333,0,66.6667,-1
grafana_grafana__109883,grafana/grafana,109883,human,none,TypeScript,110,50-149,true,3,0,1,0,33.3333,-1
grafana_grafana__110226,grafana/grafana,110226,human,none,Go,63,50-149,false,3,0,0.6667,0,0,-0.6667
grafana_grafana__110299,grafana/grafana,110299,human,none,TypeScript,202,150-499,false,3,1,1.3333,33.3333,33.3333,-0.3333
grafana_grafana__110451,grafana/grafana,110451,human,none,JSON,27,20-49,true,3,0,1.3333,0,33.3333,-1.3333
grafana_grafana__110648,grafana/grafana,110648,human,none,TypeScript,324,150-499,false,3,1,1,0,0,0
grafana_grafana__110666,grafana/grafana,110666,agent,agent-trailer,TypeScript,539,500+,false,3,0.6667,1.3333,0,66.6667,-0.6667
grafana_grafana__110750,grafana/grafana,110750,human,none,Go,53,50-149,false,3,0.3333,1.3333,0,66.6667,-1
grafana_grafana__111016,grafana/grafana,111016,human,none,TypeScript,64,50-149,false,3,0.3333,1.6667,0,66.6667,-1.3333
grafana_grafana__111021,grafana/grafana,111021,human,none,TypeScript,30,20-49,true,3,1,2,0,100,-1
grafana_grafana__111132,grafana/grafana,111132,human,none,Other,59,50-149,true,3,0,0.6667,0,0,-0.6667
grafana_grafana__111481,grafana/grafana,111481,human,none,Go,105,50-149,true,3,0.6667,2,0,100,-1.3333
grafana_grafana__111502,grafana/grafana,111502,human,none,TypeScript,30,20-49,false,4,0.2500,2,0,100,-1.7500
grafana_grafana__111842,grafana/grafana,111842,human,none,Go,57,50-149,false,3,0,2,0,100,-2
grafana_grafana__112027,grafana/grafana,112027,human,none,JSON,144,50-149,false,2,0,0.5000,0,0,-0.5000
grafana_grafana__112170,grafana/grafana,112170,human,none,Go,30,20-49,false,3,0,2,0,100,-2
grafana_grafana__112212,grafana/grafana,112212,human,none,Go,20,20-49,false,3,0.3333,0.3333,0,0,0
grafana_grafana__112391,grafana/grafana,112391,human,none,Go,1304,500+,false,3,1.3333,1.6667,33.3333,66.6667,-0.3333
grafana_grafana__112580,grafana/grafana,112580,human,none,JSON,36,20-49,false,3,0.6667,1.3333,0,33.3333,-0.6667
grafana_grafana__112862,grafana/grafana,112862,human,none,Go,80,50-149,false,3,1,1.6667,33.3333,66.6667,-0.6667
grafana_grafana__113216,grafana/grafana,113216,human,none,TypeScript,55,50-149,false,3,0.3333,2,0,100,-1.6667
grafana_grafana__113254,grafana/grafana,113254,human,none,TypeScript,253,150-499,true,3,0.3333,2,0,100,-1.6667
grafana_grafana__113297,grafana/grafana,113297,agent,agent-trailer,Go,3985,500+,false,3,1,1.6667,0,66.6667,-0.6667
grafana_grafana__113442,grafana/grafana,113442,human,none,Go,21,20-49,false,3,0.6667,2,0,100,-1.3333
grafana_grafana__113454,grafana/grafana,113454,agent,agent-trailer,Go,516,500+,false,3,1,2,33.3333,100,-1
grafana_grafana__113492,grafana/grafana,113492,human,none,Go,49,20-49,false,3,0,0.6667,0,33.3333,-0.6667
grafana_grafana__114137,grafana/grafana,114137,human,none,Go,1874,500+,true,3,0.3333,1,0,33.3333,-0.6667
grafana_grafana__114190,grafana/grafana,114190,human,none,TypeScript,359,150-499,false,3,0.6667,2,0,100,-1.3333
grafana_grafana__114203,grafana/grafana,114203,human,none,TypeScript,471,150-499,false,3,1,1.3333,0,33.3333,-0.3333
grafana_grafana__114273,grafana/grafana,114273,human,none,Go,497,150-499,false,3,1,1.6667,0,66.6667,-0.6667
grafana_grafana__114403,grafana/grafana,114403,human,none,TypeScript,48,20-49,false,3,1,2,0,100,-1
grafana_grafana__114470,grafana/grafana,114470,human,none,Go,756,500+,false,3,0,1.6667,0,66.6667,-1.6667
grafana_grafana__114869,grafana/grafana,114869,human,none,Go,154,150-499,true,3,0,1.6667,0,66.6667,-1.6667
grafana_grafana__115329,grafana/grafana,115329,agent,agent-trailer,Go,418,150-499,false,4,2,1.2500,100,25,0.7500
grafana_grafana__115337,grafana/grafana,115337,agent,agent-trailer,Go,1710,500+,false,3,1.3333,1.3333,33.3333,33.3333,0
grafana_grafana__115382,grafana/grafana,115382,human,none,Go,156,150-499,true,4,0,1.7500,0,75,-1.7500
grafana_grafana__115471,grafana/grafana,115471,human,none,JSON,6026,500+,false,3,0,1,0,0,-1
grafana_grafana__115595,grafana/grafana,115595,human,none,TypeScript,417,150-499,true,3,0.6667,1.6667,0,66.6667,-1
grafana_grafana__115627,grafana/grafana,115627,agent,agent-trailer,Go,531,500+,false,3,0.3333,2,0,100,-1.6667
grafana_grafana__115746,grafana/grafana,115746,human,none,Go,2405,500+,false,3,0.3333,1,0,33.3333,-0.6667
grafana_grafana__115895,grafana/grafana,115895,human,none,Go,60,50-149,false,3,0.3333,0.6667,0,33.3333,-0.3333
grafana_grafana__116050,grafana/grafana,116050,human,none,TypeScript,1412,500+,true,3,0,2,0,100,-2
grafana_grafana__116063,grafana/grafana,116063,agent,agent-trailer,Go,460,150-499,false,4,1,1.2500,25,50,-0.2500
grafana_grafana__116104,grafana/grafana,116104,human,none,YAML,90,50-149,false,3,0.6667,1.6667,0,66.6667,-1
grafana_grafana__116256,grafana/grafana,116256,human,none,TypeScript,186,150-499,true,3,0,1.3333,0,66.6667,-1.3333
grafana_grafana__116313,grafana/grafana,116313,human,none,Go,29,20-49,true,3,0.3333,1.6667,0,66.6667,-1.3333
grafana_grafana__116542,grafana/grafana,116542,human,none,Go,35,20-49,false,3,0,2,0,100,-2
grafana_grafana__116551,grafana/grafana,116551,human,none,Go,239,150-499,true,3,0,2,0,100,-2
grafana_grafana__116555,grafana/grafana,116555,human,none,Go,180,150-499,false,3,1,1.6667,0,66.6667,-0.6667
grafana_grafana__116668,grafana/grafana,116668,human,none,Go,748,500+,false,4,1.2500,1.7500,50,75,-0.5000
grafana_grafana__116708,grafana/grafana,116708,agent,agent-trailer,TypeScript,234,150-499,false,4,1.2500,1.5000,50,50,-0.2500
grafana_grafana__116718,grafana/grafana,116718,agent,agent-trailer,Go,747,500+,false,3,1,1,33.3333,33.3333,0
grafana_grafana__116720,grafana/grafana,116720,agent,agent-trailer,Go,603,500+,false,3,1,2,0,100,-1
grafana_grafana__116862,grafana/grafana,116862,agent,agent-trailer,Go,106,50-149,false,4,1,1.2500,25,50,-0.2500
grafana_grafana__117215,grafana/grafana,117215,human,none,TypeScript,41,20-49,false,3,0.3333,1.6667,0,66.6667,-1.3333
grafana_grafana__117217,grafana/grafana,117217,human,none,JSON,164,150-499,false,3,0.3333,2,0,100,-1.6667
grafana_grafana__117320,grafana/grafana,117320,agent,agent-trailer,Go,68,50-149,false,3,1,1.3333,33.3333,33.3333,-0.3333
grafana_grafana__117483,grafana/grafana,117483,agent,agent-trailer,Go,391,150-499,false,3,2,2,100,100,0
grafana_grafana__117507,grafana/grafana,117507,human,none,TypeScript,62,50-149,false,3,0.3333,2,0,100,-1.6667
grafana_grafana__117582,grafana/grafana,117582,human,none,Go,32,20-49,true,3,0,2,0,100,-2
grafana_grafana__117635,grafana/grafana,117635,human,none,JSON,72,50-149,false,2,0,0.5000,0,0,-0.5000
grafana_grafana__117655,grafana/grafana,117655,human,none,Go,1547,500+,true,3,0,1.3333,0,33.3333,-1.3333
grafana_grafana__117850,grafana/grafana,117850,human,none,TypeScript,319,150-499,false,3,0.3333,1.6667,0,66.6667,-1.3333
grafana_grafana__117882,grafana/grafana,117882,agent,agent-trailer,TypeScript,412,150-499,false,4,1.7500,1.5000,75,50,0.2500
grafana_grafana__117889,grafana/grafana,117889,agent,agent-trailer,TypeScript,989,500+,false,3,0.3333,2,0,100,-1.6667
grafana_grafana__117897,grafana/grafana,117897,human,none,YAML,28,20-49,false,3,0.3333,1,0,33.3333,-0.6667
grafana_grafana__118013,grafana/grafana,118013,agent,agent-trailer,Go,872,500+,false,3,0.6667,1.3333,0,66.6667,-0.6667
grafana_grafana__118017,grafana/grafana,118017,human,none,TypeScript,30,20-49,false,3,0.3333,2,0,100,-1.6667
grafana_grafana__118080,grafana/grafana,118080,human,none,TypeScript,25,20-49,true,3,0.6667,2,0,100,-1.3333
grafana_grafana__118084,grafana/grafana,118084,human,none,TypeScript,145,50-149,false,3,1.6667,2,66.6667,100,-0.3333
grafana_grafana__118224,grafana/grafana,118224,agent,agent-trailer,Go,20,20-49,false,3,0,1,0,33.3333,-1
grafana_grafana__118231,grafana/grafana,118231,agent,agent-trailer,Go,28,20-49,false,3,0.6667,1.3333,0,66.6667,-0.6667
grafana_grafana__118283,grafana/grafana,118283,agent,agent-trailer,Go,24,20-49,false,3,1.6667,1.6667,66.6667,66.6667,0
grafana_grafana__118320,grafana/grafana,118320,agent,agent-trailer,Go,303,150-499,false,3,0.6667,1.6667,0,66.6667,-1
grafana_grafana__118371,grafana/grafana,118371,human,none,TypeScript,615,500+,true,3,0,1,0,33.3333,-1
grafana_grafana__118443,grafana/grafana,118443,agent,agent-trailer,Go,74,50-149,false,3,1.3333,1.3333,66.6667,66.6667,0
grafana_grafana__118528,grafana/grafana,118528,agent,agent-trailer,JSON,172,150-499,false,3,1.6667,0,66.6667,0,1.6667
grafana_grafana__118535,grafana/grafana,118535,agent,agent-trailer,TypeScript,611,500+,false,3,1.3333,1.6667,33.3333,66.6667,-0.3333
grafana_grafana__118559,grafana/grafana,118559,agent,agent-trailer,TypeScript,2534,500+,false,3,1.3333,1.6667,66.6667,66.6667,-0.3333
grafana_grafana__118565,grafana/grafana,118565,agent,agent-trailer,TypeScript,20,20-49,true,3,0.3333,1.6667,0,66.6667,-1.3333
grafana_grafana__118674,grafana/grafana,118674,agent,agent-trailer,JSON,76,50-149,false,3,0.3333,1,0,33.3333,-0.6667
grafana_grafana__118676,grafana/grafana,118676,agent,agent-trailer,Go,364,150-499,false,3,1,1,33.3333,33.3333,0
grafana_grafana__118729,grafana/grafana,118729,agent,agent-trailer,TypeScript,448,150-499,false,4,1,1.7500,0,75,-0.7500
grafana_grafana__118739,grafana/grafana,118739,agent,agent-trailer,Go,58,50-149,false,3,1,2,0,100,-1
grafana_grafana__118837,grafana/grafana,118837,agent,agent-trailer,TypeScript,125,50-149,true,3,0.6667,2,0,100,-1.3333
grafana_grafana__118840,grafana/grafana,118840,agent,agent-trailer,TypeScript,65,50-149,true,3,1,1.6667,0,66.6667,-0.6667
grafana_grafana__118853,grafana/grafana,118853,human,none,TypeScript,214,150-499,true,4,0.2500,1.7500,0,75,-1.5000
grafana_grafana__118858,grafana/grafana,118858,human,none,Go,568,500+,false,4,0.7500,1.7500,0,75,-1
grafana_grafana__118941,grafana/grafana,118941,agent,agent-trailer,Go,111,50-149,false,3,1.6667,2,66.6667,100,-0.3333
grafana_grafana__118952,grafana/grafana,118952,agent,agent-trailer,TypeScript,1003,500+,false,3,1,2,0,100,-1
grafana_grafana__118982,grafana/grafana,118982,human,none,Go,156,150-499,false,4,0.5000,1.5000,0,75,-1
grafana_grafana__119088,grafana/grafana,119088,human,none,Go,728,500+,false,3,2,2,100,100,0
grafana_grafana__119097,grafana/grafana,119097,agent,agent-trailer,Go,565,500+,false,3,1.3333,1,66.6667,33.3333,0.3333
grafana_grafana__119098,grafana/grafana,119098,agent,agent-trailer,Go,214,150-499,false,3,1.6667,1.6667,66.6667,66.6667,0
grafana_grafana__119106,grafana/grafana,119106,agent,agent-trailer,TypeScript,93,50-149,false,3,1.3333,1.6667,33.3333,66.6667,-0.3333
grafana_grafana__119110,grafana/grafana,119110,agent,agent-trailer,Go,129,50-149,false,4,1.7500,1.5000,75,50,0.2500
grafana_grafana__119112,grafana/grafana,119112,agent,agent-trailer,Go,120,50-149,false,3,1.6667,1.6667,66.6667,66.6667,0
grafana_grafana__119188,grafana/grafana,119188,agent,agent-trailer,Go,978,500+,false,3,0.6667,1.3333,0,66.6667,-0.6667
grafana_grafana__119230,grafana/grafana,119230,agent,agent-trailer,Go,474,150-499,false,3,0.6667,1.6667,33.3333,66.6667,-1
grafana_grafana__119231,grafana/grafana,119231,agent,agent-trailer,Go,432,150-499,false,3,1.6667,1,66.6667,0,0.6667
grafana_grafana__119232,grafana/grafana,119232,agent,agent-trailer,Go,573,500+,false,3,1.3333,1,33.3333,0,0.3333
grafana_grafana__119277,grafana/grafana,119277,agent,agent-trailer,YAML,752,500+,false,4,1.2500,1.2500,50,50,0
grafana_grafana__119474,grafana/grafana,119474,agent,agent-trailer,TypeScript,860,500+,false,3,1,1.6667,0,66.6667,-0.6667
grafana_grafana__119518,grafana/grafana,119518,agent,agent-trailer,Go,130,50-149,false,3,1,2,33.3333,100,-1
grafana_grafana__119521,grafana/grafana,119521,agent,agent-trailer,Go,1072,500+,false,3,1.6667,1.6667,66.6667,66.6667,0
grafana_grafana__119525,grafana/grafana,119525,human,none,Go,22,20-49,false,3,0.3333,2,0,100,-1.6667
grafana_grafana__119545,grafana/grafana,119545,human,none,TypeScript,20,20-49,true,3,0.3333,1.6667,0,66.6667,-1.3333
grafana_grafana__119547,grafana/grafana,119547,agent,agent-trailer,Go,232,150-499,false,3,1.6667,1.6667,66.6667,66.6667,0
grafana_grafana__119616,grafana/grafana,119616,human,none,TypeScript,1618,500+,true,4,0,1.5000,0,50,-1.5000
grafana_grafana__119717,grafana/grafana,119717,agent,agent-trailer,Go,208,150-499,false,3,2,2,100,100,0
grafana_grafana__119776,grafana/grafana,119776,human,none,JSON,360,150-499,false,3,0.3333,1.6667,0,66.6667,-1.3333
grafana_grafana__119840,grafana/grafana,119840,human,none,Go,372,150-499,false,3,0,1.6667,0,66.6667,-1.6667
grafana_grafana__119865,grafana/grafana,119865,agent,agent-trailer,Go,225,150-499,false,3,0.6667,1.3333,0,66.6667,-0.6667
grafana_grafana__119909,grafana/grafana,119909,agent,agent-trailer,Go,21,20-49,false,3,1.6667,1.6667,66.6667,66.6667,0
grafana_grafana__119926,grafana/grafana,119926,agent,agent-trailer,Go,89,50-149,false,3,1,1.3333,33.3333,66.6667,-0.3333
grafana_grafana__119940,grafana/grafana,119940,agent,agent-trailer,JSON,32,20-49,true,3,0,1.6667,0,66.6667,-1.6667
grafana_grafana__120051,grafana/grafana,120051,agent,agent-trailer,TypeScript,741,500+,false,4,1.5000,1,50,25,0.5000
grafana_grafana__120167,grafana/grafana,120167,agent,agent-trailer,Go,26,20-49,false,3,1.3333,2,66.6667,100,-0.6667
grafana_grafana__120418,grafana/grafana,120418,human,none,TypeScript,245,150-499,false,3,0.3333,2,0,100,-1.6667
grafana_grafana__120564,grafana/grafana,120564,human,none,JSON,32,20-49,false,3,0.6667,1.3333,0,33.3333,-0.6667
grafana_grafana__120577,grafana/grafana,120577,agent,agent-trailer,YAML,100,50-149,false,3,1,2,0,100,-1
grafana_grafana__120643,grafana/grafana,120643,agent,agent-trailer,Go,623,500+,false,3,0.3333,1.6667,0,66.6667,-1.3333
grafana_grafana__120689,grafana/grafana,120689,human,none,TypeScript,748,500+,false,4,1,1.7500,0,75,-0.7500
grafana_grafana__120731,grafana/grafana,120731,agent,agent-trailer,YAML,1839,500+,false,3,2,1.3333,100,33.3333,0.6667
grafana_grafana__120748,grafana/grafana,120748,human,none,JSON,2779,500+,true,4,0,1.2500,0,25,-1.2500
grafana_grafana__120853,grafana/grafana,120853,agent,agent-trailer,Go,123,50-149,false,3,1.6667,2,66.6667,100,-0.3333
grafana_grafana__120860,grafana/grafana,120860,human,none,Go,38,20-49,false,3,0.6667,2,0,100,-1.3333
grafana_grafana__120917,grafana/grafana,120917,agent,agent-trailer,Go,120,50-149,false,4,1,1.2500,50,50,-0.2500
grafana_grafana__120954,grafana/grafana,120954,human,none,JSON,221,150-499,false,4,1.2500,1.7500,50,75,-0.5000
grafana_grafana__120961,grafana/grafana,120961,agent,agent-trailer,TypeScript,528,500+,false,3,2,1.3333,100,66.6667,0.6667
grafana_grafana__121002,grafana/grafana,121002,agent,agent-trailer,Go,145,50-149,false,3,2,2,100,100,0
grafana_grafana__121007,grafana/grafana,121007,agent,agent-trailer,Go,263,150-499,false,3,0,2,0,100,-2
grafana_grafana__121023,grafana/grafana,121023,agent,agent-trailer,Go,115,50-149,false,3,0.6667,1.3333,33.3333,66.6667,-0.6667
grafana_grafana__121085,grafana/grafana,121085,human,none,TypeScript,162,150-499,false,3,0.3333,1.6667,0,66.6667,-1.3333
grafana_grafana__121102,grafana/grafana,121102,human,none,TypeScript,126,50-149,true,3,0,1.3333,0,33.3333,-1.3333
grafana_grafana__121140,grafana/grafana,121140,agent,agent-trailer,Go,21,20-49,false,3,0.6667,0.6667,33.3333,0,0
grafana_grafana__121330,grafana/grafana,121330,agent,agent-trailer,TypeScript,79,50-149,false,3,0.6667,1.3333,33.3333,33.3333,-0.6667
grafana_grafana__121331,grafana/grafana,121331,agent,agent-trailer,Go,1218,500+,false,3,1.6667,1,66.6667,0,0.6667
grafana_grafana__121342,grafana/grafana,121342,human,none,TypeScript,781,500+,false,4,1.7500,1.2500,75,50,0.5000
grafana_grafana__121379,grafana/grafana,121379,human,none,Go,373,150-499,false,3,0.3333,1.3333,0,66.6667,-1
grafana_grafana__121411,grafana/grafana,121411,human,none,Go,383,150-499,false,4,0.2500,2,0,100,-1.7500
grafana_grafana__121548,grafana/grafana,121548,human,none,JSON,28,20-49,false,3,0,1.3333,0,66.6667,-1.3333
grafana_grafana__121570,grafana/grafana,121570,human,none,Go,848,500+,false,4,0.7500,1.2500,0,25,-0.5000
grafana_grafana__121575,grafana/grafana,121575,agent,agent-trailer,TypeScript,184,150-499,false,3,0.6667,2,0,100,-1.3333
grafana_grafana__121612,grafana/grafana,121612,agent,agent-trailer,Go,33,20-49,false,3,1.6667,2,66.6667,100,-0.3333
grafana_grafana__121646,grafana/grafana,121646,agent,agent-trailer,TypeScript,1377,500+,false,4,0.2500,1.2500,0,25,-1
grafana_grafana__121776,grafana/grafana,121776,agent,agent-trailer,Go,68,50-149,false,3,1,1.6667,0,66.6667,-0.6667
grafana_grafana__121829,grafana/grafana,121829,human,none,Go,261,150-499,false,3,1.3333,1.6667,33.3333,66.6667,-0.3333
grafana_grafana__121870,grafana/grafana,121870,agent,agent-trailer,JSON,35,20-49,false,3,1.3333,1.6667,33.3333,66.6667,-0.3333
grafana_grafana__122016,grafana/grafana,122016,agent,agent-trailer,Go,43,20-49,false,3,1.3333,1,66.6667,33.3333,0.3333
grafana_grafana__122085,grafana/grafana,122085,human,none,TypeScript,1683,500+,false,3,0.3333,1.3333,0,66.6667,-1
grafana_grafana__122276,grafana/grafana,122276,human,none,TypeScript,737,500+,false,3,0.6667,2,0,100,-1.3333
grafana_grafana__122326,grafana/grafana,122326,agent,agent-trailer,TypeScript,2718,500+,false,3,1.6667,1,66.6667,0,0.6667
grafana_grafana__122361,grafana/grafana,122361,agent,agent-trailer,JSON,108,50-149,false,3,1.3333,0.3333,66.6667,0,1
grafana_grafana__122431,grafana/grafana,122431,agent,agent-trailer,Go,500,500+,false,3,1,1.3333,33.3333,33.3333,-0.3333
grafana_grafana__122450,grafana/grafana,122450,human,none,TypeScript,125,50-149,false,3,1,2,0,100,-1
grafana_grafana__122479,grafana/grafana,122479,agent,agent-trailer,JSON,1213,500+,false,3,1,2,0,100,-1
grafana_grafana__122549,grafana/grafana,122549,agent,agent-trailer,Go,198,150-499,false,3,2,1,100,0,1
grafana_grafana__122556,grafana/grafana,122556,agent,agent-trailer,Go,49,20-49,false,3,1.6667,2,66.6667,100,-0.3333
grafana_grafana__122658,grafana/grafana,122658,agent,agent-trailer,TypeScript,46,20-49,false,3,0.6667,1.3333,0,66.6667,-0.6667
grafana_grafana__122666,grafana/grafana,122666,agent,agent-trailer,Go,124,50-149,false,4,2,1.7500,100,75,0.2500
grafana_grafana__122677,grafana/grafana,122677,agent,agent-trailer,Go,994,500+,false,4,1.7500,1.7500,75,75,0
grafana_grafana__122719,grafana/grafana,122719,agent,agent-trailer,Go,335,150-499,false,4,1.2500,1.7500,25,75,-0.5000
grafana_grafana__122797,grafana/grafana,122797,agent,agent-trailer,Go,759,500+,false,4,0.7500,1.5000,25,50,-0.7500
grafana_grafana__122826,grafana/grafana,122826,agent,agent-trailer,TypeScript,464,150-499,false,3,2,1,100,0,1
grafana_grafana__122873,grafana/grafana,122873,agent,agent-trailer,Go,178,150-499,false,3,2,1.3333,100,33.3333,0.6667
grafana_grafana__123047,grafana/grafana,123047,human,none,Go,272,150-499,false,3,0.6667,2,0,100,-1.3333
grafana_grafana__123076,grafana/grafana,123076,agent,agent-trailer,Go,207,150-499,false,3,2,2,100,100,0
grafana_grafana__123166,grafana/grafana,123166,agent,agent-trailer,Go,205,150-499,false,3,1,1.6667,0,66.6667,-0.6667
grafana_grafana__123173,grafana/grafana,123173,agent,agent-trailer,Go,802,500+,false,4,0.7500,2,0,100,-1.2500
grafana_grafana__123197,grafana/grafana,123197,agent,agent-trailer,Go,671,500+,false,3,1.6667,1.6667,66.6667,66.6667,0
grafana_grafana__123256,grafana/grafana,123256,human,none,TypeScript,190,150-499,false,4,0.5000,1.5000,0,50,-1
grafana_grafana__123336,grafana/grafana,123336,agent,agent-trailer,Go,33,20-49,false,3,2,0.6667,100,0,1.3333
grafana_grafana__123362,grafana/grafana,123362,agent,agent-trailer,Go,29,20-49,false,3,1,1.3333,33.3333,33.3333,-0.3333
grafana_grafana__123373,grafana/grafana,123373,agent,agent-trailer,Go,20,20-49,false,3,1.6667,2,66.6667,100,-0.3333
grafana_grafana__123425,grafana/grafana,123425,agent,agent-trailer,Go,86,50-149,false,4,2,1.7500,100,75,0.2500
grafana_grafana__123430,grafana/grafana,123430,agent,agent-trailer,Go,289,150-499,false,3,0.6667,1.3333,33.3333,33.3333,-0.6667
grafana_grafana__123457,grafana/grafana,123457,agent,agent-trailer,Go,283,150-499,false,3,0.3333,2,0,100,-1.6667
grafana_grafana__123492,grafana/grafana,123492,agent,agent-trailer,TypeScript,51,50-149,false,3,2,1.6667,100,66.6667,0.3333
grafana_grafana__123497,grafana/grafana,123497,agent,agent-trailer,Go,181,150-499,false,3,1.3333,2,66.6667,100,-0.6667
grafana_grafana__123498,grafana/grafana,123498,agent,agent-trailer,Go,572,500+,false,3,1,1.6667,33.3333,66.6667,-0.6667
grafana_grafana__123555,grafana/grafana,123555,human,none,Go,78,50-149,false,3,0.6667,1,0,0,-0.3333
grafana_grafana__123568,grafana/grafana,123568,agent,agent-trailer,TypeScript,1074,500+,false,3,0,1.3333,0,33.3333,-1.3333
grafana_grafana__123577,grafana/grafana,123577,human,none,TypeScript,154,150-499,false,4,0.5000,1.5000,0,50,-1
grafana_grafana__123613,grafana/grafana,123613,agent,agent-trailer,Go,434,150-499,false,3,2,1.3333,100,33.3333,0.6667
grafana_grafana__123675,grafana/grafana,123675,agent,agent-trailer,TypeScript,284,150-499,false,4,1.7500,1.5000,75,50,0.2500
grafana_grafana__123709,grafana/grafana,123709,agent,agent-trailer,Go,223,150-499,false,4,1.5000,1.5000,50,50,0
grafana_grafana__123722,grafana/grafana,123722,agent,agent-trailer,TypeScript,3894,500+,false,3,1.3333,0.6667,66.6667,0,0.6667
grafana_grafana__123755,grafana/grafana,123755,agent,agent-trailer,TypeScript,1652,500+,false,3,2,1.3333,100,33.3333,0.6667
grafana_grafana__123793,grafana/grafana,123793,agent,agent-trailer,Go,344,150-499,false,4,1.5000,1.2500,75,50,0.2500
grafana_grafana__123797,grafana/grafana,123797,agent,agent-trailer,Go,1098,500+,false,3,1.6667,1.6667,66.6667,66.6667,0
grafana_grafana__123806,grafana/grafana,123806,human,none,TypeScript,82,50-149,false,3,0.3333,2,0,100,-1.6667
grafana_grafana__123872,grafana/grafana,123872,agent,agent-trailer,Go,54,50-149,false,3,1.6667,1.6667,66.6667,66.6667,0
grafana_grafana__123873,grafana/grafana,123873,agent,agent-trailer,Go,50,50-149,false,3,1.6667,2,66.6667,100,-0.3333
grafana_grafana__123893,grafana/grafana,123893,agent,agent-trailer,Go,477,150-499,false,4,1.7500,2,75,100,-0.2500
grafana_grafana__123939,grafana/grafana,123939,human,none,TypeScript,999,500+,false,3,1.6667,0.6667,66.6667,33.3333,1
grafana_grafana__123977,grafana/grafana,123977,agent,agent-trailer,TypeScript,244,150-499,false,3,2,2,100,100,0
grafana_grafana__123986,grafana/grafana,123986,agent,agent-trailer,TypeScript,313,150-499,false,3,1,1.6667,33.3333,66.6667,-0.6667
grafana_grafana__124046,grafana/grafana,124046,agent,agent-trailer,Go,52,50-149,false,3,1.6667,1.6667,66.6667,66.6667,0
grafana_grafana__124084,grafana/grafana,124084,agent,agent-trailer,TypeScript,9861,500+,false,4,1.5000,1,75,25,0.5000
grafana_grafana__124104,grafana/grafana,124104,agent,agent-trailer,JSON,4582,500+,false,4,1,1,25,25,0
grafana_grafana__124118,grafana/grafana,124118,agent,agent-trailer,TypeScript,350,150-499,false,3,2,1.6667,100,66.6667,0.3333
grafana_grafana__124151,grafana/grafana,124151,agent,agent-trailer,Go,594,500+,false,3,1.3333,1.6667,33.3333,66.6667,-0.3333
grafana_grafana__124157,grafana/grafana,124157,agent,agent-trailer,Go,20,20-49,false,2,1,1,50,50,0
grafana_grafana__124162,grafana/grafana,124162,agent,agent-trailer,Go,942,500+,false,3,0.6667,1.6667,0,66.6667,-1
grafana_grafana__124390,grafana/grafana,124390,agent,agent-trailer,TypeScript,20,20-49,true,3,0,2,0,100,-2
grafana_grafana__124425,grafana/grafana,124425,agent,agent-trailer,TypeScript,59,50-149,false,3,0.3333,1.6667,0,66.6667,-1.3333
grafana_grafana__124568,grafana/grafana,124568,agent,agent-trailer,Go,2754,500+,false,4,1.5000,1,50,25,0.5000
grafana_grafana__124593,grafana/grafana,124593,agent,agent-trailer,Go,27,20-49,false,3,1.6667,2,66.6667,100,-0.3333
grafana_grafana__124601,grafana/grafana,124601,agent,agent-trailer,TypeScript,24,20-49,false,3,0,2,0,100,-2
grafana_grafana__124625,grafana/grafana,124625,human,none,JSON,58,50-149,false,3,0.3333,0.6667,0,0,-0.3333
grafana_grafana__124725,grafana/grafana,124725,agent,agent-trailer,TypeScript,41,20-49,false,3,1,1,33.3333,33.3333,0
grafana_grafana__124727,grafana/grafana,124727,agent,agent-trailer,TypeScript,195,150-499,false,4,1.5000,1,75,25,0.5000
grafana_grafana__124732,grafana/grafana,124732,agent,agent-trailer,TypeScript,58,50-149,false,3,1.6667,2,66.6667,100,-0.3333
grafana_grafana__124774,grafana/grafana,124774,human,none,Go,162,150-499,false,3,0,2,0,100,-2
grafana_grafana__124842,grafana/grafana,124842,agent,agent-trailer,Go,194,150-499,false,4,1.7500,1.2500,75,25,0.5000
grafana_grafana__124844,grafana/grafana,124844,agent,agent-trailer,Go,719,500+,false,4,1.7500,1.7500,75,75,0
grafana_grafana__124968,grafana/grafana,124968,human,none,TypeScript,25,20-49,false,3,0.3333,2,0,100,-1.6667
grafana_grafana__125010,grafana/grafana,125010,human,none,TypeScript,34,20-49,false,3,0,1,0,33.3333,-1
grafana_grafana__125013,grafana/grafana,125013,human,none,JSON,46,20-49,true,3,0.3333,1,0,0,-0.6667
grafana_grafana__125303,grafana/grafana,125303,agent,agent-trailer,TypeScript,167,150-499,false,3,1.3333,1.6667,33.3333,66.6667,-0.3333
grafana_grafana__125316,grafana/grafana,125316,agent,agent-trailer,TypeScript,304,150-499,false,3,1.3333,1.3333,66.6667,33.3333,0
grafana_grafana__125319,grafana/grafana,125319,agent,agent-trailer,JavaScript,552,500+,false,3,2,1.6667,100,66.6667,0.3333
grafana_grafana__125365,grafana/grafana,125365,human,none,Go,591,500+,true,3,0.3333,2,0,100,-1.6667
grafana_grafana__125550,grafana/grafana,125550,agent,agent-trailer,Go,350,150-499,false,3,1.6667,1.6667,66.6667,66.6667,0
grafana_grafana__125661,grafana/grafana,125661,human,none,Go,224,150-499,false,3,0,2,0,100,-2
grafana_grafana__125716,grafana/grafana,125716,agent,agent-trailer,TypeScript,178,150-499,false,3,0.6667,1,0,33.3333,-0.3333
grafana_grafana__125719,grafana/grafana,125719,human,none,TypeScript,1075,500+,false,4,0.5000,1,0,50,-0.5000
grafana_grafana__125780,grafana/grafana,125780,agent,agent-trailer,Go,45,20-49,false,3,2,1.6667,100,66.6667,0.3333
grafana_grafana__125796,grafana/grafana,125796,human,none,Go,47,20-49,false,3,1.3333,2,66.6667,100,-0.6667
grafana_grafana__125809,grafana/grafana,125809,agent,agent-trailer,Go,92,50-149,false,3,2,2,100,100,0
grafana_grafana__125811,grafana/grafana,125811,agent,agent-trailer,TypeScript,772,500+,false,4,0.5000,1,25,0,-0.5000
grafana_grafana__125813,grafana/grafana,125813,agent,agent-trailer,TypeScript,150,150-499,false,4,1.7500,1.5000,75,50,0.2500
grafana_grafana__125816,grafana/grafana,125816,agent,agent-trailer,TypeScript,2016,500+,false,4,2,1.2500,100,25,0.7500
grafana_grafana__125864,grafana/grafana,125864,human,none,Go,20,20-49,false,3,1,1.3333,33.3333,66.6667,-0.3333
grafana_grafana__125926,grafana/grafana,125926,agent,agent-trailer,Go,86,50-149,false,3,1.3333,1,33.3333,0,0.3333
grafana_grafana__125945,grafana/grafana,125945,agent,agent-trailer,Go,193,150-499,false,3,2,1.3333,100,33.3333,0.6667
grafana_grafana__125972,grafana/grafana,125972,agent,agent-trailer,JSON,33,20-49,false,3,1.3333,1.6667,33.3333,66.6667,-0.3333
grafana_grafana__125978,grafana/grafana,125978,agent,agent-trailer,Go,401,150-499,false,3,1,2,33.3333,100,-1
grafana_grafana__125986,grafana/grafana,125986,agent,agent-trailer,JSON,57,50-149,false,3,0,1.3333,0,33.3333,-1.3333
grafana_grafana__126002,grafana/grafana,126002,human,none,TypeScript,96,50-149,true,3,0,1,0,33.3333,-1
grafana_grafana__126042,grafana/grafana,126042,agent,agent-trailer,Go,234,150-499,false,3,1.6667,1,66.6667,33.3333,0.6667
grafana_grafana__126104,grafana/grafana,126104,agent,agent-trailer,TypeScript,32,20-49,false,3,1.6667,1.6667,66.6667,66.6667,0
grafana_grafana__126109,grafana/grafana,126109,agent,agent-trailer,TypeScript,111,50-149,false,3,1,1.6667,0,66.6667,-0.6667
grafana_grafana__126122,grafana/grafana,126122,agent,agent-trailer,Go,33,20-49,false,3,1.3333,1.6667,33.3333,66.6667,-0.3333
grafana_grafana__126126,grafana/grafana,126126,agent,agent-trailer,Go,104,50-149,false,4,1,1.5000,50,50,-0.5000
grafana_grafana__126197,grafana/grafana,126197,agent,agent-trailer,Go,184,150-499,false,3,2,1.6667,100,66.6667,0.3333
grafana_grafana__126198,grafana/grafana,126198,agent,agent-trailer,JSON,3238,500+,true,3,0.3333,1.6667,0,66.6667,-1.3333
grafana_grafana__126201,grafana/grafana,126201,human,none,Go,169,150-499,false,3,0.6667,1.3333,0,66.6667,-0.6667
grafana_grafana__126264,grafana/grafana,126264,agent,agent-trailer,TypeScript,119,50-149,false,3,1.6667,1.6667,66.6667,66.6667,0
grafana_grafana__126268,grafana/grafana,126268,human,none,TypeScript,1316,500+,false,3,1.3333,0.6667,66.6667,33.3333,0.6667
grafana_grafana__126296,grafana/grafana,126296,human,none,TypeScript,119,50-149,false,3,0.6667,2,0,100,-1.3333
grafana_grafana__126307,grafana/grafana,126307,agent,agent-trailer,Go,210,150-499,false,3,1.3333,1.3333,33.3333,33.3333,0
grafana_grafana__126319,grafana/grafana,126319,agent,agent-trailer,TypeScript,695,500+,false,4,1.2500,1.2500,25,50,0
grafana_grafana__126380,grafana/grafana,126380,agent,agent-trailer,TypeScript,354,150-499,false,3,1,1.6667,0,66.6667,-0.6667
grafana_grafana__126390,grafana/grafana,126390,agent,agent-trailer,TypeScript,208,150-499,false,3,1.3333,1.6667,33.3333,66.6667,-0.3333
grafana_grafana__126404,grafana/grafana,126404,agent,agent-trailer,TypeScript,46,20-49,false,3,1.3333,2,33.3333,100,-0.6667
grafana_grafana__126416,grafana/grafana,126416,agent,agent-trailer,TypeScript,59,50-149,false,4,1.5000,1.7500,75,75,-0.2500
grafana_grafana__126566,grafana/grafana,126566,agent,agent-trailer,Go,504,500+,false,3,1.3333,1.6667,66.6667,66.6667,-0.3333
grafana_grafana__126593,grafana/grafana,126593,human,none,TypeScript,24,20-49,true,3,0.3333,1.6667,0,66.6667,-1.3333
grafana_grafana__126602,grafana/grafana,126602,agent,agent-trailer,Go,429,150-499,false,3,1,1.6667,0,66.6667,-0.6667
grafana_grafana__126626,grafana/grafana,126626,human,none,JSON,992,500+,false,3,0,0.6667,0,0,-0.6667
grafana_grafana__126642,grafana/grafana,126642,agent,agent-trailer,TypeScript,337,150-499,false,3,1.6667,1.6667,66.6667,66.6667,0
grafana_grafana__126655,grafana/grafana,126655,agent,agent-trailer,Go,157,150-499,false,3,0.6667,2,0,100,-1.3333
grafana_grafana__126660,grafana/grafana,126660,agent,agent-trailer,TypeScript,214,150-499,false,3,2,2,100,100,0
grafana_grafana__126740,grafana/grafana,126740,agent,agent-trailer,TypeScript,520,500+,false,4,0.7500,1.5000,25,50,-0.7500
grafana_grafana__126781,grafana/grafana,126781,agent,agent-trailer,Go,59,50-149,false,3,2,1.3333,100,33.3333,0.6667
grafana_grafana__126810,grafana/grafana,126810,human,none,Go,783,500+,true,3,0.3333,1.3333,0,33.3333,-1
grafana_grafana__126822,grafana/grafana,126822,agent,agent-trailer,Go,65,50-149,false,4,1.7500,1.7500,75,75,0
grafana_grafana__126860,grafana/grafana,126860,agent,agent-trailer,TypeScript,3442,500+,false,3,1.3333,1.6667,33.3333,66.6667,-0.3333
grafana_grafana__126927,grafana/grafana,126927,agent,agent-trailer,JSON,469040,500+,false,3,2,1.3333,100,33.3333,0.6667
grafana_grafana__126947,grafana/grafana,126947,agent,agent-trailer,Go,220,150-499,false,3,0.6667,1,33.3333,33.3333,-0.3333
grafana_grafana__127123,grafana/grafana,127123,agent,agent-trailer,TypeScript,86,50-149,false,3,1.3333,2,33.3333,100,-0.6667
grafana_grafana__127128,grafana/grafana,127128,agent,agent-trailer,TypeScript,1329,500+,false,3,2,1,100,0,1
grafana_grafana__127207,grafana/grafana,127207,agent,agent-trailer,Go,123,50-149,false,3,0.3333,2,0,100,-1.6667
grafana_grafana__127226,grafana/grafana,127226,human,none,TypeScript,52,50-149,true,4,1,1.7500,0,75,-0.7500
grafana_grafana__127231,grafana/grafana,127231,agent,agent-trailer,Go,252,150-499,false,3,1,1.3333,33.3333,66.6667,-0.3333
grafana_grafana__127240,grafana/grafana,127240,human,none,TypeScript,790,500+,false,3,1,1.3333,0,66.6667,-0.3333
grafana_grafana__127258,grafana/grafana,127258,agent,agent-trailer,TypeScript,255,150-499,false,3,2,2,100,100,0
grafana_grafana__127262,grafana/grafana,127262,agent,agent-trailer,TypeScript,2022,500+,false,4,1,0.7500,25,0,0.2500
grafana_grafana__127275,grafana/grafana,127275,agent,agent-trailer,TypeScript,54,50-149,false,3,1,2,0,100,-1
grafana_grafana__127318,grafana/grafana,127318,agent,agent-trailer,TypeScript,1556,500+,false,3,2,1,100,0,1
grafana_grafana__127349,grafana/grafana,127349,agent,agent-trailer,JSON,52,50-149,false,3,0.3333,1,0,0,-0.6667
grafana_grafana__127455,grafana/grafana,127455,agent,agent-trailer,Go,490,150-499,false,3,0.3333,1.3333,0,33.3333,-1
grafana_grafana__127474,grafana/grafana,127474,agent,agent-trailer,Go,1286,500+,false,3,0.6667,1,0,0,-0.3333
grafana_grafana__127523,grafana/grafana,127523,agent,agent-trailer,Go,26,20-49,false,3,2,2,100,100,0
grafana_grafana__127528,grafana/grafana,127528,agent,agent-trailer,Go,224,150-499,false,3,2,0.6667,100,0,1.3333
grafana_grafana__127552,grafana/grafana,127552,agent,agent-trailer,TypeScript,273,150-499,false,3,1.6667,2,66.6667,100,-0.3333
grafana_grafana__127640,grafana/grafana,127640,human,none,JSON,28,20-49,true,3,0,2,0,100,-2
grafana_grafana__127641,grafana/grafana,127641,agent,agent-trailer,Go,159,150-499,false,3,1.6667,2,66.6667,100,-0.3333
grafana_grafana__127702,grafana/grafana,127702,agent,agent-trailer,TypeScript,318,150-499,false,3,1,2,33.3333,100,-1
grafana_grafana__127739,grafana/grafana,127739,agent,agent-trailer,Go,151,150-499,false,3,2,1.6667,100,66.6667,0.3333
grafana_grafana__127754,grafana/grafana,127754,agent,agent-trailer,Go,229,150-499,false,3,1.3333,2,66.6667,100,-0.6667
grafana_grafana__127762,grafana/grafana,127762,agent,agent-trailer,Go,530,500+,false,3,1,0.6667,33.3333,0,0.3333
grafana_grafana__127778,grafana/grafana,127778,agent,agent-trailer,Go,45,20-49,false,3,2,2,100,100,0
grafana_grafana__127783,grafana/grafana,127783,agent,agent-trailer,Go,307,150-499,false,3,2,2,100,100,0
grafana_grafana__127871,grafana/grafana,127871,agent,agent-trailer,JSON,39,20-49,false,2,0.5000,1,0,50,-0.5000
grafana_grafana__127902,grafana/grafana,127902,agent,agent-trailer,Go,125,50-149,false,3,2,2,100,100,0
grafana_grafana__127936,grafana/grafana,127936,agent,agent-trailer,TypeScript,76,50-149,false,3,2,1.6667,100,66.6667,0.3333
grafana_grafana__127972,grafana/grafana,127972,agent,agent-trailer,TypeScript,204,150-499,false,4,0.5000,1.7500,0,75,-1.2500
grafana_grafana__128068,grafana/grafana,128068,agent,agent-trailer,Go,431,150-499,false,3,0,2,0,100,-2
grafana_grafana__128080,grafana/grafana,128080,agent,agent-trailer,Go,22,20-49,false,3,2,1.6667,100,66.6667,0.3333
grafana_grafana__128100,grafana/grafana,128100,agent,agent-trailer,Go,577,500+,false,3,1.6667,1.6667,66.6667,66.6667,0
grafana_grafana__128114,grafana/grafana,128114,agent,agent-trailer,Go,149,50-149,false,3,2,2,100,100,0
grafana_grafana__128130,grafana/grafana,128130,agent,agent-trailer,Go,383,150-499,false,3,2,1.6667,100,66.6667,0.3333
grafana_grafana__128135,grafana/grafana,128135,agent,agent-trailer,Go,306,150-499,false,3,1.6667,1.6667,66.6667,66.6667,0
grafana_grafana__128181,grafana/grafana,128181,agent,bot-author,JSON,49,20-49,false,3,0.6667,1,33.3333,33.3333,-0.3333
grafana_grafana__128195,grafana/grafana,128195,agent,agent-trailer,TypeScript,39,20-49,false,3,1.3333,1.6667,66.6667,66.6667,-0.3333
grafana_grafana__128353,grafana/grafana,128353,agent,agent-trailer,Go,94,50-149,false,3,1.6667,2,66.6667,100,-0.3333
grafana_grafana__128354,grafana/grafana,128354,agent,agent-trailer,TypeScript,60,50-149,false,3,2,1.6667,100,66.6667,0.3333
grafana_grafana__128429,grafana/grafana,128429,agent,agent-trailer,TypeScript,489,150-499,false,4,1,1.2500,25,50,-0.2500
grafana_grafana__128501,grafana/grafana,128501,agent,agent-trailer,Go,190,150-499,false,3,0.6667,1.3333,0,66.6667,-0.6667
grafana_grafana__128522,grafana/grafana,128522,agent,agent-trailer,Go,58,50-149,false,3,2,2,100,100,0
grafana_grafana__128523,grafana/grafana,128523,agent,agent-trailer,Go,20,20-49,false,3,2,1.6667,100,66.6667,0.3333
grafana_grafana__128532,grafana/grafana,128532,agent,agent-trailer,JSON,130,50-149,false,3,1.3333,2,33.3333,100,-0.6667
grafana_grafana__128549,grafana/grafana,128549,agent,agent-trailer,Go,198,150-499,false,3,1.3333,1.6667,33.3333,66.6667,-0.3333
grafana_grafana__128628,grafana/grafana,128628,agent,agent-trailer,Go,568,500+,false,3,1.6667,1.6667,66.6667,66.6667,0
grafana_grafana__128658,grafana/grafana,128658,agent,agent-trailer,TypeScript,576,500+,false,3,1.3333,2,33.3333,100,-0.6667
grafana_grafana__128665,grafana/grafana,128665,agent,agent-trailer,JSON,37,20-49,false,3,0.3333,0.6667,0,33.3333,-0.3333
grafana_grafana__128689,grafana/grafana,128689,agent,agent-trailer,TypeScript,85,50-149,false,3,0.6667,2,33.3333,100,-1.3333
grafana_grafana__128706,grafana/grafana,128706,agent,agent-trailer,TypeScript,1269,500+,false,3,1,0.6667,33.3333,0,0.3333
grafana_grafana__128724,grafana/grafana,128724,agent,agent-trailer,Go,254,150-499,false,3,2,1.3333,100,33.3333,0.6667
grafana_grafana__128766,grafana/grafana,128766,agent,agent-trailer,TypeScript,196,150-499,false,3,1.6667,1.6667,66.6667,66.6667,0
grafana_grafana__128790,grafana/grafana,128790,agent,agent-trailer,TypeScript,397,150-499,false,3,0.3333,1.6667,0,66.6667,-1.3333
grafana_grafana__128796,grafana/grafana,128796,agent,agent-trailer,TypeScript,173,150-499,false,3,2,2,100,100,0
grafana_grafana__128845,grafana/grafana,128845,agent,agent-trailer,TypeScript,100,50-149,false,3,0.6667,1,33.3333,33.3333,-0.3333
grafana_grafana__128881,grafana/grafana,128881,human,none,TypeScript,26,20-49,false,3,0.3333,1,0,33.3333,-0.6667
grafana_grafana__128950,grafana/grafana,128950,agent,agent-trailer,TypeScript,137,50-149,false,3,1.6667,0.6667,66.6667,0,1
grafana_grafana__129038,grafana/grafana,129038,agent,agent-trailer,Go,48,20-49,false,3,1.3333,1.6667,33.3333,66.6667,-0.3333
grafana_grafana__129058,grafana/grafana,129058,agent,agent-trailer,TypeScript,352,150-499,false,3,1,2,0,100,-1
grafana_grafana__129131,grafana/grafana,129131,human,none,TypeScript,52,50-149,false,3,1,2,33.3333,100,-1
grafana_grafana__129185,grafana/grafana,129185,agent,agent-trailer,TypeScript,766,500+,false,3,0.3333,0.3333,0,0,0
grafana_grafana__129206,grafana/grafana,129206,agent,agent-trailer,Go,210,150-499,false,3,1.6667,2,66.6667,100,-0.3333
grafana_grafana__129207,grafana/grafana,129207,human,none,TypeScript,34,20-49,false,3,1,2,0,100,-1
grafana_grafana__129229,grafana/grafana,129229,human,none,Go,25,20-49,false,3,1,2,0,100,-1
grafana_grafana__129298,grafana/grafana,129298,agent,agent-trailer,Go,1411,500+,false,3,1.6667,1.3333,66.6667,33.3333,0.3333
grafana_grafana__129387,grafana/grafana,129387,agent,agent-trailer,Other,20,20-49,false,3,0,1.3333,0,66.6667,-1.3333
grafana_grafana__129390,grafana/grafana,129390,agent,agent-trailer,Go,1024,500+,false,3,1.6667,1.3333,66.6667,33.3333,0.3333
grafana_grafana__129394,grafana/grafana,129394,agent,agent-trailer,Go,72,50-149,false,3,1.3333,1.6667,33.3333,66.6667,-0.3333
grafana_grafana__129441,grafana/grafana,129441,agent,agent-trailer,TypeScript,507,500+,false,4,1.5000,0.7500,50,0,0.7500
grafana_grafana__129458,grafana/grafana,129458,agent,agent-trailer,Go,176,150-499,false,3,2,1.3333,100,33.3333,0.6667
grafana_grafana__129512,grafana/grafana,129512,human,none,TypeScript,576,500+,false,3,0,2,0,100,-2
grafana_grafana__129530,grafana/grafana,129530,human,none,Go,120,50-149,false,3,1.3333,2,33.3333,100,-0.6667
grafana_grafana__89766,grafana/grafana,89766,human,none,JSON,106,50-149,true,3,0,0.6667,0,0,-0.6667
grafana_grafana__90369,grafana/grafana,90369,human,none,Go,25,20-49,true,3,0,1.6667,0,66.6667,-1.6667
grafana_grafana__90418,grafana/grafana,90418,human,none,Go,2011,500+,true,3,0.3333,1.6667,0,66.6667,-1.3333
grafana_grafana__90536,grafana/grafana,90536,human,none,TypeScript,39,20-49,true,3,0.6667,1.3333,0,66.6667,-0.6667
grafana_grafana__90563,grafana/grafana,90563,human,none,Go,257,150-499,false,3,1,2,0,100,-1
grafana_grafana__90991,grafana/grafana,90991,human,none,Go,74,50-149,false,3,0.3333,2,0,100,-1.6667
grafana_grafana__91548,grafana/grafana,91548,human,none,Go,135,50-149,true,3,0.6667,2,0,100,-1.3333
grafana_grafana__91688,grafana/grafana,91688,human,none,JSON,25,20-49,false,2,0,1.5000,0,50,-1.5000
grafana_grafana__91849,grafana/grafana,91849,human,none,TypeScript,169,150-499,true,3,0.3333,1.6667,0,66.6667,-1.3333
grafana_grafana__92006,grafana/grafana,92006,human,none,Go,939,500+,true,3,0,1,0,0,-1
grafana_grafana__92572,grafana/grafana,92572,human,none,Go,712,500+,false,3,0,0.6667,0,33.3333,-0.6667
grafana_grafana__92649,grafana/grafana,92649,human,none,Go,610,500+,false,3,0.3333,1.6667,0,66.6667,-1.3333
grafana_grafana__92759,grafana/grafana,92759,human,none,Go,209,150-499,false,3,0.3333,2,0,100,-1.6667
grafana_grafana__92995,grafana/grafana,92995,human,none,Go,152,150-499,false,3,0.6667,1.3333,33.3333,66.6667,-0.6667
grafana_grafana__93000,grafana/grafana,93000,human,none,TypeScript,193,150-499,false,3,0.6667,2,0,100,-1.3333
grafana_grafana__93032,grafana/grafana,93032,human,none,Go,163,150-499,false,4,0.5000,2,0,100,-1.5000
grafana_grafana__93448,grafana/grafana,93448,human,none,TypeScript,418,150-499,true,3,0,2,0,100,-2
grafana_grafana__93622,grafana/grafana,93622,human,none,TypeScript,108,50-149,true,3,0.3333,2,0,100,-1.6667
grafana_grafana__93744,grafana/grafana,93744,human,none,JSON,110,50-149,false,3,0,1.3333,0,33.3333,-1.3333
grafana_grafana__93753,grafana/grafana,93753,human,none,Go,540,500+,false,3,1,2,0,100,-1
grafana_grafana__93861,grafana/grafana,93861,human,none,YAML,88,50-149,false,3,0,1.6667,0,66.6667,-1.6667
grafana_grafana__94086,grafana/grafana,94086,human,none,TypeScript,33,20-49,false,3,0,1.6667,0,66.6667,-1.6667
grafana_grafana__94366,grafana/grafana,94366,human,none,TypeScript,79,50-149,false,4,0.2500,1.5000,0,75,-1.2500
grafana_grafana__94633,grafana/grafana,94633,human,none,JSON,32,20-49,true,2,0,1.5000,0,50,-1.5000
grafana_grafana__94680,grafana/grafana,94680,human,none,Go,365,150-499,false,3,0,1,0,33.3333,-1
grafana_grafana__95215,grafana/grafana,95215,human,none,YAML,991,500+,false,4,0.2500,1,0,25,-0.7500
grafana_grafana__95239,grafana/grafana,95239,human,none,TypeScript,192,150-499,false,3,0.3333,2,0,100,-1.6667
grafana_grafana__95631,grafana/grafana,95631,human,none,JSON,291,150-499,false,3,0,1.6667,0,66.6667,-1.6667
grafana_grafana__95691,grafana/grafana,95691,human,none,Go,626,500+,true,4,0,1,0,0,-1
grafana_grafana__95891,grafana/grafana,95891,human,none,JSON,35,20-49,false,2,0,2,0,100,-2
grafana_grafana__96057,grafana/grafana,96057,human,none,TypeScript,38,20-49,false,3,0.3333,2,0,100,-1.6667
grafana_grafana__96523,grafana/grafana,96523,human,none,TypeScript,323,150-499,false,3,0.6667,1.6667,0,66.6667,-1
grafana_grafana__96609,grafana/grafana,96609,human,none,TypeScript,41,20-49,false,3,0.6667,2,0,100,-1.3333
grafana_grafana__96827,grafana/grafana,96827,human,none,Go,302,150-499,false,3,0.3333,1.6667,0,66.6667,-1.3333
grafana_grafana__96922,grafana/grafana,96922,human,none,Go,29,20-49,false,3,0,2,0,100,-2
grafana_grafana__97103,grafana/grafana,97103,human,none,TypeScript,29,20-49,true,3,1,2,0,100,-1
grafana_grafana__97136,grafana/grafana,97136,human,none,TypeScript,114,50-149,false,3,0.6667,2,0,100,-1.3333
grafana_grafana__97151,grafana/grafana,97151,human,none,TypeScript,57,50-149,false,3,0.6667,1.6667,0,66.6667,-1
grafana_grafana__97176,grafana/grafana,97176,human,none,TypeScript,3774,500+,false,3,0,1,0,33.3333,-1
grafana_grafana__97534,grafana/grafana,97534,human,none,Go,519,500+,true,3,0,1.3333,0,33.3333,-1.3333
grafana_grafana__98406,grafana/grafana,98406,human,none,YAML,63,50-149,true,4,0,1,0,0,-1
grafana_grafana__98509,grafana/grafana,98509,human,none,TypeScript,99,50-149,true,3,0,1,0,0,-1
grafana_grafana__98510,grafana/grafana,98510,human,none,TypeScript,55,50-149,true,3,0.3333,1.6667,0,66.6667,-1.3333
grafana_grafana__98888,grafana/grafana,98888,human,none,TypeScript,1251,500+,false,3,1,1.3333,0,33.3333,-0.3333
grafana_grafana__99331,grafana/grafana,99331,human,none,TypeScript,72,50-149,false,4,0.5000,1.7500,25,75,-1.2500
grafana_grafana__99359,grafana/grafana,99359,human,none,TypeScript,134,50-149,false,3,0.3333,1.6667,0,66.6667,-1.3333
grafana_grafana__99368,grafana/grafana,99368,human,none,Go,321,150-499,true,3,0,0.6667,0,0,-0.6667
grafana_grafana__99370,grafana/grafana,99370,human,none,TypeScript,106,50-149,false,3,0,0.6667,0,0,-0.6667
grafana_grafana__99612,grafana/grafana,99612,human,none,Go,54,50-149,true,3,0.3333,1.3333,0,66.6667,-1
langchain-ai_langchain__23876,langchain-ai/langchain,23876,human,none,Python,152,150-499,false,3,0.3333,1.3333,0,33.3333,-1
langchain-ai_langchain__24552,langchain-ai/langchain,24552,human,none,Python,132,50-149,false,3,0,1,0,33.3333,-1
langchain-ai_langchain__24585,langchain-ai/langchain,24585,human,none,JavaScript,79,50-149,false,4,0.7500,1,0,25,-0.2500
langchain-ai_langchain__24733,langchain-ai/langchain,24733,human,none,Python,44,20-49,false,4,0.5000,2,0,100,-1.5000
langchain-ai_langchain__25078,langchain-ai/langchain,25078,human,none,Python,111,50-149,true,3,0,1.3333,0,66.6667,-1.3333
langchain-ai_langchain__25189,langchain-ai/langchain,25189,human,none,Python,110,50-149,false,4,0.2500,1,0,50,-0.7500
langchain-ai_langchain__25362,langchain-ai/langchain,25362,human,none,Python,511,500+,false,4,0,0.7500,0,0,-0.7500
langchain-ai_langchain__25430,langchain-ai/langchain,25430,human,none,Python,1217,500+,false,3,0.3333,0.3333,0,0,0
langchain-ai_langchain__25500,langchain-ai/langchain,25500,human,none,JavaScript,806,500+,true,3,0.6667,2,0,100,-1.3333
langchain-ai_langchain__26443,langchain-ai/langchain,26443,human,none,Python,35241,500+,true,3,0.6667,1.6667,0,66.6667,-1
langchain-ai_langchain__26802,langchain-ai/langchain,26802,human,none,Python,287,150-499,false,3,0,0,0,0,0
langchain-ai_langchain__27805,langchain-ai/langchain,27805,human,none,TOML,36,20-49,true,3,0,1.6667,0,66.6667,-1.6667
langchain-ai_langchain__27866,langchain-ai/langchain,27866,human,none,Python,149,50-149,false,3,0.3333,1.3333,0,33.3333,-1
langchain-ai_langchain__27967,langchain-ai/langchain,27967,human,none,Python,944,500+,false,4,0.2500,1.7500,0,75,-1.5000
langchain-ai_langchain__28639,langchain-ai/langchain,28639,human,none,JavaScript,67,50-149,true,3,0,1.3333,0,66.6667,-1.3333
langchain-ai_langchain__28972,langchain-ai/langchain,28972,human,none,Python,239,150-499,false,4,0.7500,0.7500,0,0,0
langchain-ai_langchain__29120,langchain-ai/langchain,29120,human,none,Other,382,150-499,true,4,0,0.2500,0,0,-0.2500
langchain-ai_langchain__29230,langchain-ai/langchain,29230,human,none,Python,29,20-49,true,3,0,1.6667,0,66.6667,-1.6667
langchain-ai_langchain__30187,langchain-ai/langchain,30187,human,none,Python,81,50-149,false,3,1,1.6667,0,66.6667,-0.6667
langchain-ai_langchain__30370,langchain-ai/langchain,30370,human,none,Python,28,20-49,false,3,1.3333,1.3333,66.6667,33.3333,0
langchain-ai_langchain__30449,langchain-ai/langchain,30449,human,none,Python,22,20-49,false,3,1,1.3333,33.3333,33.3333,-0.3333
langchain-ai_langchain__30628,langchain-ai/langchain,30628,human,none,YAML,296,150-499,false,3,0.6667,1.6667,0,66.6667,-1
langchain-ai_langchain__30887,langchain-ai/langchain,30887,human,none,Python,44,20-49,false,3,1,2,0,100,-1
langchain-ai_langchain__30951,langchain-ai/langchain,30951,human,none,Python,20,20-49,false,3,0.3333,2,0,100,-1.6667
langchain-ai_langchain__31468,langchain-ai/langchain,31468,agent,agent-trailer,Python,147,50-149,false,3,0.6667,0.6667,33.3333,0,0
langchain-ai_langchain__31898,langchain-ai/langchain,31898,human,none,Python,4458,500+,false,3,0.3333,0.6667,0,33.3333,-0.3333
langchain-ai_langchain__32074,langchain-ai/langchain,32074,agent,bot-author,Python,40,20-49,false,3,2,2,100,100,0
langchain-ai_langchain__32153,langchain-ai/langchain,32153,agent,bot-author,JavaScript,26,20-49,false,3,1.6667,1,66.6667,33.3333,0.6667
langchain-ai_langchain__32156,langchain-ai/langchain,32156,agent,bot-author,Python,142,50-149,false,3,1.6667,2,66.6667,100,-0.3333
langchain-ai_langchain__32157,langchain-ai/langchain,32157,agent,bot-author,Python,82,50-149,false,3,2,1.6667,100,66.6667,0.3333
langchain-ai_langchain__32160,langchain-ai/langchain,32160,agent,bot-author,Python,95,50-149,false,3,2,2,100,100,0
langchain-ai_langchain__32161,langchain-ai/langchain,32161,agent,bot-author,Python,191,150-499,false,2,1.5000,2,50,100,-0.5000
langchain-ai_langchain__32162,langchain-ai/langchain,32162,agent,bot-author,Python,20,20-49,false,3,1,1.6667,33.3333,66.6667,-0.6667
langchain-ai_langchain__32228,langchain-ai/langchain,32228,human,none,Python,585,500+,false,3,0.3333,1.3333,0,66.6667,-1
langchain-ai_langchain__32236,langchain-ai/langchain,32236,agent,agent-trailer,Python,21,20-49,false,3,1.3333,2,33.3333,100,-0.6667
langchain-ai_langchain__32237,langchain-ai/langchain,32237,agent,agent-trailer,Python,615,500+,false,4,0.2500,0.5000,0,0,-0.2500
langchain-ai_langchain__32331,langchain-ai/langchain,32331,human,none,YAML,249,150-499,false,3,0,1,0,33.3333,-1
langchain-ai_langchain__32368,langchain-ai/langchain,32368,agent,agent-trailer,Python,165,150-499,false,3,0.6667,2,0,100,-1.3333
langchain-ai_langchain__32445,langchain-ai/langchain,32445,agent,agent-trailer,Other,967,500+,false,3,0,0.6667,0,33.3333,-0.6667
langchain-ai_langchain__32551,langchain-ai/langchain,32551,human,none,Python,75,50-149,true,3,0,1.6667,0,66.6667,-1.6667
langchain-ai_langchain__32688,langchain-ai/langchain,32688,human,none,Python,40,20-49,false,3,0.6667,2,0,100,-1.3333
langchain-ai_langchain__32910,langchain-ai/langchain,32910,agent,bot-author,YAML,278,150-499,false,3,0,1.6667,0,66.6667,-1.6667
langchain-ai_langchain__32919,langchain-ai/langchain,32919,human,none,YAML,41,20-49,false,4,0,1.7500,0,75,-1.7500
langchain-ai_langchain__34106,langchain-ai/langchain,34106,human,none,Python,1433,500+,true,2,0,1,0,0,-1
langchain-ai_langchain__34268,langchain-ai/langchain,34268,human,none,Python,55,50-149,true,3,1,2,0,100,-1
langchain-ai_langchain__34464,langchain-ai/langchain,34464,human,none,Python,53,50-149,true,3,0.6667,2,0,100,-1.3333
langchain-ai_langchain__35034,langchain-ai/langchain,35034,human,none,Python,144,50-149,true,3,0,1.6667,0,66.6667,-1.6667
langchain-ai_langchain__35039,langchain-ai/langchain,35039,human,none,Python,58,50-149,true,3,0,0.3333,0,0,-0.3333
langchain-ai_langchain__35317,langchain-ai/langchain,35317,human,none,Python,81,50-149,true,3,1,2,0,100,-1
langchain-ai_langchain__35469,langchain-ai/langchain,35469,agent,agent-trailer,Python,447,150-499,false,4,1.5000,2,50,100,-0.5000
langchain-ai_langchain__35588,langchain-ai/langchain,35588,agent,agent-trailer,YAML,43,20-49,false,2,2,2,100,100,0
langchain-ai_langchain__36725,langchain-ai/langchain,36725,human,none,Python,55,50-149,true,3,0.6667,2,0,100,-1.3333
langchain-ai_langchain__36960,langchain-ai/langchain,36960,agent,agent-trailer,Python,21,20-49,false,3,1.6667,2,66.6667,100,-0.3333
langchain-ai_langchain__37064,langchain-ai/langchain,37064,agent,bot-author,Python,26,20-49,true,3,0.6667,2,0,100,-1.3333
langchain-ai_langchain__37095,langchain-ai/langchain,37095,agent,agent-trailer,Python,163,150-499,false,3,1.3333,1.6667,33.3333,66.6667,-0.3333
langchain-ai_langchain__37456,langchain-ai/langchain,37456,human,none,Python,187,150-499,true,3,0,2,0,100,-2
langchain-ai_langchain__37602,langchain-ai/langchain,37602,human,none,Python,22,20-49,false,3,2,1.3333,100,66.6667,0.6667
langchain-ai_langchain__37710,langchain-ai/langchain,37710,agent,bot-author,Python,101,50-149,false,3,0.3333,1.6667,0,66.6667,-1.3333
langchain-ai_langchain__37911,langchain-ai/langchain,37911,agent,agent-trailer,Python,169,150-499,false,3,2,2,100,100,0
langchain-ai_langchain__38118,langchain-ai/langchain,38118,human,none,Python,84,50-149,false,3,1.3333,1.3333,66.6667,66.6667,0
langchain-ai_langchain__38363,langchain-ai/langchain,38363,agent,agent-trailer,Python,24,20-49,false,3,0.6667,1.6667,33.3333,66.6667,-1
langchain-ai_langchain__38664,langchain-ai/langchain,38664,agent,agent-trailer,Python,133,50-149,false,4,1.5000,1.5000,50,50,0
langchain-ai_langchain__38665,langchain-ai/langchain,38665,agent,agent-footer,YAML,186,150-499,false,3,1.3333,1,66.6667,33.3333,0.3333
prisma_prisma__1018,prisma/prisma,1018,agent,agent-trailer,JSON,63163,500+,false,4,0.7500,0.7500,25,25,0
prisma_prisma__1019,prisma/prisma,1019,agent,agent-footer,JSON,2385,500+,false,3,0.6667,0.3333,33.3333,0,0.3333
prisma_prisma__1024,prisma/prisma,1024,agent,agent-trailer,TypeScript,1771,500+,false,4,2,1,100,0,1
prisma_prisma__1028,prisma/prisma,1028,agent,agent-footer,HTML,4781,500+,false,3,1.3333,1.6667,33.3333,66.6667,-0.3333
prisma_prisma__1035,prisma/prisma,1035,agent,agent-trailer,TypeScript,16235,500+,false,3,2,1,100,0,1
prisma_prisma__1038,prisma/prisma,1038,human,none,TypeScript,890,500+,false,4,2,1,100,0,1
prisma_prisma__1042,prisma/prisma,1042,agent,agent-trailer,TypeScript,21135,500+,false,4,0.7500,0,0,0,0.7500
prisma_prisma__1048,prisma/prisma,1048,agent,agent-footer,TypeScript,2295,500+,false,4,1.7500,0.7500,75,0,1
prisma_prisma__137,prisma/prisma,137,agent,agent-trailer,TypeScript,499,150-499,false,3,2,1.6667,100,66.6667,0.3333
prisma_prisma__145,prisma/prisma,145,agent,agent-trailer,TypeScript,306,150-499,false,3,1.3333,1.3333,33.3333,33.3333,0
prisma_prisma__147,prisma/prisma,147,agent,agent-trailer,TypeScript,188,150-499,false,3,1.6667,2,66.6667,100,-0.3333
prisma_prisma__200,prisma/prisma,200,agent,agent-trailer,TypeScript,490,150-499,false,4,1.5000,0.5000,50,0,1
prisma_prisma__201,prisma/prisma,201,agent,agent-trailer,TypeScript,160,150-499,false,3,2,1.3333,100,33.3333,0.6667
prisma_prisma__224,prisma/prisma,224,agent,agent-trailer,TypeScript,306,150-499,false,3,1.3333,1.6667,33.3333,66.6667,-0.3333
prisma_prisma__270,prisma/prisma,270,human,none,TypeScript,26,20-49,false,3,1.3333,2,66.6667,100,-0.6667
prisma_prisma__310,prisma/prisma,310,human,none,TypeScript,32,20-49,false,2,0,0,0,0,0
prisma_prisma__32,prisma/prisma,32,human,none,TypeScript,322,150-499,false,3,0,1,0,33.3333,-1
prisma_prisma__323,prisma/prisma,323,agent,agent-footer,JavaScript,29,20-49,false,3,1.6667,1.3333,66.6667,33.3333,0.3333
prisma_prisma__404,prisma/prisma,404,agent,agent-trailer,TypeScript,5437,500+,false,4,1.7500,1,75,0,0.7500
prisma_prisma__417,prisma/prisma,417,agent,agent-trailer,TypeScript,19013,500+,false,3,1,1,0,0,0
prisma_prisma__428,prisma/prisma,428,agent,agent-trailer,TypeScript,137,50-149,false,3,1.6667,1,66.6667,33.3333,0.6667
prisma_prisma__553,prisma/prisma,553,agent,agent-trailer,TypeScript,1152,500+,false,4,1.5000,1.2500,50,25,0.2500
prisma_prisma__653,prisma/prisma,653,human,none,JSON,33635,500+,false,3,0.6667,1.3333,0,33.3333,-0.6667
prisma_prisma__726,prisma/prisma,726,agent,agent-trailer,TypeScript,3061,500+,false,3,1.3333,1,66.6667,33.3333,0.3333
prisma_prisma__732,prisma/prisma,732,agent,agent-trailer,TypeScript,793,500+,false,3,1.6667,1.6667,66.6667,66.6667,0
prisma_prisma__750,prisma/prisma,750,agent,agent-trailer,TypeScript,1582,500+,false,3,2,2,100,100,0
prisma_prisma__751,prisma/prisma,751,agent,agent-trailer,TypeScript,2180,500+,false,4,1.2500,0.5000,50,0,0.7500
prisma_prisma__753,prisma/prisma,753,agent,agent-trailer,TypeScript,3191,500+,false,3,2,1,100,0,1
prisma_prisma__754,prisma/prisma,754,agent,agent-trailer,TypeScript,1044,500+,false,3,1.3333,1.6667,33.3333,66.6667,-0.3333
prisma_prisma__755,prisma/prisma,755,agent,agent-trailer,TypeScript,3232,500+,false,4,2,0.5000,100,0,1.5000
prisma_prisma__768,prisma/prisma,768,agent,agent-trailer,TypeScript,1870,500+,false,4,1.7500,1.2500,75,25,0.5000
prisma_prisma__769,prisma/prisma,769,agent,agent-trailer,TypeScript,3660,500+,false,3,2,1,100,0,1
prisma_prisma__770,prisma/prisma,770,agent,agent-trailer,Other,2111,500+,false,4,1.2500,1.2500,25,50,0
prisma_prisma__775,prisma/prisma,775,agent,agent-footer,JavaScript,5255,500+,false,4,1.5000,1.2500,50,50,0.2500
prisma_prisma__792,prisma/prisma,792,agent,agent-trailer,TypeScript,5199,500+,false,4,1.7500,1.2500,75,25,0.5000
prisma_prisma__795,prisma/prisma,795,agent,agent-trailer,TypeScript,3699,500+,false,4,1.5000,0.5000,75,0,1
prisma_prisma__797,prisma/prisma,797,agent,agent-trailer,TypeScript,127,50-149,false,3,1.6667,1.3333,66.6667,66.6667,0.3333
prisma_prisma__800,prisma/prisma,800,agent,agent-trailer,YAML,40,20-49,false,3,1.6667,2,66.6667,100,-0.3333
prisma_prisma__801,prisma/prisma,801,agent,agent-trailer,TypeScript,108,50-149,false,3,1.3333,1.3333,33.3333,33.3333,0
prisma_prisma__802,prisma/prisma,802,agent,agent-trailer,YAML,28,20-49,false,3,1.3333,2,33.3333,100,-0.6667
prisma_prisma__808,prisma/prisma,808,agent,agent-trailer,TypeScript,4790,500+,false,4,1.7500,1.5000,75,50,0.2500
prisma_prisma__809,prisma/prisma,809,agent,agent-trailer,TypeScript,635,500+,false,3,1.6667,2,66.6667,100,-0.3333
prisma_prisma__810,prisma/prisma,810,agent,agent-trailer,TypeScript,1578,500+,false,3,1.6667,1,66.6667,0,0.6667
prisma_prisma__812,prisma/prisma,812,agent,agent-trailer,TypeScript,3906,500+,false,4,2,0.5000,100,0,1.5000
prisma_prisma__813,prisma/prisma,813,agent,agent-trailer,TypeScript,1281,500+,false,4,0.5000,1,25,25,-0.5000
prisma_prisma__816,prisma/prisma,816,agent,agent-trailer,TypeScript,2905,500+,false,4,1.7500,1,75,0,0.7500
prisma_prisma__825,prisma/prisma,825,agent,agent-trailer,TypeScript,7014,500+,false,4,1.2500,0.2500,50,0,1
prisma_prisma__826,prisma/prisma,826,agent,agent-trailer,TypeScript,1370,500+,false,4,1.5000,0.7500,50,0,0.7500
prisma_prisma__829,prisma/prisma,829,agent,agent-trailer,TypeScript,4439,500+,false,4,1.7500,1.2500,75,25,0.5000
prisma_prisma__834,prisma/prisma,834,agent,agent-trailer,TypeScript,6841,500+,false,3,2,1,100,0,1
prisma_prisma__838,prisma/prisma,838,agent,agent-trailer,TypeScript,1411,500+,false,3,2,0,100,0,2
prisma_prisma__841,prisma/prisma,841,agent,agent-trailer,TypeScript,2806,500+,false,3,2,1,100,0,1
prisma_prisma__870,prisma/prisma,870,agent,agent-trailer,TypeScript,1924,500+,false,4,1.2500,0.7500,50,0,0.5000
prisma_prisma__879,prisma/prisma,879,agent,agent-trailer,TypeScript,29544,500+,false,3,1.3333,1,33.3333,0,0.3333
prisma_prisma__896,prisma/prisma,896,agent,agent-footer,TypeScript,1174,500+,false,4,2,0.5000,100,0,1.5000
prisma_prisma__897,prisma/prisma,897,agent,agent-footer,TypeScript,510,500+,false,3,2,2,100,100,0
prisma_prisma__905,prisma/prisma,905,agent,agent-footer,TypeScript,1248,500+,false,3,1.6667,1,66.6667,0,0.6667
prisma_prisma__906,prisma/prisma,906,agent,agent-trailer,TypeScript,7176,500+,false,4,1.5000,0.7500,75,0,0.7500
prisma_prisma__908,prisma/prisma,908,agent,agent-trailer,TypeScript,491,150-499,false,4,2,1.2500,100,25,0.7500
prisma_prisma__912,prisma/prisma,912,agent,agent-trailer,TypeScript,137,50-149,false,3,1.3333,1,33.3333,0,0.3333
prisma_prisma__921,prisma/prisma,921,agent,agent-trailer,TypeScript,26656,500+,false,4,2,1,100,0,1
prisma_prisma__935,prisma/prisma,935,agent,agent-trailer,TypeScript,1769,500+,false,4,1.7500,1,75,0,0.7500
prisma_prisma__944,prisma/prisma,944,agent,agent-footer,TypeScript,2514,500+,false,4,2,0.7500,100,0,1.2500
prisma_prisma__945,prisma/prisma,945,agent,agent-footer,TypeScript,5020,500+,false,3,2,0.6667,100,0,1.3333
prisma_prisma__946,prisma/prisma,946,agent,agent-footer,TypeScript,468,150-499,false,3,2,1.3333,100,33.3333,0.6667
prisma_prisma__960,prisma/prisma,960,agent,agent-footer,TypeScript,24994,500+,false,4,1.7500,1.2500,75,50,0.5000
prisma_prisma__969,prisma/prisma,969,agent,agent-trailer,TypeScript,147,50-149,false,3,2,2,100,100,0
prisma_prisma__985,prisma/prisma,985,agent,agent-footer,TypeScript,631,500+,false,3,1,0.6667,33.3333,33.3333,0.3333
prisma_prisma__988,prisma/prisma,988,agent,agent-footer,JSON,2470,500+,false,4,0.5000,0.5000,25,0,0
prisma_prisma__990,prisma/prisma,990,agent,agent-footer,TypeScript,3035,500+,false,4,1.2500,1,25,25,0.2500
prisma_prisma__991,prisma/prisma,991,agent,agent-footer,JavaScript,136,50-149,false,3,2,2,100,100,0
prisma_prisma__997,prisma/prisma,997,agent,agent-footer,TypeScript,3214,500+,false,3,2,1,100,0,1
supabase_supabase__27834,supabase/supabase,27834,human,none,TypeScript,1011,500+,false,4,0,0.7500,0,0,-0.7500
supabase_supabase__28048,supabase/supabase,28048,human,none,TypeScript,1832,500+,false,4,1,1.7500,0,75,-0.7500
supabase_supabase__28208,supabase/supabase,28208,human,none,TypeScript,322,150-499,false,3,0.6667,2,0,100,-1.3333
supabase_supabase__28714,supabase/supabase,28714,human,none,YAML,45,20-49,true,3,0,1.3333,0,33.3333,-1.3333
supabase_supabase__28730,supabase/supabase,28730,human,none,TypeScript,21,20-49,true,3,0,1.3333,0,33.3333,-1.3333
supabase_supabase__28761,supabase/supabase,28761,human,none,JavaScript,29,20-49,true,3,0.6667,1.6667,0,66.6667,-1
supabase_supabase__29038,supabase/supabase,29038,human,none,TypeScript,7798,500+,false,3,0.3333,0.6667,0,0,-0.3333
supabase_supabase__29219,supabase/supabase,29219,human,none,TypeScript,2506,500+,false,4,1,1,0,25,0
supabase_supabase__30280,supabase/supabase,30280,human,none,TypeScript,281,150-499,false,4,0,1.5000,0,50,-1.5000
supabase_supabase__30736,supabase/supabase,30736,human,none,TypeScript,34,20-49,false,3,1,2,0,100,-1
supabase_supabase__31229,supabase/supabase,31229,human,none,Svelte,798,500+,false,3,0.6667,0.6667,0,33.3333,0
supabase_supabase__32632,supabase/supabase,32632,human,none,TypeScript,152,150-499,false,3,0.3333,2,0,100,-1.6667
supabase_supabase__32679,supabase/supabase,32679,human,none,TypeScript,1347,500+,false,3,0.6667,0.3333,0,0,0.3333
supabase_supabase__33228,supabase/supabase,33228,human,none,TypeScript,48,20-49,true,3,0.3333,2,0,100,-1.6667
supabase_supabase__33252,supabase/supabase,33252,human,none,TypeScript,1715,500+,false,4,1,1.2500,0,25,-0.2500
supabase_supabase__33335,supabase/supabase,33335,human,none,TypeScript,2769,500+,false,3,0.6667,1,0,33.3333,-0.3333
supabase_supabase__33698,supabase/supabase,33698,human,none,TypeScript,142,50-149,false,4,0,1,0,25,-1
supabase_supabase__33996,supabase/supabase,33996,human,none,TypeScript,89,50-149,false,3,0.3333,1.6667,0,66.6667,-1.3333
supabase_supabase__34804,supabase/supabase,34804,human,none,TypeScript,24,20-49,false,3,0.3333,2,0,100,-1.6667
supabase_supabase__34905,supabase/supabase,34905,human,none,TypeScript,49,20-49,false,3,0,1.3333,0,33.3333,-1.3333
supabase_supabase__35674,supabase/supabase,35674,human,none,TypeScript,161,150-499,false,3,1.3333,1.6667,33.3333,66.6667,-0.3333
supabase_supabase__36002,supabase/supabase,36002,human,none,TypeScript,32,20-49,false,3,1.3333,2,66.6667,100,-0.6667
supabase_supabase__36793,supabase/supabase,36793,agent,agent-trailer,TypeScript,75,50-149,false,3,1.3333,2,33.3333,100,-0.6667
supabase_supabase__36970,supabase/supabase,36970,human,none,TypeScript,36,20-49,true,3,0.6667,2,0,100,-1.3333
supabase_supabase__37230,supabase/supabase,37230,human,none,TypeScript,310,150-499,false,3,0.3333,1,0,33.3333,-0.6667
supabase_supabase__37928,supabase/supabase,37928,agent,agent-trailer,YAML,497,150-499,false,3,0,0,0,0,0
supabase_supabase__37987,supabase/supabase,37987,human,none,TypeScript,4769,500+,false,3,0.6667,2,0,100,-1.3333
supabase_supabase__38669,supabase/supabase,38669,human,none,TypeScript,500,500+,false,3,0.3333,2,0,100,-1.6667
supabase_supabase__38772,supabase/supabase,38772,agent,agent-trailer,TypeScript,1434,500+,false,4,0,0.2500,0,0,-0.2500
supabase_supabase__39041,supabase/supabase,39041,human,none,TypeScript,99,50-149,false,3,0.6667,1.6667,0,66.6667,-1
supabase_supabase__39141,supabase/supabase,39141,human,none,TypeScript,39,20-49,true,3,0,1.3333,0,66.6667,-1.3333
supabase_supabase__39296,supabase/supabase,39296,agent,agent-trailer,TypeScript,30,20-49,false,2,0.5000,2,0,100,-1.5000
supabase_supabase__39351,supabase/supabase,39351,human,none,TypeScript,275,150-499,false,3,0.3333,1.6667,0,66.6667,-1.3333
supabase_supabase__39541,supabase/supabase,39541,human,none,TypeScript,2556,500+,true,2,0,2,0,100,-2
supabase_supabase__39583,supabase/supabase,39583,human,none,Other,66,50-149,true,3,0,1.3333,0,33.3333,-1.3333
supabase_supabase__39600,supabase/supabase,39600,human,none,TypeScript,30,20-49,false,3,1,1,33.3333,33.3333,0
supabase_supabase__39730,supabase/supabase,39730,human,none,TypeScript,22,20-49,false,3,0,1.6667,0,66.6667,-1.6667
supabase_supabase__39795,supabase/supabase,39795,agent,agent-trailer,TypeScript,563,500+,false,4,0,1.2500,0,25,-1.2500
supabase_supabase__39834,supabase/supabase,39834,agent,agent-trailer,TypeScript,985,500+,false,4,0.5000,1.7500,0,75,-1.2500
supabase_supabase__39889,supabase/supabase,39889,agent,agent-trailer,TypeScript,904,500+,false,4,1.5000,1.2500,50,25,0.2500
supabase_supabase__39977,supabase/supabase,39977,human,none,TypeScript,278,150-499,false,3,0.3333,1.6667,0,66.6667,-1.3333
supabase_supabase__39991,supabase/supabase,39991,agent,agent-trailer,TypeScript,816,500+,false,4,0.7500,1,25,25,-0.2500
supabase_supabase__40015,supabase/supabase,40015,human,none,TypeScript,291,150-499,false,4,0,1,0,25,-1
supabase_supabase__40026,supabase/supabase,40026,agent,agent-trailer,TypeScript,1948,500+,false,3,0.3333,1.6667,0,66.6667,-1.3333
supabase_supabase__40183,supabase/supabase,40183,human,none,TOML,36,20-49,false,3,0,1.6667,0,66.6667,-1.6667
supabase_supabase__40232,supabase/supabase,40232,human,none,TypeScript,50,50-149,false,3,0,1.3333,0,33.3333,-1.3333
supabase_supabase__40290,supabase/supabase,40290,human,none,TypeScript,112,50-149,false,3,0.6667,1.6667,0,66.6667,-1
supabase_supabase__40294,supabase/supabase,40294,human,none,TypeScript,36,20-49,true,3,0,1.6667,0,66.6667,-1.6667
supabase_supabase__40323,supabase/supabase,40323,human,none,TypeScript,114,50-149,true,3,0,2,0,100,-2
supabase_supabase__40903,supabase/supabase,40903,agent,agent-trailer,TypeScript,508,500+,false,3,0.3333,1.6667,0,66.6667,-1.3333
supabase_supabase__40911,supabase/supabase,40911,human,none,XML,320,150-499,false,3,0,0.3333,0,0,-0.3333
supabase_supabase__41013,supabase/supabase,41013,human,none,TypeScript,280,150-499,false,4,1,1.5000,50,50,-0.5000
supabase_supabase__41305,supabase/supabase,41305,human,none,TypeScript,57,50-149,false,3,0.3333,1.6667,0,66.6667,-1.3333
supabase_supabase__41408,supabase/supabase,41408,human,none,Shell,141,50-149,true,4,0,1,0,50,-1
supabase_supabase__41412,supabase/supabase,41412,human,none,TypeScript,25,20-49,false,3,0,2,0,100,-2
supabase_supabase__41525,supabase/supabase,41525,human,none,TypeScript,519,500+,false,3,0,2,0,100,-2
supabase_supabase__41558,supabase/supabase,41558,human,none,TypeScript,47,20-49,false,3,0,1.3333,0,33.3333,-1.3333
supabase_supabase__41745,supabase/supabase,41745,agent,agent-trailer,TypeScript,47,20-49,false,3,1,2,0,100,-1
supabase_supabase__41801,supabase/supabase,41801,agent,agent-trailer,TypeScript,342,150-499,false,3,1.3333,1.6667,66.6667,66.6667,-0.3333
supabase_supabase__42021,supabase/supabase,42021,human,none,TypeScript,309,150-499,false,4,0.5000,1,0,0,-0.5000
supabase_supabase__42071,supabase/supabase,42071,agent,agent-trailer,TOML,130,50-149,false,3,1,1.6667,0,66.6667,-0.6667
supabase_supabase__42079,supabase/supabase,42079,agent,agent-trailer,TypeScript,191,150-499,false,3,1,2,33.3333,100,-1
supabase_supabase__42148,supabase/supabase,42148,agent,agent-trailer,TypeScript,263,150-499,false,3,0.3333,1.3333,0,33.3333,-1
supabase_supabase__42218,supabase/supabase,42218,human,none,TypeScript,55,50-149,false,3,0,0.6667,0,33.3333,-0.6667
supabase_supabase__42260,supabase/supabase,42260,human,none,TypeScript,1077,500+,true,4,0,1.2500,0,50,-1.2500
supabase_supabase__42300,supabase/supabase,42300,agent,agent-trailer,TypeScript,291,150-499,false,3,0.6667,1.3333,0,66.6667,-0.6667
supabase_supabase__42361,supabase/supabase,42361,human,none,TypeScript,24,20-49,false,3,1.3333,1.3333,66.6667,66.6667,0
supabase_supabase__42428,supabase/supabase,42428,agent,agent-trailer,TypeScript,1611,500+,false,3,0.3333,1.6667,0,66.6667,-1.3333
supabase_supabase__42458,supabase/supabase,42458,human,none,TypeScript,79,50-149,false,3,0.6667,1,0,33.3333,-0.3333
supabase_supabase__42638,supabase/supabase,42638,agent,agent-trailer,TypeScript,1036,500+,false,3,0,1.3333,0,33.3333,-1.3333
supabase_supabase__42874,supabase/supabase,42874,agent,agent-trailer,YAML,210,150-499,false,3,1,1,33.3333,33.3333,0
supabase_supabase__43010,supabase/supabase,43010,human,none,TypeScript,141,50-149,false,3,1.6667,1.6667,66.6667,66.6667,0
supabase_supabase__43090,supabase/supabase,43090,human,none,TypeScript,76,50-149,false,3,0,1.6667,0,66.6667,-1.6667
supabase_supabase__43109,supabase/supabase,43109,agent,agent-trailer,TypeScript,3519,500+,false,3,0,0.6667,0,33.3333,-0.6667
supabase_supabase__43140,supabase/supabase,43140,agent,agent-trailer,TypeScript,295,150-499,false,4,0.5000,1,0,50,-0.5000
supabase_supabase__43191,supabase/supabase,43191,agent,agent-trailer,TypeScript,95,50-149,false,3,0.3333,1.3333,0,66.6667,-1
supabase_supabase__43201,supabase/supabase,43201,human,none,TypeScript,518,500+,false,3,2,2,100,100,0
supabase_supabase__43210,supabase/supabase,43210,human,none,TypeScript,123,50-149,false,3,0,2,0,100,-2
supabase_supabase__43697,supabase/supabase,43697,agent,agent-trailer,TypeScript,350,150-499,false,3,0,2,0,100,-2
supabase_supabase__43790,supabase/supabase,43790,agent,agent-trailer,TypeScript,164,150-499,false,3,1.3333,1.6667,66.6667,66.6667,-0.3333
supabase_supabase__43804,supabase/supabase,43804,agent,agent-trailer,TypeScript,85,50-149,false,3,0.6667,1.6667,0,66.6667,-1
supabase_supabase__43817,supabase/supabase,43817,agent,agent-trailer,Vue,1764,500+,false,4,0,1,0,25,-1
supabase_supabase__43862,supabase/supabase,43862,agent,agent-trailer,TypeScript,44,20-49,false,3,1.6667,1.3333,66.6667,33.3333,0.3333
supabase_supabase__43927,supabase/supabase,43927,agent,agent-trailer,TypeScript,28,20-49,false,3,1,2,0,100,-1
supabase_supabase__43929,supabase/supabase,43929,agent,agent-trailer,TypeScript,556,500+,false,3,0.6667,1.6667,0,66.6667,-1
supabase_supabase__43967,supabase/supabase,43967,agent,agent-trailer,TypeScript,48,20-49,false,3,2,0.6667,100,0,1.3333
supabase_supabase__44077,supabase/supabase,44077,agent,agent-trailer,TypeScript,125,50-149,false,4,0,2,0,100,-2
supabase_supabase__44087,supabase/supabase,44087,human,none,TypeScript,87,50-149,true,3,0,0.3333,0,0,-0.3333
supabase_supabase__44137,supabase/supabase,44137,human,none,TypeScript,158,150-499,false,3,2,2,100,100,0
supabase_supabase__44198,supabase/supabase,44198,human,none,TypeScript,22,20-49,false,3,1.3333,2,33.3333,100,-0.6667
supabase_supabase__44248,supabase/supabase,44248,agent,agent-trailer,TypeScript,3643,500+,false,4,0,1,0,25,-1
supabase_supabase__44293,supabase/supabase,44293,human,none,TypeScript,194,150-499,false,3,0.6667,2,0,100,-1.3333
supabase_supabase__44296,supabase/supabase,44296,human,none,TypeScript,196,150-499,false,3,1.6667,1.3333,66.6667,33.3333,0.3333
supabase_supabase__44328,supabase/supabase,44328,agent,agent-trailer,TypeScript,1973,500+,false,4,1.2500,0.7500,50,25,0.5000
supabase_supabase__44343,supabase/supabase,44343,agent,agent-trailer,Other,2752,500+,false,3,1,1.3333,0,33.3333,-0.3333
supabase_supabase__44438,supabase/supabase,44438,agent,agent-trailer,TypeScript,279,150-499,false,3,0.6667,0.6667,0,0,0
supabase_supabase__44513,supabase/supabase,44513,agent,agent-trailer,TypeScript,24,20-49,false,3,0.6667,0.6667,0,0,0
supabase_supabase__44519,supabase/supabase,44519,agent,agent-trailer,TypeScript,280,150-499,false,3,1.3333,2,33.3333,100,-0.6667
supabase_supabase__44520,supabase/supabase,44520,agent,agent-trailer,TypeScript,1328,500+,false,3,2,0.3333,100,0,1.6667
supabase_supabase__44621,supabase/supabase,44621,agent,agent-trailer,TypeScript,433,150-499,false,3,1.6667,1.3333,66.6667,66.6667,0.3333
supabase_supabase__44629,supabase/supabase,44629,agent,agent-trailer,YAML,170,150-499,false,3,1,1,33.3333,33.3333,0
supabase_supabase__44655,supabase/supabase,44655,agent,agent-trailer,TypeScript,46,20-49,false,3,0.6667,1.3333,33.3333,33.3333,-0.6667
supabase_supabase__44662,supabase/supabase,44662,human,none,JSON,49,20-49,false,3,1.3333,1.6667,33.3333,66.6667,-0.3333
supabase_supabase__44702,supabase/supabase,44702,agent,agent-trailer,TypeScript,122,50-149,false,3,1,0.6667,33.3333,0,0.3333
supabase_supabase__44728,supabase/supabase,44728,agent,agent-trailer,TypeScript,109,50-149,false,3,1.3333,2,66.6667,100,-0.6667
supabase_supabase__44797,supabase/supabase,44797,agent,agent-trailer,TypeScript,131,50-149,false,3,1,2,0,100,-1
supabase_supabase__44857,supabase/supabase,44857,agent,agent-trailer,TypeScript,287,150-499,false,3,1,0.6667,33.3333,0,0.3333
supabase_supabase__44878,supabase/supabase,44878,agent,agent-trailer,JavaScript,51,50-149,false,3,1.6667,0.6667,66.6667,0,1
supabase_supabase__44965,supabase/supabase,44965,agent,agent-trailer,TypeScript,778,500+,false,3,1.3333,1,66.6667,0,0.3333
supabase_supabase__44973,supabase/supabase,44973,human,none,TypeScript,89,50-149,false,3,0.3333,1.6667,0,66.6667,-1.3333
supabase_supabase__44986,supabase/supabase,44986,agent,agent-trailer,TypeScript,435,150-499,false,4,0.2500,0.2500,0,0,0
supabase_supabase__45034,supabase/supabase,45034,human,none,TypeScript,386,150-499,false,3,1.3333,1.3333,66.6667,33.3333,0
supabase_supabase__45170,supabase/supabase,45170,agent,agent-trailer,TypeScript,338,150-499,false,4,0.7500,0.2500,25,0,0.5000
supabase_supabase__45219,supabase/supabase,45219,agent,agent-trailer,TypeScript,2096,500+,false,4,0.7500,1.2500,0,25,-0.5000
supabase_supabase__45274,supabase/supabase,45274,agent,agent-trailer,TypeScript,161,150-499,false,4,1.2500,1.2500,50,25,0
supabase_supabase__45294,supabase/supabase,45294,agent,agent-trailer,JSON,182,150-499,false,4,0.7500,1,25,25,-0.2500
supabase_supabase__45326,supabase/supabase,45326,agent,agent-trailer,TypeScript,292,150-499,false,3,1.6667,2,66.6667,100,-0.3333
supabase_supabase__45396,supabase/supabase,45396,agent,agent-trailer,TypeScript,806,500+,false,4,1.7500,0.7500,75,25,1
supabase_supabase__45467,supabase/supabase,45467,human,none,TypeScript,733,500+,false,3,1.3333,1.3333,33.3333,33.3333,0
supabase_supabase__45516,supabase/supabase,45516,agent,agent-trailer,TypeScript,96,50-149,false,3,1,1,33.3333,33.3333,0
supabase_supabase__45523,supabase/supabase,45523,agent,agent-trailer,TypeScript,274,150-499,false,3,1,1.3333,33.3333,33.3333,-0.3333
supabase_supabase__45658,supabase/supabase,45658,human,none,TypeScript,144,50-149,false,3,0.3333,2,0,100,-1.6667
supabase_supabase__45716,supabase/supabase,45716,agent,agent-trailer,YAML,150,150-499,false,3,1,1,33.3333,33.3333,0
supabase_supabase__45787,supabase/supabase,45787,agent,agent-trailer,TypeScript,26,20-49,false,2,1,2,0,100,-1
supabase_supabase__45833,supabase/supabase,45833,agent,agent-trailer,TypeScript,23,20-49,false,3,2,1.3333,100,66.6667,0.6667
supabase_supabase__45941,supabase/supabase,45941,human,none,Shell,95,50-149,true,3,0,1.3333,0,33.3333,-1.3333
supabase_supabase__46054,supabase/supabase,46054,agent,agent-trailer,TypeScript,59,50-149,false,3,0.6667,1,0,33.3333,-0.3333
supabase_supabase__46095,supabase/supabase,46095,agent,agent-trailer,TypeScript,210,150-499,false,3,1,1.3333,33.3333,33.3333,-0.3333
supabase_supabase__46138,supabase/supabase,46138,human,none,TypeScript,21,20-49,false,3,1,1.3333,0,33.3333,-0.3333
supabase_supabase__46147,supabase/supabase,46147,agent,agent-trailer,TypeScript,90,50-149,false,3,1,1,33.3333,33.3333,0
supabase_supabase__46150,supabase/supabase,46150,agent,agent-trailer,TypeScript,104,50-149,false,3,0.6667,1.6667,0,66.6667,-1
supabase_supabase__46168,supabase/supabase,46168,human,none,TypeScript,228,150-499,false,3,1.6667,2,66.6667,100,-0.3333
supabase_supabase__46198,supabase/supabase,46198,agent,agent-trailer,TypeScript,298,150-499,false,4,0.2500,0.5000,0,0,-0.2500
supabase_supabase__46232,supabase/supabase,46232,agent,agent-trailer,TypeScript,37,20-49,false,3,1.3333,0.6667,33.3333,33.3333,0.6667
supabase_supabase__46241,supabase/supabase,46241,agent,agent-trailer,TypeScript,260,150-499,false,3,0.6667,0.6667,33.3333,0,0
supabase_supabase__46242,supabase/supabase,46242,agent,agent-trailer,TypeScript,185,150-499,false,3,0.6667,1.3333,0,66.6667,-0.6667
supabase_supabase__46245,supabase/supabase,46245,agent,agent-trailer,TypeScript,28,20-49,false,3,1.3333,1.3333,33.3333,33.3333,0
supabase_supabase__46319,supabase/supabase,46319,agent,agent-trailer,TypeScript,705,500+,false,3,1.3333,2,66.6667,100,-0.6667
supabase_supabase__46359,supabase/supabase,46359,agent,agent-trailer,TypeScript,1197,500+,false,3,2,1,100,0,1
supabase_supabase__46371,supabase/supabase,46371,agent,agent-trailer,TypeScript,97,50-149,false,3,1.3333,2,33.3333,100,-0.6667
supabase_supabase__46382,supabase/supabase,46382,agent,agent-trailer,TypeScript,20,20-49,false,3,1.6667,1.6667,66.6667,66.6667,0
supabase_supabase__46499,supabase/supabase,46499,agent,agent-trailer,TypeScript,276,150-499,false,3,2,1.6667,100,66.6667,0.3333
supabase_supabase__46562,supabase/supabase,46562,human,none,TypeScript,112,50-149,false,3,0,2,0,100,-2
supabase_supabase__46614,supabase/supabase,46614,agent,agent-trailer,TypeScript,1274,500+,false,3,1.6667,0.6667,66.6667,33.3333,1
supabase_supabase__46673,supabase/supabase,46673,agent,agent-trailer,TypeScript,36,20-49,false,3,1.6667,1.6667,66.6667,66.6667,0
supabase_supabase__46720,supabase/supabase,46720,agent,agent-trailer,TypeScript,90,50-149,false,4,1.2500,1,25,25,0.2500
supabase_supabase__46729,supabase/supabase,46729,agent,agent-trailer,TypeScript,38,20-49,false,3,1.6667,1.6667,66.6667,66.6667,0
supabase_supabase__46771,supabase/supabase,46771,agent,agent-trailer,TypeScript,28,20-49,false,3,2,1,100,0,1
supabase_supabase__46803,supabase/supabase,46803,agent,agent-trailer,TypeScript,493,150-499,false,3,1,1,0,33.3333,0
supabase_supabase__46830,supabase/supabase,46830,agent,agent-trailer,TypeScript,198,150-499,false,3,1.6667,2,66.6667,100,-0.3333
supabase_supabase__46928,supabase/supabase,46928,agent,agent-trailer,TypeScript,50,50-149,false,3,1.6667,2,66.6667,100,-0.3333
supabase_supabase__46953,supabase/supabase,46953,agent,agent-trailer,TypeScript,28,20-49,false,2,2,2,100,100,0
supabase_supabase__46960,supabase/supabase,46960,agent,agent-trailer,TypeScript,120,50-149,false,3,2,1.6667,100,66.6667,0.3333
supabase_supabase__46967,supabase/supabase,46967,agent,agent-trailer,TypeScript,1306,500+,false,3,0.6667,1.3333,0,33.3333,-0.6667
supabase_supabase__46977,supabase/supabase,46977,human,none,TypeScript,720,500+,false,4,1.2500,1.7500,25,75,-0.5000
supabase_supabase__47002,supabase/supabase,47002,human,none,TypeScript,37,20-49,false,3,1.6667,2,66.6667,100,-0.3333
supabase_supabase__47007,supabase/supabase,47007,agent,agent-trailer,TypeScript,501,500+,false,3,0.3333,1.6667,0,66.6667,-1.3333
supabase_supabase__47024,supabase/supabase,47024,agent,agent-trailer,YAML,341,150-499,false,3,1.3333,1.3333,66.6667,33.3333,0
supabase_supabase__47028,supabase/supabase,47028,agent,agent-trailer,TypeScript,52,50-149,false,3,0.6667,1,0,33.3333,-0.3333
supabase_supabase__47088,supabase/supabase,47088,agent,agent-trailer,TypeScript,233,150-499,false,3,1,1.6667,33.3333,66.6667,-0.6667
supabase_supabase__47104,supabase/supabase,47104,human,none,TypeScript,145,50-149,false,3,2,1,100,0,1
supabase_supabase__47264,supabase/supabase,47264,agent,agent-trailer,TypeScript,1302,500+,false,4,1.2500,1.2500,50,50,0
supabase_supabase__47353,supabase/supabase,47353,agent,agent-trailer,TypeScript,36,20-49,false,3,1,2,0,100,-1
supabase_supabase__47363,supabase/supabase,47363,human,none,TypeScript,326,150-499,false,4,0.7500,1.7500,25,75,-1
supabase_supabase__47406,supabase/supabase,47406,human,none,TypeScript,712,500+,false,4,0.5000,0.2500,25,0,0.2500
supabase_supabase__47415,supabase/supabase,47415,agent,agent-footer,JSON,56,50-149,false,3,0.3333,0.3333,0,0,0
supabase_supabase__47419,supabase/supabase,47419,agent,agent-trailer,JSON,60,50-149,false,3,0.3333,0.6667,0,0,-0.3333
supabase_supabase__47421,supabase/supabase,47421,human,none,TypeScript,466,150-499,false,4,1.2500,0.7500,50,25,0.5000
supabase_supabase__47434,supabase/supabase,47434,agent,agent-trailer,TypeScript,56,50-149,false,3,2,1.6667,100,66.6667,0.3333
supabase_supabase__47436,supabase/supabase,47436,agent,agent-trailer,TypeScript,26,20-49,false,3,1.6667,2,66.6667,100,-0.3333
supabase_supabase__47489,supabase/supabase,47489,agent,agent-trailer,TypeScript,122,50-149,false,4,0.5000,1.7500,25,75,-1.2500
supabase_supabase__47494,supabase/supabase,47494,agent,agent-trailer,TypeScript,80,50-149,false,3,1.6667,2,66.6667,100,-0.3333
supabase_supabase__47502,supabase/supabase,47502,agent,agent-trailer,TypeScript,230,150-499,false,4,1.2500,2,50,100,-0.7500
supabase_supabase__47532,supabase/supabase,47532,human,none,TypeScript,30,20-49,true,3,0,1.6667,0,66.6667,-1.6667
supabase_supabase__47560,supabase/supabase,47560,agent,agent-trailer,TypeScript,225,150-499,false,3,1,1.6667,33.3333,66.6667,-0.6667
supabase_supabase__47583,supabase/supabase,47583,agent,agent-trailer,YAML,122,50-149,false,3,0.6667,0.6667,33.3333,33.3333,0
supabase_supabase__47631,supabase/supabase,47631,agent,agent-trailer,TypeScript,54,50-149,false,4,1.2500,2,25,100,-0.7500
supabase_supabase__47724,supabase/supabase,47724,human,none,JavaScript,123,50-149,false,3,1,1.6667,33.3333,66.6667,-0.6667
supabase_supabase__47864,supabase/supabase,47864,human,none,Other,138,50-149,false,3,1,0.6667,33.3333,0,0.3333
supabase_supabase__47880,supabase/supabase,47880,human,none,TypeScript,1814,500+,false,4,0.5000,0.7500,0,0,-0.2500
supabase_supabase__48008,supabase/supabase,48008,human,none,TypeScript,250,150-499,false,3,1.6667,2,66.6667,100,-0.3333
supabase_supabase__48037,supabase/supabase,48037,agent,agent-trailer,JSON,91,50-149,false,3,1.6667,1.3333,66.6667,33.3333,0.3333
supabase_supabase__48099,supabase/supabase,48099,agent,agent-trailer,TypeScript,95,50-149,false,4,1,1.7500,0,75,-0.7500
supabase_supabase__48140,supabase/supabase,48140,human,none,TypeScript,572,500+,false,3,1,1.6667,33.3333,66.6667,-0.6667
supabase_supabase__48141,supabase/supabase,48141,human,none,TypeScript,38,20-49,false,3,1,2,0,100,-1
supabase_supabase__48142,supabase/supabase,48142,agent,bot-author,TypeScript,457,150-499,false,3,1.6667,0.3333,66.6667,0,1.3333
supabase_supabase__48148,supabase/supabase,48148,agent,agent-trailer,TypeScript,1484,500+,false,4,2,1,100,0,1
supabase_supabase__48170,supabase/supabase,48170,human,none,TypeScript,358,150-499,false,3,0.3333,0.6667,0,0,-0.3333
supabase_supabase__48226,supabase/supabase,48226,agent,agent-trailer,JavaScript,149,50-149,false,3,1.3333,1,66.6667,33.3333,0.3333
supabase_supabase__48249,supabase/supabase,48249,agent,agent-trailer,TypeScript,341,150-499,false,4,1,2,25,100,-1
supabase_supabase__48269,supabase/supabase,48269,agent,bot-author,TypeScript,402,150-499,false,3,1.3333,1.3333,33.3333,33.3333,0
supabase_supabase__48290,supabase/supabase,48290,human,none,TypeScript,224,150-499,false,3,1.3333,1.3333,66.6667,33.3333,0
supabase_supabase__48320,supabase/supabase,48320,agent,agent-trailer,TypeScript,1078,500+,false,3,2,1,100,0,1
