id,repo,provenance,evidence,tier,nQuestions,real,paraphrase,synthetic,realPct2,paraphrasePct2,syntheticPct2,recordChars,paraphraseChars,syntheticChars
apache_airflow__40457,apache/airflow,human,none,empty,3,0,0,1.3333,0,0,66.6667,92,105,1060
apache_airflow__40491,apache/airflow,human,none,trivial,3,0,0,1.3333,0,0,66.6667,171,66,969
apache_airflow__40558,apache/airflow,human,none,substantive,4,0.2500,0.5000,1.7500,0,0,75,292,293,804
apache_airflow__40802,apache/airflow,human,none,trivial,4,0,0,0.5000,0,0,0,68,67,1958
apache_airflow__40809,apache/airflow,human,none,empty,3,0,0.3333,1.6667,0,0,66.6667,55,66,1336
apache_airflow__40854,apache/airflow,human,none,empty,4,0.2500,0.2500,0.7500,0,0,25,52,54,1237
apache_airflow__41200,apache/airflow,human,none,empty,3,0.3333,0,0.3333,0,0,0,51,72,811
apache_airflow__41277,apache/airflow,human,none,trivial,3,0,0,1.3333,0,0,66.6667,194,223,1170
apache_airflow__41296,apache/airflow,human,none,trivial,4,0,0.2500,2,0,0,100,78,91,1246
apache_airflow__41396,apache/airflow,human,none,empty,3,0,0,1,0,0,33.3333,60,75,1014
apache_airflow__41663,apache/airflow,human,none,trivial,4,0,0,1,0,0,25,236,183,1154
apache_airflow__41846,apache/airflow,human,none,substantive,4,0,0,1,0,0,25,923,913,1682
apache_airflow__42474,apache/airflow,human,none,substantive,3,0.6667,0.6667,1.3333,0,0,66.6667,352,370,1019
apache_airflow__42684,apache/airflow,human,none,substantive,3,0.6667,0.6667,2,0,33.3333,100,266,205,1458
apache_airflow__42758,apache/airflow,human,none,substantive,3,0.3333,0.3333,2,0,0,100,260,331,1160
apache_airflow__42761,apache/airflow,human,none,substantive,3,1,0.3333,0.6667,33.3333,0,33.3333,795,733,1443
apache_airflow__42770,apache/airflow,human,none,trivial,3,0,0,1.3333,0,0,66.6667,37,33,565
apache_airflow__42794,apache/airflow,human,none,empty,3,0,0,1,0,0,33.3333,33,43,976
apache_airflow__42865,apache/airflow,human,none,substantive,3,1,1,0.6667,33.3333,33.3333,0,511,439,1241
apache_airflow__43005,apache/airflow,human,none,substantive,3,0.6667,0.6667,0.6667,33.3333,33.3333,33.3333,249,309,462
apache_airflow__43159,apache/airflow,human,none,empty,4,0,0,0,0,0,0,22,22,1108
apache_airflow__43223,apache/airflow,human,none,empty,3,0,0,1.6667,0,0,66.6667,18,18,1713
apache_airflow__43669,apache/airflow,human,none,trivial,3,0,0,1,0,0,33.3333,145,175,1269
apache_airflow__44287,apache/airflow,human,none,empty,4,0,0,0.5000,0,0,25,20,31,845
apache_airflow__44433,apache/airflow,agent,agent-trailer,substantive,3,0,0,1,0,0,33.3333,331,329,1236
apache_airflow__44493,apache/airflow,human,none,trivial,3,0,0,1.3333,0,0,33.3333,40,52,1135
apache_airflow__44627,apache/airflow,human,none,substantive,3,0,0,0.6667,0,0,33.3333,269,312,1117
apache_airflow__44704,apache/airflow,human,none,trivial,3,0,0,1.6667,0,0,66.6667,134,154,1163
apache_airflow__44745,apache/airflow,human,none,trivial,3,0,0,2,0,0,100,130,158,883
apache_airflow__44778,apache/airflow,human,none,substantive,3,1.3333,1,1.6667,66.6667,33.3333,66.6667,521,569,999
apache_airflow__44880,apache/airflow,human,none,empty,3,0,0,1.3333,0,0,66.6667,48,61,832
apache_airflow__44939,apache/airflow,human,none,trivial,3,0.3333,0.6667,1.6667,0,0,66.6667,154,179,887
apache_airflow__45075,apache/airflow,human,none,substantive,4,0.2500,0.2500,1,0,0,25,3867,3887,1424
apache_airflow__45209,apache/airflow,human,none,trivial,3,0,0,1.3333,0,0,66.6667,91,114,799
apache_airflow__45397,apache/airflow,human,none,empty,4,0,0,1.2500,0,0,50,47,51,1262
apache_airflow__45722,apache/airflow,human,none,trivial,3,0.6667,1,1.3333,0,33.3333,66.6667,161,174,1081
apache_airflow__46037,apache/airflow,human,none,trivial,3,0,0,1.6667,0,0,66.6667,143,155,1117
apache_airflow__46063,apache/airflow,human,none,empty,3,0,0,1,0,0,33.3333,31,31,1130
apache_airflow__46073,apache/airflow,human,none,empty,3,0.3333,0,2,0,0,100,35,50,904
apache_airflow__46138,apache/airflow,human,none,trivial,3,0,0.3333,1.6667,0,0,66.6667,156,162,1555
apache_airflow__46142,apache/airflow,human,none,empty,3,0,0,1.6667,0,0,66.6667,56,67,841
apache_airflow__46574,apache/airflow,human,none,empty,3,0,0,0.6667,0,0,33.3333,42,48,772
apache_airflow__46826,apache/airflow,human,none,substantive,3,1.3333,1,1.3333,33.3333,33.3333,33.3333,343,375,982
apache_airflow__46848,apache/airflow,human,none,substantive,3,0.6667,0.3333,1.3333,33.3333,0,66.6667,147,173,752
apache_airflow__47124,apache/airflow,human,none,substantive,3,0.6667,0.6667,0.6667,33.3333,33.3333,0,150,171,759
apache_airflow__47241,apache/airflow,human,none,substantive,3,1,1,1.3333,33.3333,0,33.3333,266,296,1192
apache_airflow__48461,apache/airflow,human,none,substantive,3,0,0,1.6667,0,0,66.6667,320,322,1236
apache_airflow__48941,apache/airflow,human,none,empty,4,0.2500,0.5000,1.5000,0,25,75,63,65,1291
apache_airflow__48987,apache/airflow,human,none,substantive,3,0.3333,0.3333,1.3333,0,0,66.6667,394,436,937
apache_airflow__49085,apache/airflow,human,none,empty,3,0,0,1,0,0,0,54,61,537
apache_airflow__49137,apache/airflow,human,none,trivial,3,0,0,0.6667,0,0,0,138,97,1015
apache_airflow__49199,apache/airflow,human,none,trivial,4,0,0,0.2500,0,0,0,103,132,2472
apache_airflow__49610,apache/airflow,human,none,trivial,3,0.3333,0,0.6667,0,0,33.3333,82,102,615
apache_airflow__49809,apache/airflow,human,none,empty,3,0.3333,0.3333,1.6667,0,0,66.6667,55,55,1670
apache_airflow__50065,apache/airflow,human,none,trivial,3,0.3333,0,0.6667,0,0,0,170,114,951
apache_airflow__50123,apache/airflow,human,none,empty,4,0.2500,0,1.5000,0,0,50,54,65,1419
apache_airflow__50511,apache/airflow,human,none,substantive,3,0,0,0.6667,0,0,0,117,109,634
apache_airflow__50532,apache/airflow,human,none,empty,3,0.3333,0.3333,1.6667,0,0,66.6667,54,58,805
apache_airflow__50670,apache/airflow,human,none,empty,4,0,0,1.5000,0,0,75,49,62,1113
apache_airflow__50960,apache/airflow,agent,agent-trailer,substantive,4,1.2500,0.5000,0.7500,50,25,0,4842,2954,1944
apache_airflow__51297,apache/airflow,human,none,trivial,3,0,0,1.6667,0,0,66.6667,110,86,1052
apache_airflow__51404,apache/airflow,human,none,empty,3,0.3333,0,1.3333,0,0,33.3333,48,55,1212
apache_airflow__51650,apache/airflow,human,none,empty,3,0,0,1,0,0,33.3333,39,41,544
apache_airflow__52262,apache/airflow,human,none,substantive,3,1,0,1.3333,0,0,33.3333,199,161,1186
apache_airflow__52302,apache/airflow,human,none,empty,3,0,0,2,0,0,100,49,49,1439
apache_airflow__52404,apache/airflow,human,none,substantive,4,0,0,0.5000,0,0,25,264,274,840
apache_airflow__52564,apache/airflow,human,none,empty,3,0.3333,0.3333,1.6667,0,0,66.6667,60,60,722
apache_airflow__52591,apache/airflow,human,none,substantive,3,0.6667,1.3333,1.6667,33.3333,66.6667,66.6667,650,624,1438
apache_airflow__52737,apache/airflow,human,none,empty,3,0,0,2,0,0,100,66,81,1684
apache_airflow__52800,apache/airflow,human,none,empty,3,0.3333,0.6667,1.6667,0,0,66.6667,58,73,949
apache_airflow__53153,apache/airflow,agent,agent-trailer,substantive,3,0.3333,0.3333,0.3333,0,0,0,783,313,1462
apache_airflow__53314,apache/airflow,human,none,empty,3,0,0.3333,1.3333,0,0,33.3333,52,69,982
apache_airflow__53350,apache/airflow,human,none,substantive,3,0,0,0,0,0,0,238,265,540
apache_airflow__53390,apache/airflow,human,none,substantive,3,0.6667,0.3333,1.6667,0,0,66.6667,208,163,796
apache_airflow__53420,apache/airflow,human,none,substantive,4,0.2500,0,1.5000,0,0,50,848,922,1411
apache_airflow__53514,apache/airflow,human,none,empty,3,0.3333,1,1,0,0,33.3333,62,73,1259
apache_airflow__54487,apache/airflow,human,none,substantive,3,0.3333,0.3333,1.3333,0,0,33.3333,183,205,872
apache_airflow__54679,apache/airflow,human,none,substantive,4,1.5000,1.5000,1.7500,50,50,75,375,385,1456
apache_airflow__54731,apache/airflow,human,none,substantive,3,0,0,2,0,0,100,152,160,934
apache_airflow__55090,apache/airflow,human,none,substantive,3,0,0,0.3333,0,0,0,234,249,510
apache_airflow__55114,apache/airflow,human,none,empty,3,0,0,2,0,0,100,49,60,1458
apache_airflow__55118,apache/airflow,human,none,empty,3,0,0,2,0,0,100,34,33,1232
apache_airflow__55486,apache/airflow,human,none,empty,3,0,0,1.3333,0,0,66.6667,60,71,1169
apache_airflow__55499,apache/airflow,human,none,substantive,3,0.3333,1.3333,1.3333,0,33.3333,33.3333,402,382,1028
apache_airflow__55972,apache/airflow,human,none,empty,3,0,0,0.6667,0,0,0,68,64,1711
apache_airflow__56007,apache/airflow,human,none,trivial,3,0,0,0.3333,0,0,0,208,178,999
apache_airflow__56077,apache/airflow,human,none,trivial,3,0.6667,1.3333,1.6667,33.3333,66.6667,66.6667,135,156,838
apache_airflow__56608,apache/airflow,human,none,substantive,3,0,0,1.3333,0,0,66.6667,182,200,714
apache_airflow__56692,apache/airflow,human,none,empty,3,0.3333,0.6667,2,0,0,100,58,69,1074
apache_airflow__56695,apache/airflow,human,none,substantive,3,0.6667,0.6667,1.6667,33.3333,33.3333,66.6667,484,488,1092
apache_airflow__56936,apache/airflow,human,none,substantive,3,0.6667,1.3333,1.3333,0,66.6667,33.3333,1018,881,1493
apache_airflow__57010,apache/airflow,human,none,substantive,3,0.6667,1,2,0,33.3333,100,294,233,1255
apache_airflow__57103,apache/airflow,human,none,trivial,3,0,0,1,0,0,33.3333,171,179,1163
apache_airflow__57228,apache/airflow,human,none,empty,3,0,0.3333,1.3333,0,0,33.3333,37,48,554
apache_airflow__57667,apache/airflow,agent,agent-trailer,substantive,3,0.6667,0.6667,1,33.3333,33.3333,33.3333,750,475,468
apache_airflow__57741,apache/airflow,agent,agent-trailer,substantive,3,0.6667,0,1.3333,0,0,66.6667,907,907,1415
apache_airflow__58292,apache/airflow,human,none,substantive,3,0.3333,0,1.3333,0,0,33.3333,1144,1155,935
apache_airflow__58733,apache/airflow,human,none,empty,4,1.2500,1,1.2500,25,0,50,74,83,921
apache_airflow__58838,apache/airflow,agent,agent-trailer,trivial,3,0.3333,0,1.6667,0,0,66.6667,164,94,848
apache_airflow__58888,apache/airflow,human,none,trivial,3,0,0,1.3333,0,0,33.3333,193,218,1426
apache_airflow__59507,apache/airflow,human,none,substantive,3,2,2,2,100,100,100,1524,1516,831
apache_airflow__59804,apache/airflow,human,none,empty,4,0,0,2,0,0,100,44,48,1210
apache_airflow__59805,apache/airflow,agent,agent-trailer,substantive,4,1.7500,1.5000,1.2500,75,75,50,2657,2786,2098
apache_airflow__60146,apache/airflow,human,none,empty,3,0,0,2,0,0,100,67,82,1107
apache_airflow__60440,apache/airflow,agent,agent-trailer,substantive,3,0.3333,0.3333,1.6667,0,0,66.6667,419,474,1430
apache_airflow__60545,apache/airflow,human,none,substantive,3,1,1.3333,1.3333,33.3333,33.3333,66.6667,277,279,1191
apache_airflow__60633,apache/airflow,human,none,empty,3,0,0,0,0,0,0,51,51,972
apache_airflow__60647,apache/airflow,human,none,empty,3,0,0,0.6667,0,0,33.3333,71,68,901
apache_airflow__60676,apache/airflow,human,none,empty,3,0,0.3333,1.3333,0,0,33.3333,66,81,864
apache_airflow__60735,apache/airflow,human,none,empty,3,0,0,2,0,0,100,45,56,940
apache_airflow__61560,apache/airflow,agent,agent-trailer,substantive,3,2,2,1.6667,100,100,66.6667,697,731,791
apache_airflow__61706,apache/airflow,human,none,empty,3,0,0,1,0,0,33.3333,50,65,695
apache_airflow__61854,apache/airflow,agent,agent-trailer,substantive,3,2,1.6667,1.6667,100,66.6667,66.6667,747,782,1108
apache_airflow__61861,apache/airflow,human,none,empty,3,0,0,1.3333,0,0,33.3333,51,62,1045
apache_airflow__62401,apache/airflow,human,none,substantive,3,0.6667,0.3333,2,0,0,100,375,308,1849
apache_airflow__62509,apache/airflow,human,none,empty,3,1,1,2,0,0,100,55,66,1620
apache_airflow__62570,apache/airflow,agent,agent-trailer,substantive,3,1.3333,1.6667,1.3333,33.3333,66.6667,66.6667,648,682,1144
apache_airflow__62580,apache/airflow,agent,agent-trailer,substantive,3,1,1,1.6667,33.3333,33.3333,66.6667,679,615,1210
apache_airflow__62627,apache/airflow,human,none,empty,4,0,0,0.7500,0,0,0,63,75,911
apache_airflow__62657,apache/airflow,agent,agent-trailer,substantive,3,0.6667,0.6667,1.3333,33.3333,33.3333,66.6667,1072,1017,1539
apache_airflow__62662,apache/airflow,agent,agent-trailer,substantive,3,1.3333,1,1.6667,66.6667,33.3333,66.6667,633,638,692
apache_airflow__62665,apache/airflow,agent,agent-trailer,substantive,3,1.3333,1.3333,2,66.6667,66.6667,100,753,678,813
apache_airflow__62682,apache/airflow,agent,agent-trailer,substantive,4,0,0,0.5000,0,0,0,1169,1099,1718
apache_airflow__62702,apache/airflow,agent,agent-trailer,trivial,3,0,0,1.3333,0,0,66.6667,91,102,1294
apache_airflow__62723,apache/airflow,agent,agent-trailer,substantive,3,2,2,0.6667,100,100,33.3333,584,646,896
apache_airflow__62737,apache/airflow,human,none,substantive,3,1,1,2,0,0,100,575,597,1022
apache_airflow__62742,apache/airflow,agent,agent-trailer,empty,3,0,0,1.6667,0,0,66.6667,79,90,744
apache_airflow__62755,apache/airflow,agent,agent-trailer,substantive,3,0.3333,0.3333,1.3333,0,0,33.3333,548,570,1141
apache_airflow__62820,apache/airflow,agent,agent-trailer,empty,4,1,0.5000,0.5000,25,0,0,73,84,1766
apache_airflow__62831,apache/airflow,agent,agent-trailer,substantive,4,1.7500,1.2500,1.7500,75,50,75,1089,830,1196
apache_airflow__62835,apache/airflow,agent,agent-trailer,substantive,3,0.6667,1,1,0,33.3333,33.3333,753,670,798
apache_airflow__62907,apache/airflow,agent,agent-trailer,substantive,3,0.6667,0.3333,1.3333,0,0,33.3333,299,308,1056
apache_airflow__62983,apache/airflow,agent,agent-trailer,substantive,3,1.6667,1.6667,2,66.6667,66.6667,100,1206,1339,1448
apache_airflow__63016,apache/airflow,human,none,trivial,4,0,0,0.7500,0,0,0,115,149,1072
apache_airflow__63048,apache/airflow,agent,agent-trailer,substantive,3,1.3333,1.3333,2,66.6667,66.6667,100,589,569,721
apache_airflow__63210,apache/airflow,human,none,substantive,3,0,0,2,0,0,100,219,235,847
apache_airflow__63300,apache/airflow,agent,agent-trailer,substantive,3,0.3333,0,1.3333,0,0,33.3333,930,1045,1440
apache_airflow__63315,apache/airflow,agent,agent-trailer,substantive,4,0.7500,0,1.7500,25,0,75,509,596,1522
apache_airflow__63317,apache/airflow,agent,agent-trailer,substantive,3,1.6667,1.6667,1.3333,66.6667,66.6667,66.6667,329,371,1081
apache_airflow__63319,apache/airflow,agent,agent-trailer,substantive,3,1,1.3333,2,33.3333,66.6667,100,531,554,1870
apache_airflow__63320,apache/airflow,agent,agent-trailer,substantive,3,1.3333,1.3333,1.3333,66.6667,66.6667,66.6667,285,288,811
apache_airflow__63347,apache/airflow,agent,agent-trailer,substantive,3,0.3333,0.3333,0.6667,0,0,33.3333,435,502,1610
apache_airflow__63387,apache/airflow,human,none,trivial,3,0,0,2,0,0,100,75,86,982
apache_airflow__63422,apache/airflow,agent,agent-trailer,empty,4,0,0,1.5000,0,0,75,71,82,1361
apache_airflow__63440,apache/airflow,agent,agent-trailer,substantive,3,1.3333,1,2,66.6667,33.3333,100,1531,1632,2118
apache_airflow__63475,apache/airflow,agent,agent-trailer,empty,3,0.6667,0.3333,2,33.3333,0,100,102,96,1575
apache_airflow__63476,apache/airflow,agent,agent-trailer,substantive,3,1.6667,2,1.6667,66.6667,100,66.6667,776,698,1047
apache_airflow__63520,apache/airflow,agent,agent-trailer,substantive,3,1.3333,2,0.6667,66.6667,100,0,5168,5438,1453
apache_airflow__63531,apache/airflow,human,none,empty,3,0.3333,0.3333,0.6667,0,0,33.3333,52,65,799
apache_airflow__63561,apache/airflow,agent,agent-trailer,substantive,4,0,0,0,0,0,0,967,655,1679
apache_airflow__63598,apache/airflow,agent,agent-trailer,substantive,4,0.5000,0.5000,0.5000,25,25,25,1656,1529,2383
apache_airflow__63606,apache/airflow,agent,agent-trailer,substantive,3,2,2,2,100,100,100,359,400,905
apache_airflow__63901,apache/airflow,agent,agent-trailer,substantive,3,0.3333,0.6667,1.3333,0,33.3333,66.6667,747,851,1431
apache_airflow__64164,apache/airflow,agent,agent-trailer,substantive,3,0.3333,0,1.6667,0,0,66.6667,323,340,614
apache_airflow__64189,apache/airflow,agent,agent-trailer,substantive,3,1,0.6667,1.6667,0,0,66.6667,961,617,942
apache_airflow__64246,apache/airflow,human,none,trivial,3,0.3333,0,1.3333,0,0,66.6667,119,130,644
apache_airflow__64285,apache/airflow,human,none,substantive,3,1.3333,1.3333,2,66.6667,66.6667,100,706,665,1068
apache_airflow__64384,apache/airflow,agent,agent-trailer,substantive,3,1.6667,1.3333,2,66.6667,33.3333,100,540,548,970
apache_airflow__64425,apache/airflow,human,none,empty,3,0,0,0,0,0,0,66,81,1226
apache_airflow__64471,apache/airflow,human,none,trivial,3,0.3333,0,2,0,0,100,161,105,1122
apache_airflow__64725,apache/airflow,human,none,substantive,4,1,1,1.5000,50,50,50,505,526,1648
apache_airflow__64804,apache/airflow,agent,agent-trailer,substantive,3,1.3333,1.3333,1.3333,66.6667,33.3333,66.6667,670,547,901
apache_airflow__64994,apache/airflow,agent,agent-trailer,substantive,3,0,0.3333,1.3333,0,0,33.3333,525,566,1066
apache_airflow__65161,apache/airflow,human,none,substantive,3,0.3333,0.6667,2,0,0,100,276,302,828
apache_airflow__65422,apache/airflow,agent,agent-trailer,substantive,3,2,2,2,100,100,100,1354,880,837
apache_airflow__65493,apache/airflow,human,none,empty,3,0,0,2,0,0,100,47,59,1300
apache_airflow__65550,apache/airflow,human,none,substantive,3,1.3333,0.6667,1.6667,33.3333,0,66.6667,543,605,1190
apache_airflow__65690,apache/airflow,human,none,empty,3,0,0,1.6667,0,0,66.6667,56,67,1281
apache_airflow__65852,apache/airflow,agent,agent-trailer,substantive,3,1,1.6667,1.3333,33.3333,66.6667,66.6667,798,866,1209
apache_airflow__66013,apache/airflow,agent,agent-trailer,substantive,4,0.5000,1,1,0,25,25,2205,2258,1519
apache_airflow__66186,apache/airflow,human,none,empty,3,0,0,1.3333,0,0,33.3333,49,62,1035
apache_airflow__66198,apache/airflow,agent,agent-trailer,substantive,3,2,2,2,100,100,100,1118,862,1088
apache_airflow__66433,apache/airflow,agent,agent-trailer,substantive,3,2,1.3333,1.3333,100,33.3333,33.3333,1315,765,970
apache_airflow__66571,apache/airflow,human,none,substantive,4,1.5000,1.5000,1.2500,75,75,50,1335,943,980
apache_airflow__66699,apache/airflow,human,none,empty,3,0,0,0.6667,0,0,0,73,85,1627
apache_airflow__66808,apache/airflow,human,none,substantive,3,0.6667,0.6667,1.3333,33.3333,33.3333,66.6667,456,465,781
apache_airflow__67065,apache/airflow,human,none,substantive,3,2,2,1.3333,100,100,66.6667,1127,1240,1495
apache_airflow__67076,apache/airflow,agent,agent-trailer,substantive,4,2,1.7500,2,100,75,100,774,780,1396
apache_airflow__67112,apache/airflow,human,none,substantive,3,1.6667,1.6667,1.3333,66.6667,66.6667,66.6667,532,602,1295
apache_airflow__67214,apache/airflow,human,none,empty,3,0,0,0.3333,0,0,0,65,74,1495
apache_airflow__67229,apache/airflow,agent,agent-trailer,substantive,3,2,2,2,100,100,100,1246,1151,1435
apache_airflow__67237,apache/airflow,human,none,trivial,3,0,0.3333,2,0,0,100,202,79,946
apache_airflow__67242,apache/airflow,human,none,substantive,3,0.6667,0.6667,1.3333,33.3333,33.3333,33.3333,1195,1154,1448
apache_airflow__67297,apache/airflow,agent,agent-trailer,substantive,3,1.3333,1.3333,1.6667,66.6667,66.6667,66.6667,782,813,979
apache_airflow__67317,apache/airflow,human,none,substantive,3,1.6667,1.6667,1.6667,66.6667,66.6667,66.6667,4843,4472,1521
apache_airflow__67333,apache/airflow,agent,agent-trailer,substantive,3,2,2,2,100,100,100,4664,3073,1821
apache_airflow__67389,apache/airflow,human,none,substantive,3,0.6667,1.3333,1,33.3333,66.6667,0,1414,1473,1241
apache_airflow__67662,apache/airflow,agent,agent-trailer,substantive,3,2,1.6667,2,100,66.6667,100,1247,1308,1414
apache_airflow__67667,apache/airflow,human,none,substantive,3,2,2,2,100,100,100,859,933,1385
apache_airflow__67681,apache/airflow,human,none,trivial,3,0,0,0,0,0,0,93,123,683
apache_airflow__68049,apache/airflow,human,none,substantive,4,1.5000,1.2500,2,75,50,100,535,582,1216
apache_airflow__68059,apache/airflow,agent,agent-trailer,substantive,4,1,1.5000,1,50,75,50,808,920,1293
apache_airflow__68109,apache/airflow,agent,agent-trailer,substantive,3,1.3333,1.3333,1.3333,66.6667,66.6667,33.3333,529,570,1040
apache_airflow__68133,apache/airflow,human,none,empty,4,0,0.2500,1.5000,0,0,75,56,67,1679
apache_airflow__68283,apache/airflow,human,none,substantive,4,0.7500,0.5000,0.7500,25,0,0,468,472,1435
apache_airflow__68336,apache/airflow,agent,agent-trailer,substantive,3,2,2,2,100,100,100,818,743,1334
apache_airflow__68368,apache/airflow,agent,agent-trailer,substantive,3,2,2,1.6667,100,100,66.6667,827,835,1467
apache_airflow__68385,apache/airflow,agent,agent-trailer,substantive,3,0,0,0,0,0,0,275,281,1143
apache_airflow__68492,apache/airflow,human,none,substantive,3,1.3333,1.3333,1.3333,66.6667,66.6667,33.3333,1218,1236,1443
apache_airflow__68497,apache/airflow,agent,agent-trailer,trivial,3,0.6667,1,1.3333,0,0,66.6667,179,183,1652
apache_airflow__68506,apache/airflow,human,none,substantive,3,1.3333,1.3333,2,33.3333,33.3333,100,438,489,1218
apache_airflow__68591,apache/airflow,agent,agent-trailer,substantive,3,2,2,2,100,100,100,3400,3260,2035
apache_airflow__68616,apache/airflow,agent,agent-trailer,substantive,3,0,0,1,0,0,33.3333,483,504,1255
apache_airflow__68671,apache/airflow,human,none,trivial,3,0,0,2,0,0,100,114,68,1875
apache_airflow__68702,apache/airflow,human,none,substantive,4,1.2500,0.7500,1,50,25,25,3892,4116,1633
apache_airflow__68743,apache/airflow,agent,agent-trailer,substantive,3,0,0,0,0,0,0,536,510,1261
apache_airflow__68882,apache/airflow,agent,agent-trailer,substantive,3,1.6667,1.3333,1.3333,66.6667,66.6667,33.3333,1734,1622,1571
apache_airflow__68916,apache/airflow,human,none,substantive,4,1.5000,1.2500,2,75,50,100,875,778,1235
apache_airflow__69283,apache/airflow,agent,agent-trailer,substantive,3,2,1.3333,2,100,66.6667,100,1330,1224,1601
apache_airflow__69307,apache/airflow,human,none,substantive,3,2,1.6667,1.6667,100,66.6667,66.6667,1386,1334,1045
apache_airflow__69328,apache/airflow,human,none,substantive,3,0.6667,0.3333,1,33.3333,0,33.3333,645,686,1262
apache_airflow__69772,apache/airflow,agent,agent-trailer,substantive,4,0.2500,0.2500,1,0,0,0,643,705,1401
apache_airflow__69780,apache/airflow,agent,agent-trailer,substantive,3,2,1.3333,1,100,66.6667,33.3333,1077,1047,925
apache_airflow__69830,apache/airflow,agent,agent-trailer,trivial,3,0.3333,0.6667,2,0,0,100,155,109,1099
apache_airflow__70007,apache/airflow,agent,agent-trailer,substantive,3,0.6667,0.6667,1.3333,0,33.3333,66.6667,56283,32911,1570
apache_airflow__70432,apache/airflow,human,none,empty,3,0.3333,0,2,0,0,100,78,90,1010
apache_airflow__70650,apache/airflow,human,none,substantive,3,2,1.3333,1.3333,100,66.6667,66.6667,976,1017,2076
grafana_grafana__100478,grafana/grafana,human,none,empty,3,1,1,1.6667,0,0,66.6667,59,58,850
grafana_grafana__100884,grafana/grafana,human,none,substantive,3,1,1,0.6667,33.3333,33.3333,0,3380,3193,2106
grafana_grafana__101180,grafana/grafana,human,none,substantive,4,1.2500,0.7500,0.7500,50,25,25,1182,1154,1667
grafana_grafana__101215,grafana/grafana,human,none,substantive,3,0,0,1,0,0,33.3333,188,171,790
grafana_grafana__101428,grafana/grafana,human,none,trivial,4,0.7500,0.7500,1.5000,25,25,50,172,199,868
grafana_grafana__101449,grafana/grafana,human,none,substantive,3,0.6667,0.6667,1.3333,0,0,66.6667,250,282,1905
grafana_grafana__101504,grafana/grafana,human,none,trivial,3,0.6667,1,2,0,0,100,140,85,564
grafana_grafana__101703,grafana/grafana,human,none,substantive,3,0.3333,0.3333,0.6667,0,0,0,396,354,1223
grafana_grafana__101753,grafana/grafana,human,none,empty,3,0,0,1.6667,0,0,66.6667,77,73,1591
grafana_grafana__101860,grafana/grafana,human,none,trivial,3,0.3333,0,2,0,0,100,99,56,1445
grafana_grafana__102232,grafana/grafana,human,none,substantive,3,1.3333,0.6667,1.3333,33.3333,33.3333,33.3333,307,337,820
grafana_grafana__102233,grafana/grafana,human,none,empty,3,0,0,1.6667,0,0,66.6667,31,36,1639
grafana_grafana__102325,grafana/grafana,human,none,substantive,3,2,1.3333,1.6667,100,66.6667,66.6667,1186,1087,908
grafana_grafana__102331,grafana/grafana,human,none,empty,3,0,0,2,0,0,100,72,70,1149
grafana_grafana__102359,grafana/grafana,human,none,substantive,4,0.7500,1.2500,1,25,50,25,2324,2396,1919
grafana_grafana__102444,grafana/grafana,human,none,empty,3,0,0,0.6667,0,0,0,39,39,1273
grafana_grafana__102556,grafana/grafana,human,none,substantive,3,0.3333,0.3333,1.6667,0,0,66.6667,149,172,1749
grafana_grafana__102571,grafana/grafana,human,none,substantive,3,1.3333,1,2,33.3333,0,100,458,477,1535
grafana_grafana__102905,grafana/grafana,human,none,substantive,3,1,0.6667,1.6667,0,0,66.6667,208,249,1573
grafana_grafana__103173,grafana/grafana,human,none,trivial,3,0,0,0.6667,0,0,33.3333,98,68,714
grafana_grafana__103428,grafana/grafana,human,none,trivial,2,0,0,1.5000,0,0,50,85,91,799
grafana_grafana__103473,grafana/grafana,human,none,empty,3,0.3333,0.6667,1.6667,0,0,66.6667,54,54,760
grafana_grafana__103518,grafana/grafana,human,none,empty,3,0,0.3333,0.3333,0,0,0,83,92,1091
grafana_grafana__103739,grafana/grafana,human,none,trivial,3,0,0,1,0,0,0,115,71,867
grafana_grafana__104158,grafana/grafana,human,none,empty,3,0.6667,1,1.6667,0,0,66.6667,66,75,1177
grafana_grafana__104252,grafana/grafana,human,none,substantive,4,0.5000,0.2500,0.5000,25,0,0,768,833,1620
grafana_grafana__104611,grafana/grafana,human,none,substantive,4,0.2500,0.5000,1.5000,0,0,50,808,855,1768
grafana_grafana__104778,grafana/grafana,human,none,trivial,3,0.3333,0.3333,0.6667,0,0,33.3333,191,136,952
grafana_grafana__104891,grafana/grafana,human,none,trivial,3,0.6667,0.3333,1.6667,0,0,66.6667,139,99,783
grafana_grafana__105006,grafana/grafana,human,none,empty,3,0,0,0.3333,0,0,0,41,50,1907
grafana_grafana__105011,grafana/grafana,human,none,substantive,3,1,0.3333,1.3333,0,0,66.6667,265,316,871
grafana_grafana__105280,grafana/grafana,human,none,substantive,4,0.2500,0.2500,1.2500,0,0,50,203,222,964
grafana_grafana__105383,grafana/grafana,human,none,empty,3,0.6667,0.6667,1.3333,0,0,33.3333,55,65,1385
grafana_grafana__105478,grafana/grafana,human,none,substantive,3,0.3333,0,1.6667,0,0,66.6667,551,592,1322
grafana_grafana__105542,grafana/grafana,human,none,substantive,3,0,0.3333,1,0,0,33.3333,769,829,1573
grafana_grafana__105543,grafana/grafana,human,none,empty,3,0.3333,0.3333,2,0,0,100,48,47,1407
grafana_grafana__105598,grafana/grafana,human,none,substantive,3,0.3333,0.3333,1.6667,0,0,66.6667,199,205,1441
grafana_grafana__105639,grafana/grafana,human,none,empty,4,0,0,1.2500,0,0,50,43,45,1647
grafana_grafana__105718,grafana/grafana,human,none,empty,3,0,0,1.6667,0,0,66.6667,36,32,661
grafana_grafana__105860,grafana/grafana,human,none,empty,3,0.3333,0.3333,1.3333,0,0,66.6667,35,40,1738
grafana_grafana__106299,grafana/grafana,human,none,substantive,3,0.3333,0.3333,2,0,0,100,426,320,1239
grafana_grafana__106338,grafana/grafana,human,none,substantive,3,0.6667,1,1.3333,33.3333,33.3333,66.6667,442,359,759
grafana_grafana__106365,grafana/grafana,human,none,empty,3,0.3333,0.6667,1.6667,0,0,66.6667,63,66,786
grafana_grafana__106604,grafana/grafana,human,none,substantive,4,1,0.7500,2,50,25,100,392,298,1207
grafana_grafana__106761,grafana/grafana,human,none,trivial,3,0.3333,0.3333,1,0,0,0,186,196,1062
grafana_grafana__106846,grafana/grafana,human,none,empty,4,0,0,1.2500,0,0,50,54,57,1244
grafana_grafana__107047,grafana/grafana,human,none,trivial,3,0,0,1.6667,0,0,66.6667,60,84,1130
grafana_grafana__107193,grafana/grafana,human,none,trivial,3,0.3333,0.6667,2,0,0,100,119,146,617
grafana_grafana__107592,grafana/grafana,human,none,substantive,3,0.6667,0.6667,2,33.3333,33.3333,100,165,188,1124
grafana_grafana__107667,grafana/grafana,human,none,substantive,3,0.3333,0,1,0,0,33.3333,524,528,2103
grafana_grafana__107808,grafana/grafana,human,none,substantive,3,0.6667,0.6667,1.6667,0,0,66.6667,442,550,1548
grafana_grafana__107953,grafana/grafana,human,none,substantive,3,0.6667,0.3333,2,0,0,100,609,617,1005
grafana_grafana__108090,grafana/grafana,human,none,empty,3,0,0,1.6667,0,0,66.6667,44,67,1430
grafana_grafana__108134,grafana/grafana,human,none,substantive,4,0,0,1.2500,0,0,50,395,380,1846
grafana_grafana__108144,grafana/grafana,agent,agent-trailer,substantive,3,1,1,2,0,0,100,259,298,1281
grafana_grafana__108186,grafana/grafana,human,none,trivial,3,1,0.6667,2,0,0,100,156,120,825
grafana_grafana__108444,grafana/grafana,human,none,substantive,3,0.6667,0.6667,1.3333,0,0,33.3333,191,185,1018
grafana_grafana__108577,grafana/grafana,human,none,empty,3,0,0,1.6667,0,0,66.6667,35,48,1287
grafana_grafana__108612,grafana/grafana,human,none,substantive,3,0,0,0,0,0,0,238,268,873
grafana_grafana__109033,grafana/grafana,human,none,trivial,3,0,0,1.3333,0,0,66.6667,103,66,1108
grafana_grafana__109249,grafana/grafana,human,none,empty,3,0,0.3333,1.3333,0,0,66.6667,40,37,2105
grafana_grafana__109347,grafana/grafana,human,none,trivial,3,0,0.3333,1.6667,0,0,66.6667,164,199,1032
grafana_grafana__109490,grafana/grafana,human,none,trivial,3,0,0,2,0,0,100,197,210,1212
grafana_grafana__109622,grafana/grafana,human,none,trivial,3,0,0,1,0,0,33.3333,136,149,720
grafana_grafana__109883,grafana/grafana,human,none,empty,3,0.3333,0.3333,0.6667,0,0,33.3333,80,85,349
grafana_grafana__110226,grafana/grafana,human,none,trivial,3,0.3333,0,0.3333,0,0,0,168,210,854
grafana_grafana__110299,grafana/grafana,human,none,substantive,3,1,0.6667,1.6667,33.3333,33.3333,66.6667,235,269,1782
grafana_grafana__110451,grafana/grafana,human,none,empty,3,0,0,1,0,0,33.3333,32,34,703
grafana_grafana__110648,grafana/grafana,human,none,substantive,3,1,1.3333,1,0,33.3333,33.3333,410,420,1303
grafana_grafana__110666,grafana/grafana,agent,agent-trailer,substantive,3,0.6667,0.6667,2,0,33.3333,100,1291,1287,1353
grafana_grafana__110750,grafana/grafana,human,none,trivial,3,0.3333,0,1.3333,0,0,66.6667,127,163,915
grafana_grafana__111016,grafana/grafana,human,none,trivial,3,0.3333,1.3333,2,0,33.3333,100,114,61,649
grafana_grafana__111021,grafana/grafana,human,none,empty,3,0,0.6667,2,0,0,100,49,51,1059
grafana_grafana__111132,grafana/grafana,human,none,empty,3,0,0,0.3333,0,0,0,75,86,838
grafana_grafana__111481,grafana/grafana,human,none,empty,3,0,0.3333,1,0,0,33.3333,58,49,1339
grafana_grafana__111502,grafana/grafana,human,none,trivial,4,0.2500,0.2500,1.2500,0,0,50,165,122,758
grafana_grafana__111842,grafana/grafana,human,none,trivial,3,0.3333,1,2,0,0,100,97,54,1002
grafana_grafana__112027,grafana/grafana,human,none,trivial,2,0,0,0,0,0,0,85,102,713
grafana_grafana__112170,grafana/grafana,human,none,trivial,3,0,0,2,0,0,100,123,85,1221
grafana_grafana__112212,grafana/grafana,human,none,trivial,3,0.6667,0.3333,0.6667,0,0,33.3333,140,183,492
grafana_grafana__112391,grafana/grafana,human,none,substantive,3,0.3333,0.6667,2,0,0,100,880,968,1476
grafana_grafana__112580,grafana/grafana,human,none,trivial,3,0.6667,0.6667,1,0,0,33.3333,130,71,959
grafana_grafana__112862,grafana/grafana,human,none,trivial,3,1,1,1.3333,33.3333,33.3333,66.6667,108,135,677
grafana_grafana__113216,grafana/grafana,human,none,trivial,3,0.3333,0.6667,2,0,0,100,138,99,706
grafana_grafana__113254,grafana/grafana,human,none,empty,3,0,0,1.3333,0,0,66.6667,68,66,1662
grafana_grafana__113297,grafana/grafana,agent,agent-trailer,substantive,3,1,1.3333,1,33.3333,33.3333,0,2332,2324,1876
grafana_grafana__113442,grafana/grafana,human,none,trivial,3,1,0.6667,2,33.3333,0,100,191,121,876
grafana_grafana__113454,grafana/grafana,agent,agent-trailer,substantive,3,1,1.3333,2,33.3333,66.6667,100,2680,2234,2180
grafana_grafana__113492,grafana/grafana,human,none,trivial,3,0,0,0.6667,0,0,33.3333,54,24,955
grafana_grafana__114137,grafana/grafana,human,none,empty,3,0,0,1,0,0,33.3333,51,52,902
grafana_grafana__114190,grafana/grafana,human,none,substantive,3,1,1,2,33.3333,33.3333,100,404,447,1286
grafana_grafana__114203,grafana/grafana,human,none,substantive,3,1,1,1.3333,0,0,33.3333,383,326,1662
grafana_grafana__114273,grafana/grafana,human,none,trivial,3,0,1,0.3333,0,0,0,108,86,967
grafana_grafana__114403,grafana/grafana,human,none,trivial,3,1,1,2,0,0,100,124,148,975
grafana_grafana__114470,grafana/grafana,human,none,substantive,3,0,0,1,0,0,33.3333,176,185,1507
grafana_grafana__114869,grafana/grafana,human,none,empty,3,0,0,1.6667,0,0,66.6667,33,50,1126
grafana_grafana__115329,grafana/grafana,agent,agent-trailer,substantive,4,1.2500,2,2,50,100,100,986,937,1827
grafana_grafana__115337,grafana/grafana,agent,agent-trailer,substantive,3,1.6667,1.3333,1.3333,66.6667,33.3333,33.3333,16197,7061,1838
grafana_grafana__115382,grafana/grafana,human,none,empty,4,0,0,1.5000,0,0,50,64,60,1027
grafana_grafana__115471,grafana/grafana,human,none,substantive,3,0.3333,0,1,0,0,33.3333,214,227,2009
grafana_grafana__115595,grafana/grafana,human,none,empty,3,0,0,1.3333,0,0,33.3333,56,56,1840
grafana_grafana__115627,grafana/grafana,agent,agent-trailer,substantive,3,0.3333,0.3333,1.3333,0,0,33.3333,385,353,1442
grafana_grafana__115746,grafana/grafana,human,none,substantive,3,0,0,0.3333,0,0,0,969,1062,1196
grafana_grafana__115895,grafana/grafana,human,none,substantive,3,0,0,0.3333,0,0,0,342,200,841
grafana_grafana__116050,grafana/grafana,human,none,empty,3,0,0,2,0,0,100,46,46,1539
grafana_grafana__116063,grafana/grafana,agent,agent-trailer,substantive,4,0.5000,0.7500,1.5000,0,0,75,1048,914,1820
grafana_grafana__116104,grafana/grafana,human,none,substantive,3,0.3333,0.3333,1.6667,0,0,66.6667,571,631,1510
grafana_grafana__116256,grafana/grafana,human,none,empty,3,0,0,1.3333,0,0,66.6667,53,53,977
grafana_grafana__116313,grafana/grafana,human,none,empty,3,0.3333,0,1,0,0,33.3333,62,72,678
grafana_grafana__116542,grafana/grafana,human,none,trivial,3,0,0,2,0,0,100,115,64,1111
grafana_grafana__116551,grafana/grafana,human,none,empty,3,0,0,2,0,0,100,47,49,1336
grafana_grafana__116555,grafana/grafana,human,none,substantive,3,1,1,1.6667,33.3333,0,66.6667,641,686,1338
grafana_grafana__116668,grafana/grafana,human,none,substantive,4,1.7500,1.5000,2,75,75,100,3061,2493,1960
grafana_grafana__116708,grafana/grafana,agent,agent-trailer,substantive,4,1.7500,1.5000,1.5000,75,50,50,676,624,1294
grafana_grafana__116718,grafana/grafana,agent,agent-trailer,substantive,3,1.3333,1.3333,0.6667,33.3333,33.3333,0,3279,2577,1320
grafana_grafana__116720,grafana/grafana,agent,agent-trailer,substantive,3,1.6667,1.6667,1.6667,66.6667,66.6667,66.6667,6144,3113,1938
grafana_grafana__116862,grafana/grafana,agent,agent-trailer,substantive,4,1,0,0.5000,50,0,0,1665,1376,987
grafana_grafana__117215,grafana/grafana,human,none,trivial,3,0.6667,1,2,0,0,100,129,105,1676
grafana_grafana__117217,grafana/grafana,human,none,substantive,3,0.6667,0.3333,1.6667,33.3333,0,66.6667,475,380,958
grafana_grafana__117320,grafana/grafana,agent,agent-trailer,substantive,3,1.3333,1.3333,1.3333,66.6667,66.6667,33.3333,868,747,850
grafana_grafana__117483,grafana/grafana,agent,agent-trailer,substantive,3,2,2,2,100,100,100,4120,1833,1805
grafana_grafana__117507,grafana/grafana,human,none,trivial,3,0.3333,0.3333,1.6667,0,0,66.6667,131,154,834
grafana_grafana__117582,grafana/grafana,human,none,empty,3,0,0,1.3333,0,0,33.3333,55,73,838
grafana_grafana__117635,grafana/grafana,human,none,trivial,2,0,0,0,0,0,0,85,103,449
grafana_grafana__117655,grafana/grafana,human,none,empty,3,0,0,1.3333,0,0,33.3333,42,42,2290
grafana_grafana__117850,grafana/grafana,human,none,substantive,3,0.3333,0,1.6667,0,0,66.6667,686,914,1438
grafana_grafana__117882,grafana/grafana,agent,agent-trailer,substantive,4,0.5000,1.5000,1.5000,25,75,50,1092,1127,1309
grafana_grafana__117889,grafana/grafana,agent,agent-trailer,trivial,3,0,0,2,0,0,100,291,197,1740
grafana_grafana__117897,grafana/grafana,human,none,trivial,3,0,0.3333,1.3333,0,0,66.6667,92,59,763
grafana_grafana__118013,grafana/grafana,agent,agent-trailer,substantive,3,0.6667,1,1,0,0,33.3333,520,497,1392
grafana_grafana__118017,grafana/grafana,human,none,trivial,3,0.3333,0,2,0,0,100,118,152,921
grafana_grafana__118080,grafana/grafana,human,none,empty,3,0,0.6667,2,0,0,100,41,38,543
grafana_grafana__118084,grafana/grafana,human,none,trivial,3,1.3333,1,2,33.3333,0,100,169,103,1660
grafana_grafana__118224,grafana/grafana,agent,agent-trailer,substantive,3,0.3333,0.3333,0.6667,0,0,33.3333,254,245,812
grafana_grafana__118231,grafana/grafana,agent,agent-trailer,substantive,3,1,0.6667,1,33.3333,0,0,290,345,693
grafana_grafana__118283,grafana/grafana,agent,agent-trailer,substantive,3,1.3333,1,1.6667,33.3333,33.3333,66.6667,857,698,597
grafana_grafana__118320,grafana/grafana,agent,agent-trailer,substantive,3,0.6667,0.6667,1.6667,0,0,66.6667,615,593,1291
grafana_grafana__118371,grafana/grafana,human,none,empty,3,0,0,0.6667,0,0,33.3333,61,68,1350
grafana_grafana__118443,grafana/grafana,agent,agent-trailer,substantive,3,1.3333,1.3333,1.6667,66.6667,66.6667,66.6667,407,347,909
grafana_grafana__118528,grafana/grafana,agent,agent-trailer,substantive,3,1.3333,1.3333,0.3333,66.6667,66.6667,0,2712,1937,1021
grafana_grafana__118535,grafana/grafana,agent,agent-trailer,substantive,3,1.3333,1,1.6667,66.6667,33.3333,66.6667,2529,2556,1712
grafana_grafana__118559,grafana/grafana,agent,agent-trailer,substantive,3,1.3333,1.3333,1.3333,66.6667,66.6667,33.3333,3311,2431,2898
grafana_grafana__118565,grafana/grafana,agent,agent-trailer,empty,3,0.3333,0,1.6667,0,0,66.6667,70,68,767
grafana_grafana__118674,grafana/grafana,agent,agent-trailer,substantive,3,0.3333,0.6667,0.3333,0,0,0,399,392,831
grafana_grafana__118676,grafana/grafana,agent,agent-trailer,substantive,3,0.3333,1.6667,0.6667,0,66.6667,33.3333,2685,2661,1044
grafana_grafana__118729,grafana/grafana,agent,agent-trailer,substantive,4,0.2500,0.2500,1.2500,0,0,50,457,320,1024
grafana_grafana__118739,grafana/grafana,agent,agent-trailer,substantive,3,1.3333,1.6667,2,33.3333,66.6667,100,437,442,1058
grafana_grafana__118837,grafana/grafana,agent,agent-trailer,empty,3,0,1,1.6667,0,0,66.6667,64,66,996
grafana_grafana__118840,grafana/grafana,agent,agent-trailer,empty,3,0,0,1,0,0,33.3333,78,78,885
grafana_grafana__118853,grafana/grafana,human,none,empty,4,0,0.2500,1.7500,0,0,75,55,47,949
grafana_grafana__118858,grafana/grafana,human,none,substantive,4,0.7500,1,1.5000,25,25,75,297,304,1435
grafana_grafana__118941,grafana/grafana,agent,agent-trailer,substantive,3,2,1.6667,2,100,66.6667,100,853,898,1395
grafana_grafana__118952,grafana/grafana,agent,agent-trailer,substantive,3,2,1,1.6667,100,33.3333,66.6667,1322,1390,1067
grafana_grafana__118982,grafana/grafana,human,none,substantive,4,1,0.7500,1.5000,25,0,75,203,221,1002
grafana_grafana__119088,grafana/grafana,human,none,substantive,3,2,2,1.6667,100,100,66.6667,1583,1429,2052
grafana_grafana__119097,grafana/grafana,agent,agent-trailer,substantive,3,2,1.6667,2,100,66.6667,100,2614,2331,1288
grafana_grafana__119098,grafana/grafana,agent,agent-trailer,substantive,3,2,1.6667,2,100,66.6667,100,3208,1640,1169
grafana_grafana__119106,grafana/grafana,agent,agent-trailer,substantive,3,2,1,1.3333,100,33.3333,33.3333,1279,1418,1090
grafana_grafana__119110,grafana/grafana,agent,agent-trailer,substantive,4,0.7500,1.2500,1,25,50,50,937,1156,1656
grafana_grafana__119112,grafana/grafana,agent,agent-trailer,substantive,3,0.6667,1,1.3333,33.3333,33.3333,33.3333,1021,1061,1376
grafana_grafana__119188,grafana/grafana,agent,agent-trailer,substantive,3,1.6667,2,1.3333,66.6667,100,66.6667,2181,2431,2202
grafana_grafana__119230,grafana/grafana,agent,agent-trailer,substantive,3,2,1.3333,2,100,66.6667,100,8875,2247,1548
grafana_grafana__119231,grafana/grafana,agent,agent-trailer,substantive,3,2,2,1,100,100,33.3333,2322,1654,1141
grafana_grafana__119232,grafana/grafana,agent,agent-trailer,substantive,3,1.6667,1.3333,1.6667,66.6667,33.3333,66.6667,6748,3118,1483
grafana_grafana__119277,grafana/grafana,agent,agent-trailer,substantive,4,1,0.7500,1.2500,25,0,50,4993,4996,2015
grafana_grafana__119474,grafana/grafana,agent,agent-trailer,substantive,3,1.6667,1.3333,1.3333,66.6667,33.3333,33.3333,825,861,1744
grafana_grafana__119518,grafana/grafana,agent,agent-trailer,substantive,3,1,0.3333,1.6667,33.3333,0,66.6667,1131,1131,1608
grafana_grafana__119521,grafana/grafana,agent,agent-trailer,substantive,3,1.6667,0.6667,1.3333,66.6667,33.3333,66.6667,4559,3105,1629
grafana_grafana__119525,grafana/grafana,human,none,trivial,3,0.3333,0.3333,1.6667,0,0,66.6667,197,103,1027
grafana_grafana__119545,grafana/grafana,human,none,empty,3,0,0,1.6667,0,0,66.6667,24,11,793
grafana_grafana__119547,grafana/grafana,agent,agent-trailer,substantive,3,1.6667,2,1.6667,66.6667,100,66.6667,1582,1603,1628
grafana_grafana__119616,grafana/grafana,human,none,empty,4,0,0,1,0,0,25,42,52,2077
grafana_grafana__119717,grafana/grafana,agent,agent-trailer,substantive,3,2,2,2,100,100,100,1355,1408,1192
grafana_grafana__119776,grafana/grafana,human,none,trivial,3,0,0,2,0,0,100,85,91,894
grafana_grafana__119840,grafana/grafana,human,none,trivial,3,0,0.3333,2,0,0,100,130,79,1875
grafana_grafana__119865,grafana/grafana,agent,agent-trailer,substantive,3,0.6667,0.6667,1.3333,33.3333,33.3333,66.6667,1398,977,1689
grafana_grafana__119909,grafana/grafana,agent,agent-trailer,substantive,3,1.6667,1.3333,2,66.6667,33.3333,100,608,567,959
grafana_grafana__119926,grafana/grafana,agent,agent-trailer,substantive,3,0.6667,1.3333,1.3333,0,33.3333,33.3333,540,601,944
grafana_grafana__119940,grafana/grafana,agent,agent-trailer,empty,3,0,0,0.3333,0,0,0,44,52,719
grafana_grafana__120051,grafana/grafana,agent,agent-trailer,substantive,4,0.5000,1.7500,0.7500,0,75,25,4427,4687,1462
grafana_grafana__120167,grafana/grafana,agent,agent-trailer,substantive,3,2,1.3333,2,100,66.6667,100,637,660,961
grafana_grafana__120418,grafana/grafana,human,none,substantive,3,0,0,2,0,0,100,447,414,1215
grafana_grafana__120564,grafana/grafana,human,none,substantive,3,1.3333,0.6667,2,66.6667,0,100,226,195,873
grafana_grafana__120577,grafana/grafana,agent,agent-trailer,substantive,3,2,1.3333,2,100,33.3333,100,752,695,1363
grafana_grafana__120643,grafana/grafana,agent,agent-trailer,substantive,3,0,0,1.3333,0,0,33.3333,449,439,1106
grafana_grafana__120689,grafana/grafana,human,none,substantive,4,0.5000,0.7500,0.5000,0,0,0,455,456,1283
grafana_grafana__120731,grafana/grafana,agent,agent-trailer,substantive,3,1.6667,2,1.3333,66.6667,100,66.6667,831,811,1485
grafana_grafana__120748,grafana/grafana,human,none,empty,4,0,0,0.7500,0,0,0,28,28,2308
grafana_grafana__120853,grafana/grafana,agent,agent-trailer,substantive,3,2,2,2,100,100,100,1671,1675,2005
grafana_grafana__120860,grafana/grafana,human,none,trivial,3,0.6667,0.6667,2,0,0,100,156,158,1355
grafana_grafana__120917,grafana/grafana,agent,agent-trailer,substantive,4,1,1,1.5000,50,50,75,467,471,1137
grafana_grafana__120954,grafana/grafana,human,none,substantive,4,1.2500,1,2,50,25,100,552,638,1561
grafana_grafana__120961,grafana/grafana,agent,agent-trailer,substantive,3,1.3333,1.3333,1.6667,66.6667,33.3333,66.6667,1067,1131,1770
grafana_grafana__121002,grafana/grafana,agent,agent-trailer,substantive,3,2,2,2,100,100,100,1696,1753,1405
grafana_grafana__121007,grafana/grafana,agent,agent-trailer,substantive,3,0,0,2,0,0,100,469,392,1957
grafana_grafana__121023,grafana/grafana,agent,agent-trailer,substantive,3,0.6667,0.6667,0.6667,33.3333,33.3333,33.3333,340,285,742
grafana_grafana__121085,grafana/grafana,human,none,substantive,3,0.3333,0,1,0,0,33.3333,385,385,1033
grafana_grafana__121102,grafana/grafana,human,none,empty,3,0,0,1,0,0,0,31,31,981
grafana_grafana__121140,grafana/grafana,agent,agent-trailer,substantive,3,0.6667,0.3333,0.3333,33.3333,0,0,237,209,622
grafana_grafana__121330,grafana/grafana,agent,agent-trailer,substantive,3,0.6667,0.6667,1.3333,33.3333,33.3333,33.3333,377,391,926
grafana_grafana__121331,grafana/grafana,agent,agent-trailer,substantive,3,1,1.3333,0.6667,33.3333,66.6667,0,805,801,1745
grafana_grafana__121342,grafana/grafana,human,none,substantive,4,0.7500,1.2500,1.2500,25,50,50,2612,2498,1656
grafana_grafana__121379,grafana/grafana,human,none,substantive,3,1,1,1,33.3333,0,33.3333,158,116,1544
grafana_grafana__121411,grafana/grafana,human,none,trivial,4,0,0.2500,1.7500,0,0,75,112,76,1281
grafana_grafana__121548,grafana/grafana,human,none,trivial,3,0.3333,0,1.3333,0,0,66.6667,122,69,674
grafana_grafana__121570,grafana/grafana,human,none,substantive,4,0.7500,0.7500,1.2500,0,0,50,313,249,1968
grafana_grafana__121575,grafana/grafana,agent,agent-trailer,substantive,3,1,0.6667,1.3333,33.3333,0,66.6667,13792,13785,1265
grafana_grafana__121612,grafana/grafana,agent,agent-trailer,substantive,3,1,1.3333,1.3333,33.3333,66.6667,33.3333,656,699,804
grafana_grafana__121646,grafana/grafana,agent,agent-trailer,substantive,4,0.7500,0.7500,1.2500,25,25,50,1836,1665,1825
grafana_grafana__121776,grafana/grafana,agent,agent-trailer,substantive,3,1.6667,1.3333,1.6667,66.6667,33.3333,66.6667,303,337,590
grafana_grafana__121829,grafana/grafana,human,none,substantive,3,2,2,1.3333,100,100,66.6667,2312,2086,1419
grafana_grafana__121870,grafana/grafana,agent,agent-trailer,substantive,3,0.6667,0.6667,1,0,0,0,595,557,797
grafana_grafana__122016,grafana/grafana,agent,agent-trailer,substantive,3,1.3333,1.6667,1,66.6667,66.6667,33.3333,1023,1022,702
grafana_grafana__122085,grafana/grafana,human,none,substantive,3,0.3333,0.3333,1.3333,0,0,66.6667,260,255,1283
grafana_grafana__122276,grafana/grafana,human,none,substantive,3,0,0.3333,1.3333,0,0,33.3333,277,266,1626
grafana_grafana__122326,grafana/grafana,agent,agent-trailer,substantive,3,1.6667,2,1.3333,66.6667,100,33.3333,4642,5152,2225
grafana_grafana__122361,grafana/grafana,agent,agent-trailer,substantive,3,1,1,0.3333,33.3333,33.3333,0,742,752,677
grafana_grafana__122431,grafana/grafana,agent,agent-trailer,substantive,3,2,1.3333,1,100,66.6667,0,10505,4824,1525
grafana_grafana__122450,grafana/grafana,human,none,substantive,3,1,1,2,0,0,100,202,236,1320
grafana_grafana__122479,grafana/grafana,agent,agent-trailer,substantive,3,0,0.6667,2,0,0,100,668,631,1983
grafana_grafana__122549,grafana/grafana,agent,agent-trailer,substantive,3,1.6667,2,1.3333,66.6667,100,33.3333,493,448,957
grafana_grafana__122556,grafana/grafana,agent,agent-trailer,substantive,3,2,2,2,100,100,100,741,714,1000
grafana_grafana__122658,grafana/grafana,agent,agent-trailer,substantive,3,1,1,1.3333,33.3333,33.3333,66.6667,358,396,808
grafana_grafana__122666,grafana/grafana,agent,agent-trailer,substantive,4,1.7500,2,2,75,100,100,1225,1304,1106
grafana_grafana__122677,grafana/grafana,agent,agent-trailer,substantive,4,2,1.7500,1.5000,100,75,50,8308,5752,1811
grafana_grafana__122719,grafana/grafana,agent,agent-trailer,substantive,4,2,2,1.7500,100,100,75,8542,6071,1481
grafana_grafana__122797,grafana/grafana,agent,agent-trailer,substantive,4,0.5000,0.5000,1.7500,25,25,75,804,801,1859
grafana_grafana__122826,grafana/grafana,agent,agent-trailer,substantive,3,2,2,0.6667,100,100,0,1772,1699,1410
grafana_grafana__122873,grafana/grafana,agent,agent-trailer,substantive,3,2,2,1.3333,100,100,66.6667,2037,1510,1497
grafana_grafana__123047,grafana/grafana,human,none,trivial,3,0.3333,0.6667,2,0,0,100,143,165,1600
grafana_grafana__123076,grafana/grafana,agent,agent-trailer,substantive,3,2,2,2,100,100,100,1451,1719,2132
grafana_grafana__123166,grafana/grafana,agent,agent-trailer,substantive,3,0.6667,1,1.6667,33.3333,33.3333,66.6667,995,781,1139
grafana_grafana__123173,grafana/grafana,agent,agent-trailer,substantive,4,1.5000,1.2500,1.5000,75,50,75,444,459,1629
grafana_grafana__123197,grafana/grafana,agent,agent-trailer,substantive,3,2,2,2,100,100,100,1743,1834,1767
grafana_grafana__123256,grafana/grafana,human,none,substantive,4,0.7500,0,1,0,0,50,241,260,1112
grafana_grafana__123336,grafana/grafana,agent,agent-trailer,substantive,3,2,2,1.6667,100,100,66.6667,544,593,716
grafana_grafana__123362,grafana/grafana,agent,agent-trailer,substantive,3,1,1.3333,1.3333,33.3333,66.6667,66.6667,495,465,841
grafana_grafana__123373,grafana/grafana,agent,agent-trailer,substantive,3,1.6667,2,2,66.6667,100,100,416,453,964
grafana_grafana__123425,grafana/grafana,agent,agent-trailer,substantive,4,1.5000,1.2500,2,50,50,100,685,644,1038
grafana_grafana__123430,grafana/grafana,agent,agent-trailer,substantive,3,0.6667,0.6667,1.6667,33.3333,33.3333,66.6667,607,688,1304
grafana_grafana__123457,grafana/grafana,agent,agent-trailer,substantive,3,1,0,1.6667,33.3333,0,66.6667,349,426,1097
grafana_grafana__123492,grafana/grafana,agent,agent-trailer,substantive,3,2,2,2,100,100,100,473,456,688
grafana_grafana__123497,grafana/grafana,agent,agent-trailer,substantive,3,1.3333,1.3333,1.6667,66.6667,66.6667,66.6667,994,1131,1072
grafana_grafana__123498,grafana/grafana,agent,agent-trailer,substantive,3,0.6667,0.6667,1.6667,33.3333,33.3333,66.6667,1023,959,1610
grafana_grafana__123555,grafana/grafana,human,none,substantive,3,1,1,1.3333,33.3333,33.3333,33.3333,495,589,743
grafana_grafana__123568,grafana/grafana,agent,agent-trailer,substantive,3,0,0.3333,1.3333,0,0,66.6667,375,386,954
grafana_grafana__123577,grafana/grafana,human,none,substantive,4,0.5000,0.5000,1,0,25,25,239,230,1394
grafana_grafana__123613,grafana/grafana,agent,agent-trailer,substantive,3,2,2,2,100,100,100,3700,2230,1747
grafana_grafana__123675,grafana/grafana,agent,agent-trailer,substantive,4,1.5000,1.7500,2,75,75,100,3200,2422,1719
grafana_grafana__123709,grafana/grafana,agent,agent-trailer,substantive,4,1.7500,2,1.5000,75,100,75,2274,1582,1734
grafana_grafana__123722,grafana/grafana,agent,agent-trailer,substantive,3,1.3333,0.6667,0.6667,66.6667,0,0,19545,13059,2244
grafana_grafana__123755,grafana/grafana,agent,agent-trailer,substantive,3,1.6667,1.6667,1,66.6667,66.6667,0,7644,2233,1661
grafana_grafana__123793,grafana/grafana,agent,agent-trailer,substantive,4,1.7500,1.2500,1.2500,75,50,50,3043,2929,1681
grafana_grafana__123797,grafana/grafana,agent,agent-trailer,substantive,3,1.3333,2,2,66.6667,100,100,5472,4347,1884
grafana_grafana__123806,grafana/grafana,human,none,substantive,3,0.6667,0.6667,2,33.3333,33.3333,100,257,298,1367
grafana_grafana__123872,grafana/grafana,agent,agent-trailer,substantive,3,1.6667,1.3333,1.3333,66.6667,66.6667,66.6667,953,995,1182
grafana_grafana__123873,grafana/grafana,agent,agent-trailer,substantive,3,1.6667,1.6667,2,66.6667,66.6667,100,655,633,917
grafana_grafana__123893,grafana/grafana,agent,agent-trailer,substantive,4,2,2,2,100,100,100,794,846,1445
grafana_grafana__123939,grafana/grafana,human,none,substantive,3,2,1.3333,1,100,33.3333,33.3333,1551,1639,1706
grafana_grafana__123977,grafana/grafana,agent,agent-trailer,substantive,3,2,1.6667,2,100,66.6667,100,600,510,1460
grafana_grafana__123986,grafana/grafana,agent,agent-trailer,substantive,3,1,1,1.3333,33.3333,33.3333,33.3333,834,721,1338
grafana_grafana__124046,grafana/grafana,agent,agent-trailer,substantive,3,1.3333,1.3333,1.3333,66.6667,66.6667,66.6667,805,978,1174
grafana_grafana__124084,grafana/grafana,agent,agent-trailer,substantive,4,0.7500,1.2500,0.7500,25,50,0,2338,2114,2251
grafana_grafana__124104,grafana/grafana,agent,agent-trailer,substantive,4,1.7500,1.5000,1,75,75,50,8864,5820,2067
grafana_grafana__124118,grafana/grafana,agent,agent-trailer,substantive,3,2,2,2,100,100,100,2104,1259,1608
grafana_grafana__124151,grafana/grafana,agent,agent-trailer,substantive,3,2,1.3333,1.3333,100,33.3333,33.3333,1989,2077,1964
grafana_grafana__124157,grafana/grafana,agent,agent-trailer,substantive,2,1,1,1,50,50,50,334,274,781
grafana_grafana__124162,grafana/grafana,agent,agent-trailer,substantive,3,0,0,1.3333,0,0,33.3333,452,441,1551
grafana_grafana__124390,grafana/grafana,agent,agent-trailer,empty,3,0,0,2,0,0,100,66,68,1075
grafana_grafana__124425,grafana/grafana,agent,agent-trailer,substantive,3,1,1,1,33.3333,33.3333,0,2116,1129,1233
grafana_grafana__124568,grafana/grafana,agent,agent-trailer,substantive,4,1.2500,1,1.2500,50,25,50,6616,5940,2460
grafana_grafana__124593,grafana/grafana,agent,agent-trailer,substantive,3,1.3333,1.3333,1.6667,66.6667,66.6667,66.6667,308,354,598
grafana_grafana__124601,grafana/grafana,agent,agent-trailer,trivial,3,0,0,2,0,0,100,124,74,719
grafana_grafana__124625,grafana/grafana,human,none,trivial,3,0,0,0.3333,0,0,0,110,61,621
grafana_grafana__124725,grafana/grafana,agent,agent-trailer,substantive,3,1.3333,1,1.3333,66.6667,33.3333,66.6667,372,405,856
grafana_grafana__124727,grafana/grafana,agent,agent-trailer,substantive,4,1,1.5000,1.5000,50,75,75,832,732,1330
grafana_grafana__124732,grafana/grafana,agent,agent-trailer,substantive,3,1.6667,2,2,66.6667,100,100,358,397,891
grafana_grafana__124774,grafana/grafana,human,none,trivial,3,0,0,2,0,0,100,89,53,1607
grafana_grafana__124842,grafana/grafana,agent,agent-trailer,substantive,4,1.5000,2,1.5000,75,100,50,2473,2435,2078
grafana_grafana__124844,grafana/grafana,agent,agent-trailer,substantive,4,1.7500,1.2500,1.5000,75,50,75,3727,3205,1782
grafana_grafana__124968,grafana/grafana,human,none,trivial,3,0.3333,0.3333,1.3333,0,0,33.3333,125,70,821
grafana_grafana__125010,grafana/grafana,human,none,trivial,3,0,0,0.3333,0,0,0,86,51,647
grafana_grafana__125013,grafana/grafana,human,none,empty,3,0,0.3333,0.3333,0,0,0,55,61,490
grafana_grafana__125303,grafana/grafana,agent,agent-trailer,substantive,3,1,1.3333,2,33.3333,33.3333,100,836,786,1496
grafana_grafana__125316,grafana/grafana,agent,agent-trailer,substantive,3,1.3333,1.6667,0.6667,33.3333,66.6667,33.3333,551,599,1250
grafana_grafana__125319,grafana/grafana,agent,agent-trailer,substantive,3,2,2,1.6667,100,100,66.6667,922,896,1383
grafana_grafana__125365,grafana/grafana,human,none,empty,3,0,0,1,0,0,33.3333,41,42,1846
grafana_grafana__125550,grafana/grafana,agent,agent-trailer,substantive,3,2,2,2,100,100,100,3693,3171,1553
grafana_grafana__125661,grafana/grafana,human,none,trivial,3,0,0,2,0,0,100,123,80,1717
grafana_grafana__125716,grafana/grafana,agent,agent-trailer,substantive,3,0.6667,0.6667,1.3333,0,0,66.6667,428,460,1167
grafana_grafana__125719,grafana/grafana,human,none,substantive,4,0.7500,0.2500,1,25,0,50,3834,2554,1239
grafana_grafana__125780,grafana/grafana,agent,agent-trailer,substantive,3,2,2,1.6667,100,100,66.6667,742,853,1019
grafana_grafana__125796,grafana/grafana,human,none,substantive,3,1.3333,1.3333,2,66.6667,66.6667,100,661,710,1105
grafana_grafana__125809,grafana/grafana,agent,agent-trailer,substantive,3,2,1.6667,2,100,66.6667,100,1232,1134,1106
grafana_grafana__125811,grafana/grafana,agent,agent-trailer,substantive,4,0.5000,0.7500,0.7500,0,25,0,2216,2215,1208
grafana_grafana__125813,grafana/grafana,agent,agent-trailer,substantive,4,1.5000,1.5000,1.2500,75,75,50,1584,1261,1109
grafana_grafana__125816,grafana/grafana,agent,agent-trailer,substantive,4,2,1.2500,1,100,50,0,11714,8494,1957
grafana_grafana__125864,grafana/grafana,human,none,substantive,3,1.3333,1.6667,1,33.3333,66.6667,33.3333,214,236,906
grafana_grafana__125926,grafana/grafana,agent,agent-trailer,substantive,3,1,0.3333,1,33.3333,0,0,859,609,978
grafana_grafana__125945,grafana/grafana,agent,agent-trailer,substantive,3,2,2,1.6667,100,100,66.6667,1547,1677,1403
grafana_grafana__125972,grafana/grafana,agent,agent-trailer,substantive,3,1.3333,0,0.6667,66.6667,0,33.3333,413,334,827
grafana_grafana__125978,grafana/grafana,agent,agent-trailer,substantive,3,1.3333,2,1.6667,66.6667,100,66.6667,1852,2187,1491
grafana_grafana__125986,grafana/grafana,agent,agent-trailer,substantive,3,0,0,1,0,0,33.3333,252,285,1096
grafana_grafana__126002,grafana/grafana,human,none,empty,3,0,0,1,0,0,33.3333,34,38,1146
grafana_grafana__126042,grafana/grafana,agent,agent-trailer,substantive,3,1.6667,1.3333,1,66.6667,66.6667,33.3333,1503,1392,1236
grafana_grafana__126104,grafana/grafana,agent,agent-trailer,substantive,3,1.3333,2,2,66.6667,100,100,623,675,1101
grafana_grafana__126109,grafana/grafana,agent,agent-trailer,substantive,3,1,1,1.6667,0,33.3333,66.6667,314,392,917
grafana_grafana__126122,grafana/grafana,agent,agent-trailer,substantive,3,1.3333,1.3333,1.6667,66.6667,66.6667,66.6667,856,483,1077
grafana_grafana__126126,grafana/grafana,agent,agent-trailer,substantive,4,2,2,2,100,100,100,879,890,1197
grafana_grafana__126197,grafana/grafana,agent,agent-trailer,substantive,3,2,2,2,100,100,100,1176,1136,1462
grafana_grafana__126198,grafana/grafana,agent,agent-trailer,empty,3,0,0,1.3333,0,0,33.3333,56,69,1707
grafana_grafana__126201,grafana/grafana,human,none,substantive,3,1.6667,1.3333,2,66.6667,66.6667,100,332,283,1179
grafana_grafana__126264,grafana/grafana,agent,agent-trailer,substantive,3,1.3333,1.3333,2,66.6667,66.6667,100,1282,1223,1606
grafana_grafana__126268,grafana/grafana,human,none,substantive,3,1.3333,1,0.3333,66.6667,33.3333,0,291,355,823
grafana_grafana__126296,grafana/grafana,human,none,substantive,3,1.3333,1,2,66.6667,33.3333,100,471,409,1100
grafana_grafana__126307,grafana/grafana,agent,agent-trailer,substantive,3,0.3333,0.6667,1.3333,0,33.3333,33.3333,990,848,1071
grafana_grafana__126319,grafana/grafana,agent,agent-trailer,substantive,4,1,1.5000,0.5000,50,75,0,2296,2200,1183
grafana_grafana__126380,grafana/grafana,agent,agent-trailer,substantive,3,0.6667,0.6667,1.6667,0,0,66.6667,1120,1134,1843
grafana_grafana__126390,grafana/grafana,agent,agent-trailer,substantive,3,1,1.3333,2,33.3333,66.6667,100,1875,1914,2119
grafana_grafana__126404,grafana/grafana,agent,agent-trailer,substantive,3,1.3333,1,2,33.3333,33.3333,100,556,475,918
grafana_grafana__126416,grafana/grafana,agent,agent-trailer,substantive,4,1.5000,1.2500,1.7500,75,25,75,941,836,1133
grafana_grafana__126566,grafana/grafana,agent,agent-trailer,substantive,3,1,1.3333,1.6667,33.3333,66.6667,66.6667,1309,1003,1409
grafana_grafana__126593,grafana/grafana,human,none,empty,3,0.6667,1,1.3333,33.3333,33.3333,66.6667,67,73,789
grafana_grafana__126602,grafana/grafana,agent,agent-trailer,substantive,3,1,1,2,0,0,100,416,338,1974
grafana_grafana__126626,grafana/grafana,human,none,trivial,3,0,0,0,0,0,0,85,91,866
grafana_grafana__126642,grafana/grafana,agent,agent-trailer,substantive,3,2,2,1.6667,100,100,66.6667,1623,1782,1404
grafana_grafana__126655,grafana/grafana,agent,agent-trailer,substantive,3,1.3333,1.3333,1.3333,66.6667,66.6667,33.3333,326,342,1552
grafana_grafana__126660,grafana/grafana,agent,agent-trailer,substantive,3,1.6667,2,2,66.6667,100,100,922,881,1599
grafana_grafana__126740,grafana/grafana,agent,agent-trailer,substantive,4,0.5000,0.5000,1.2500,25,25,50,1123,1111,1648
grafana_grafana__126781,grafana/grafana,agent,agent-trailer,substantive,3,1.3333,2,2,66.6667,100,100,1046,1068,1149
grafana_grafana__126810,grafana/grafana,human,none,empty,3,0,0,0.6667,0,0,33.3333,54,58,614
grafana_grafana__126822,grafana/grafana,agent,agent-trailer,substantive,4,1.7500,1.5000,2,75,75,100,931,965,984
grafana_grafana__126860,grafana/grafana,agent,agent-trailer,substantive,3,1.6667,1,1,66.6667,33.3333,0,3082,3368,1822
grafana_grafana__126927,grafana/grafana,agent,agent-trailer,substantive,3,0.6667,1.3333,1.3333,33.3333,33.3333,33.3333,7277,5658,1145
grafana_grafana__126947,grafana/grafana,agent,agent-trailer,substantive,3,0.6667,0.3333,1.3333,33.3333,0,66.6667,526,463,972
grafana_grafana__127123,grafana/grafana,agent,agent-trailer,substantive,3,1.6667,1.6667,2,66.6667,66.6667,100,670,687,1381
grafana_grafana__127128,grafana/grafana,agent,agent-trailer,substantive,3,2,1.3333,1,100,33.3333,33.3333,11945,4958,1827
grafana_grafana__127207,grafana/grafana,agent,agent-trailer,trivial,3,0,0,2,0,0,100,179,98,1181
grafana_grafana__127226,grafana/grafana,human,none,empty,4,0.5000,0.7500,1.5000,0,0,75,60,55,1028
grafana_grafana__127231,grafana/grafana,agent,agent-trailer,substantive,3,1,1.3333,1,0,33.3333,33.3333,878,1057,2262
grafana_grafana__127240,grafana/grafana,human,none,substantive,3,1.3333,0.3333,1,33.3333,0,33.3333,4007,3651,1278
grafana_grafana__127258,grafana/grafana,agent,agent-trailer,substantive,3,2,2,2,100,100,100,1831,1961,1536
grafana_grafana__127262,grafana/grafana,agent,agent-trailer,substantive,4,1.5000,1.2500,1.5000,75,50,50,5309,5522,1697
grafana_grafana__127275,grafana/grafana,agent,agent-trailer,trivial,3,0.6667,0.6667,1.3333,0,0,66.6667,184,129,1201
grafana_grafana__127318,grafana/grafana,agent,agent-trailer,substantive,3,2,2,2,100,100,100,5477,4014,1668
grafana_grafana__127349,grafana/grafana,agent,agent-trailer,substantive,3,0.3333,0.3333,0.6667,0,0,33.3333,407,488,1032
grafana_grafana__127455,grafana/grafana,agent,agent-trailer,substantive,3,0.3333,0,1,0,0,33.3333,353,368,1686
grafana_grafana__127474,grafana/grafana,agent,agent-trailer,substantive,3,0.6667,0,1,0,0,33.3333,568,470,2094
grafana_grafana__127523,grafana/grafana,agent,agent-trailer,substantive,3,2,1.6667,1.6667,100,66.6667,66.6667,857,749,1086
grafana_grafana__127528,grafana/grafana,agent,agent-trailer,substantive,3,1.6667,0.6667,1.6667,66.6667,33.3333,66.6667,2148,1717,2072
grafana_grafana__127552,grafana/grafana,agent,agent-trailer,substantive,3,2,1.3333,2,100,33.3333,100,1124,905,1561
grafana_grafana__127640,grafana/grafana,human,none,empty,3,0,0,0.6667,0,0,0,47,64,654
grafana_grafana__127641,grafana/grafana,agent,agent-trailer,substantive,3,2,1.3333,2,100,33.3333,100,1858,1313,1488
grafana_grafana__127702,grafana/grafana,agent,agent-trailer,substantive,3,1,0.6667,2,33.3333,0,100,397,413,1392
grafana_grafana__127739,grafana/grafana,agent,agent-trailer,substantive,3,2,2,2,100,100,100,844,868,1767
grafana_grafana__127754,grafana/grafana,agent,agent-trailer,substantive,3,2,2,2,100,100,100,772,790,1097
grafana_grafana__127762,grafana/grafana,agent,agent-trailer,substantive,3,1,1.3333,1,0,66.6667,33.3333,1445,1543,1929
grafana_grafana__127778,grafana/grafana,agent,agent-trailer,substantive,3,2,2,2,100,100,100,606,651,933
grafana_grafana__127783,grafana/grafana,agent,agent-trailer,substantive,3,2,2,2,100,100,100,2283,2105,1721
grafana_grafana__127871,grafana/grafana,agent,agent-trailer,substantive,2,0.5000,0.5000,1,0,0,50,252,257,707
grafana_grafana__127902,grafana/grafana,agent,agent-trailer,substantive,3,1.6667,1.3333,1.6667,66.6667,66.6667,66.6667,337,421,1552
grafana_grafana__127936,grafana/grafana,agent,agent-trailer,substantive,3,2,2,2,100,100,100,808,740,1140
grafana_grafana__127972,grafana/grafana,agent,agent-trailer,substantive,4,0.7500,1,0.7500,25,50,25,377,395,962
grafana_grafana__128068,grafana/grafana,agent,agent-trailer,substantive,3,0,0,1.3333,0,0,66.6667,396,382,1495
grafana_grafana__128080,grafana/grafana,agent,agent-trailer,substantive,3,1.6667,1.6667,1.6667,66.6667,66.6667,66.6667,1076,1167,788
grafana_grafana__128100,grafana/grafana,agent,agent-trailer,substantive,3,2,0.6667,1.3333,100,33.3333,33.3333,3696,2877,1902
grafana_grafana__128114,grafana/grafana,agent,agent-trailer,substantive,3,1.6667,2,2,66.6667,100,100,603,647,1514
grafana_grafana__128130,grafana/grafana,agent,agent-trailer,substantive,3,2,2,2,100,100,100,2637,2662,1614
grafana_grafana__128135,grafana/grafana,agent,agent-trailer,substantive,3,2,1.6667,1.6667,100,66.6667,66.6667,1633,1480,1701
grafana_grafana__128181,grafana/grafana,agent,bot-author,substantive,3,0.6667,0.6667,0.6667,33.3333,33.3333,0,555,525,754
grafana_grafana__128195,grafana/grafana,agent,agent-trailer,substantive,3,0.6667,0.6667,1,33.3333,33.3333,33.3333,510,523,815
grafana_grafana__128353,grafana/grafana,agent,agent-trailer,substantive,3,2,2,2,100,100,100,705,712,1003
grafana_grafana__128354,grafana/grafana,agent,agent-trailer,substantive,3,2,2,1.3333,100,100,66.6667,802,746,1106
grafana_grafana__128429,grafana/grafana,agent,agent-trailer,substantive,4,1.5000,0.7500,1.7500,75,25,75,937,711,1551
grafana_grafana__128501,grafana/grafana,agent,agent-trailer,substantive,3,1.3333,0.3333,1.6667,33.3333,0,66.6667,825,883,953
grafana_grafana__128522,grafana/grafana,agent,agent-trailer,substantive,3,2,1.6667,2,100,66.6667,100,396,440,897
grafana_grafana__128523,grafana/grafana,agent,agent-trailer,substantive,3,2,2,1.6667,100,100,66.6667,337,349,822
grafana_grafana__128532,grafana/grafana,agent,agent-trailer,substantive,3,1,1,2,33.3333,33.3333,100,450,457,1003
grafana_grafana__128549,grafana/grafana,agent,agent-trailer,substantive,3,1.6667,2,1.6667,66.6667,100,66.6667,2599,2907,1820
grafana_grafana__128628,grafana/grafana,agent,agent-trailer,substantive,3,2,1.3333,2,100,66.6667,100,903,1245,1756
grafana_grafana__128658,grafana/grafana,agent,agent-trailer,substantive,3,2,2,2,100,100,100,814,758,1710
grafana_grafana__128665,grafana/grafana,agent,agent-trailer,substantive,3,0.3333,0.3333,0.6667,0,0,33.3333,220,262,795
grafana_grafana__128689,grafana/grafana,agent,agent-trailer,substantive,3,1,1.3333,1.3333,33.3333,66.6667,33.3333,188,215,1264
grafana_grafana__128706,grafana/grafana,agent,agent-trailer,substantive,3,1.3333,1,0.3333,66.6667,33.3333,0,3813,3812,1842
grafana_grafana__128724,grafana/grafana,agent,agent-trailer,substantive,3,2,2,2,100,100,100,3726,4283,1835
grafana_grafana__128766,grafana/grafana,agent,agent-trailer,substantive,3,1.6667,2,1.6667,66.6667,100,66.6667,851,866,1622
grafana_grafana__128790,grafana/grafana,agent,agent-trailer,substantive,3,0.3333,0,0.6667,0,0,33.3333,608,569,1287
grafana_grafana__128796,grafana/grafana,agent,agent-trailer,substantive,3,2,1.3333,2,100,66.6667,100,1395,1512,1446
grafana_grafana__128845,grafana/grafana,agent,agent-trailer,substantive,3,0.6667,0.6667,1,33.3333,33.3333,33.3333,419,315,1144
grafana_grafana__128881,grafana/grafana,human,none,substantive,3,0.3333,0,0.6667,0,0,33.3333,330,363,778
grafana_grafana__128950,grafana/grafana,agent,agent-trailer,substantive,3,1.6667,1.6667,1.3333,66.6667,66.6667,66.6667,592,613,972
grafana_grafana__129038,grafana/grafana,agent,agent-trailer,substantive,3,1.6667,2,2,66.6667,100,100,287,298,1134
grafana_grafana__129058,grafana/grafana,agent,agent-trailer,trivial,3,0.6667,1,1.6667,0,0,66.6667,74,74,1696
grafana_grafana__129131,grafana/grafana,human,none,substantive,3,1,1.3333,2,33.3333,66.6667,100,378,359,877
grafana_grafana__129185,grafana/grafana,agent,agent-trailer,substantive,3,0.3333,0.3333,0.3333,0,0,0,260,293,865
grafana_grafana__129206,grafana/grafana,agent,agent-trailer,substantive,3,2,1.3333,1.6667,100,66.6667,66.6667,2077,1792,1255
grafana_grafana__129207,grafana/grafana,human,none,substantive,3,1,1,1.6667,0,0,66.6667,306,314,1147
grafana_grafana__129229,grafana/grafana,human,none,trivial,3,1,1,1.6667,33.3333,33.3333,66.6667,350,281,747
grafana_grafana__129298,grafana/grafana,agent,agent-trailer,substantive,3,2,1.3333,1.6667,100,33.3333,66.6667,2441,2652,1933
grafana_grafana__129387,grafana/grafana,agent,agent-trailer,trivial,3,0,0,0.6667,0,0,0,58,35,537
grafana_grafana__129390,grafana/grafana,agent,agent-trailer,substantive,3,1.6667,2,2,66.6667,100,100,6084,3307,2310
grafana_grafana__129394,grafana/grafana,agent,agent-trailer,substantive,3,1.6667,1.6667,2,66.6667,66.6667,100,1385,1451,1204
grafana_grafana__129441,grafana/grafana,agent,agent-trailer,substantive,4,1.2500,1,1.2500,50,50,50,2639,2711,1666
grafana_grafana__129458,grafana/grafana,agent,agent-trailer,substantive,3,2,2,2,100,100,100,747,832,1162
grafana_grafana__129512,grafana/grafana,human,none,trivial,3,0,0,2,0,0,100,58,44,1075
grafana_grafana__129530,grafana/grafana,human,none,substantive,3,1.3333,1.6667,2,66.6667,66.6667,100,541,596,1314
grafana_grafana__89766,grafana/grafana,human,none,empty,3,0,0,0,0,0,0,45,40,457
grafana_grafana__90369,grafana/grafana,human,none,empty,3,0,0,1.3333,0,0,66.6667,54,58,1284
grafana_grafana__90418,grafana/grafana,human,none,empty,3,0,0,1.6667,0,0,66.6667,44,45,2039
grafana_grafana__90536,grafana/grafana,human,none,empty,3,0.3333,0.6667,1.3333,0,0,66.6667,68,68,671
grafana_grafana__90563,grafana/grafana,human,none,substantive,3,0.6667,1,2,0,33.3333,100,407,423,1820
grafana_grafana__90991,grafana/grafana,human,none,trivial,3,0,0,1.6667,0,0,66.6667,129,140,854
grafana_grafana__91548,grafana/grafana,human,none,empty,3,0.3333,0.3333,1.3333,0,0,66.6667,72,70,1408
grafana_grafana__91688,grafana/grafana,human,none,trivial,2,0,0,1.5000,0,0,50,98,50,604
grafana_grafana__91849,grafana/grafana,human,none,empty,3,0,0.3333,1,0,0,33.3333,48,58,978
grafana_grafana__92006,grafana/grafana,human,none,empty,3,0,0,0.3333,0,0,0,30,36,1349
grafana_grafana__92572,grafana/grafana,human,none,substantive,3,0,0,0.6667,0,0,33.3333,225,230,1818
grafana_grafana__92649,grafana/grafana,human,none,trivial,3,0.3333,0.3333,0.6667,0,0,33.3333,131,148,1588
grafana_grafana__92759,grafana/grafana,human,none,substantive,3,0.6667,0.3333,1.6667,0,0,66.6667,466,434,1668
grafana_grafana__92995,grafana/grafana,human,none,substantive,3,0.6667,0.6667,0.6667,33.3333,33.3333,0,379,391,1386
grafana_grafana__93000,grafana/grafana,human,none,trivial,3,1.3333,0.6667,1.6667,33.3333,0,66.6667,230,153,1665
grafana_grafana__93032,grafana/grafana,human,none,trivial,4,0,0,2,0,0,100,206,217,1549
grafana_grafana__93448,grafana/grafana,human,none,empty,3,0,0,1,0,0,0,38,48,953
grafana_grafana__93622,grafana/grafana,human,none,empty,3,0.3333,0.3333,1.3333,0,0,66.6667,71,68,907
grafana_grafana__93744,grafana/grafana,human,none,trivial,3,0,0,0.6667,0,0,0,85,91,740
grafana_grafana__93753,grafana/grafana,human,none,substantive,3,0.3333,0.3333,2,0,0,100,339,345,2551
grafana_grafana__93861,grafana/grafana,human,none,trivial,3,0,0,1.3333,0,0,66.6667,50,59,559
grafana_grafana__94086,grafana/grafana,human,none,trivial,3,0,0,1.6667,0,0,66.6667,102,88,972
grafana_grafana__94366,grafana/grafana,human,none,trivial,4,0.2500,0.2500,0.7500,0,0,25,180,176,1052
grafana_grafana__94633,grafana/grafana,human,none,empty,2,0,0,0.5000,0,0,0,26,30,843
grafana_grafana__94680,grafana/grafana,human,none,trivial,3,0,0,1.3333,0,0,66.6667,100,53,1574
grafana_grafana__95215,grafana/grafana,human,none,trivial,4,0,0,0.7500,0,0,25,88,59,1459
grafana_grafana__95239,grafana/grafana,human,none,substantive,3,0.3333,0.6667,2,0,0,100,227,184,1634
grafana_grafana__95631,grafana/grafana,human,none,trivial,3,0,0,1.6667,0,0,66.6667,74,37,922
grafana_grafana__95691,grafana/grafana,human,none,empty,4,0,0.2500,1,0,0,25,30,40,1620
grafana_grafana__95891,grafana/grafana,human,none,trivial,2,0,0,1.5000,0,0,50,85,102,617
grafana_grafana__96057,grafana/grafana,human,none,trivial,3,0.3333,0.6667,2,0,0,100,127,70,1090
grafana_grafana__96523,grafana/grafana,human,none,substantive,3,0.6667,1,1.3333,0,0,66.6667,558,550,1687
grafana_grafana__96609,grafana/grafana,human,none,trivial,3,0.6667,0.3333,1,0,0,33.3333,127,126,913
grafana_grafana__96827,grafana/grafana,human,none,trivial,3,0.3333,0,1.6667,0,0,66.6667,143,166,1472
grafana_grafana__96922,grafana/grafana,human,none,trivial,3,0,0,1.6667,0,0,66.6667,79,57,1087
grafana_grafana__97103,grafana/grafana,human,none,empty,3,0.3333,0.6667,2,0,0,100,66,73,788
grafana_grafana__97136,grafana/grafana,human,none,substantive,3,1.3333,1.3333,1.6667,66.6667,66.6667,66.6667,658,697,1244
grafana_grafana__97151,grafana/grafana,human,none,trivial,3,1,1,1.3333,33.3333,33.3333,33.3333,210,254,853
grafana_grafana__97176,grafana/grafana,human,none,substantive,3,0,0.3333,0.3333,0,0,0,534,404,2348
grafana_grafana__97534,grafana/grafana,human,none,empty,3,0,0,0.6667,0,0,0,62,64,1795
grafana_grafana__98406,grafana/grafana,human,none,empty,4,0.2500,0.2500,0.7500,0,0,0,44,57,1021
grafana_grafana__98509,grafana/grafana,human,none,empty,3,0,0,0.6667,0,0,33.3333,65,80,1135
grafana_grafana__98510,grafana/grafana,human,none,empty,3,0.3333,0.6667,1.3333,0,0,66.6667,80,90,1104
grafana_grafana__98888,grafana/grafana,human,none,substantive,3,1,1,1.3333,0,0,33.3333,412,416,1701
grafana_grafana__99331,grafana/grafana,human,none,substantive,4,0.5000,0.5000,1,25,25,50,586,598,1385
grafana_grafana__99359,grafana/grafana,human,none,substantive,3,0.3333,0.3333,1.6667,0,0,66.6667,311,321,1025
grafana_grafana__99368,grafana/grafana,human,none,empty,3,0,0,0.6667,0,0,0,72,72,1124
grafana_grafana__99370,grafana/grafana,human,none,substantive,3,0,0,0,0,0,0,237,222,1144
grafana_grafana__99612,grafana/grafana,human,none,empty,3,0,0,1.3333,0,0,66.6667,74,67,1194
langchain-ai_langchain__23876,langchain-ai/langchain,human,none,substantive,3,0,0.3333,1,0,0,0,503,533,870
langchain-ai_langchain__24552,langchain-ai/langchain,human,none,substantive,3,0,0,1,0,0,33.3333,171,180,993
langchain-ai_langchain__24585,langchain-ai/langchain,human,none,substantive,4,0.2500,0.5000,1,0,0,25,463,497,1151
langchain-ai_langchain__24733,langchain-ai/langchain,human,none,substantive,4,1,0.5000,1.7500,25,0,75,137,140,1140
langchain-ai_langchain__25078,langchain-ai/langchain,human,none,empty,3,0.3333,0,1.6667,0,0,66.6667,56,78,960
langchain-ai_langchain__25189,langchain-ai/langchain,human,none,substantive,4,0.2500,0,0.7500,0,0,25,392,364,965
langchain-ai_langchain__25362,langchain-ai/langchain,human,none,trivial,4,0,0,0,0,0,0,104,114,1441
langchain-ai_langchain__25430,langchain-ai/langchain,human,none,substantive,3,0,0.3333,0.3333,0,0,0,992,887,1206
langchain-ai_langchain__25500,langchain-ai/langchain,human,none,empty,3,0,0,1.6667,0,0,66.6667,41,51,1598
langchain-ai_langchain__26443,langchain-ai/langchain,human,none,empty,3,0,0,1.6667,0,0,66.6667,42,42,2659
langchain-ai_langchain__26802,langchain-ai/langchain,human,none,trivial,3,0,0,0,0,0,0,154,154,996
langchain-ai_langchain__27805,langchain-ai/langchain,human,none,empty,3,0,0,1.3333,0,0,66.6667,42,36,1478
langchain-ai_langchain__27866,langchain-ai/langchain,human,none,substantive,3,0.6667,1.3333,1.3333,33.3333,66.6667,33.3333,1922,1298,752
langchain-ai_langchain__27967,langchain-ai/langchain,human,none,substantive,4,0,0.2500,1.7500,0,0,75,188,106,1715
langchain-ai_langchain__28639,langchain-ai/langchain,human,none,empty,3,0,0,1.3333,0,0,33.3333,25,25,1499
langchain-ai_langchain__28972,langchain-ai/langchain,human,none,substantive,4,0.7500,0.5000,1.2500,0,0,50,995,743,899
langchain-ai_langchain__29120,langchain-ai/langchain,human,none,empty,4,0,0,0,0,0,0,52,67,1329
langchain-ai_langchain__29230,langchain-ai/langchain,human,none,empty,3,0,0,1,0,0,33.3333,42,41,754
langchain-ai_langchain__30187,langchain-ai/langchain,human,none,substantive,3,1.3333,2,1.6667,33.3333,100,66.6667,3163,1826,1694
langchain-ai_langchain__30370,langchain-ai/langchain,human,none,substantive,3,2,1.6667,1,100,66.6667,33.3333,1619,1147,787
langchain-ai_langchain__30449,langchain-ai/langchain,human,none,substantive,3,0.6667,0.6667,1.3333,33.3333,33.3333,33.3333,281,279,692
langchain-ai_langchain__30628,langchain-ai/langchain,human,none,substantive,3,0.6667,0.6667,2,33.3333,33.3333,100,1719,474,805
langchain-ai_langchain__30887,langchain-ai/langchain,human,none,substantive,3,1,1,2,0,0,100,167,166,1225
langchain-ai_langchain__30951,langchain-ai/langchain,human,none,trivial,3,0,0.3333,2,0,0,100,100,114,542
langchain-ai_langchain__31468,langchain-ai/langchain,agent,agent-trailer,substantive,3,0.6667,0.6667,1,33.3333,33.3333,33.3333,601,621,1120
langchain-ai_langchain__31898,langchain-ai/langchain,human,none,substantive,3,0,0,0.3333,0,0,0,179,230,2348
langchain-ai_langchain__32074,langchain-ai/langchain,agent,bot-author,substantive,3,2,2,2,100,100,100,1999,1321,996
langchain-ai_langchain__32153,langchain-ai/langchain,agent,bot-author,substantive,3,1.3333,1.6667,1.3333,66.6667,66.6667,66.6667,2298,2066,574
langchain-ai_langchain__32156,langchain-ai/langchain,agent,bot-author,substantive,3,1.6667,1.6667,2,66.6667,66.6667,100,2890,2416,1121
langchain-ai_langchain__32157,langchain-ai/langchain,agent,bot-author,substantive,3,1.6667,1.3333,1,66.6667,33.3333,33.3333,3396,2994,981
langchain-ai_langchain__32160,langchain-ai/langchain,agent,bot-author,substantive,3,2,2,2,100,100,100,2640,2161,1539
langchain-ai_langchain__32161,langchain-ai/langchain,agent,bot-author,substantive,3,2,2,2,100,100,100,2298,1833,1195
langchain-ai_langchain__32162,langchain-ai/langchain,agent,bot-author,substantive,3,0.6667,0.3333,1.3333,33.3333,0,66.6667,2316,1980,859
langchain-ai_langchain__32228,langchain-ai/langchain,human,none,substantive,3,0.3333,0.6667,1.3333,0,33.3333,66.6667,505,468,1358
langchain-ai_langchain__32236,langchain-ai/langchain,agent,agent-trailer,substantive,3,1,1,1.3333,33.3333,33.3333,33.3333,805,693,810
langchain-ai_langchain__32237,langchain-ai/langchain,agent,agent-trailer,substantive,4,0,0,0.5000,0,0,25,3515,1731,2324
langchain-ai_langchain__32331,langchain-ai/langchain,human,none,trivial,3,0,0,0.3333,0,0,0,120,122,998
langchain-ai_langchain__32368,langchain-ai/langchain,agent,agent-trailer,substantive,3,0.6667,0.6667,2,0,0,100,429,449,1252
langchain-ai_langchain__32445,langchain-ai/langchain,agent,agent-trailer,substantive,3,0,0,0.6667,0,0,33.3333,397,386,922
langchain-ai_langchain__32551,langchain-ai/langchain,human,none,empty,3,0,0,1.3333,0,0,66.6667,32,43,1202
langchain-ai_langchain__32688,langchain-ai/langchain,human,none,substantive,3,0.3333,1,2,0,33.3333,100,347,364,892
langchain-ai_langchain__32910,langchain-ai/langchain,agent,bot-author,trivial,3,0,0,1.3333,0,0,33.3333,64,54,1189
langchain-ai_langchain__32919,langchain-ai/langchain,human,none,substantive,4,0,0,1.5000,0,0,75,236,232,1236
langchain-ai_langchain__34106,langchain-ai/langchain,human,none,empty,2,0,0,1,0,0,0,41,51,1110
langchain-ai_langchain__34268,langchain-ai/langchain,human,none,empty,3,0,0.3333,2,0,0,100,60,55,697
langchain-ai_langchain__34464,langchain-ai/langchain,human,none,empty,3,0.3333,0.3333,2,0,0,100,76,71,780
langchain-ai_langchain__35034,langchain-ai/langchain,human,none,empty,3,0,0,1.6667,0,0,66.6667,57,52,991
langchain-ai_langchain__35039,langchain-ai/langchain,human,none,empty,3,0,0,0.3333,0,0,0,41,50,714
langchain-ai_langchain__35317,langchain-ai/langchain,human,none,empty,3,0.3333,0.6667,1.6667,0,33.3333,66.6667,64,66,789
langchain-ai_langchain__35469,langchain-ai/langchain,agent,agent-trailer,substantive,4,2,1.7500,1.7500,100,75,75,1544,1321,1883
langchain-ai_langchain__35588,langchain-ai/langchain,agent,agent-trailer,substantive,2,2,2,1.5000,100,100,50,2012,1946,1176
langchain-ai_langchain__36725,langchain-ai/langchain,human,none,empty,3,0.6667,0,2,0,0,100,81,95,995
langchain-ai_langchain__36960,langchain-ai/langchain,agent,agent-trailer,substantive,3,1.3333,1.6667,1.3333,66.6667,66.6667,66.6667,4118,3898,1160
langchain-ai_langchain__37064,langchain-ai/langchain,agent,bot-author,empty,3,0,0.3333,2,0,0,100,40,37,855
langchain-ai_langchain__37095,langchain-ai/langchain,agent,agent-trailer,substantive,3,1.6667,2,2,66.6667,100,100,1751,1791,1229
langchain-ai_langchain__37456,langchain-ai/langchain,human,none,empty,3,0.3333,0,2,0,0,100,91,91,1620
langchain-ai_langchain__37602,langchain-ai/langchain,human,none,substantive,3,1.6667,1.6667,1.6667,66.6667,66.6667,66.6667,499,555,1077
langchain-ai_langchain__37710,langchain-ai/langchain,agent,bot-author,substantive,3,0.6667,0.6667,1.3333,33.3333,33.3333,66.6667,530,458,1187
langchain-ai_langchain__37911,langchain-ai/langchain,agent,agent-trailer,substantive,3,1.3333,1.3333,1.6667,66.6667,66.6667,66.6667,1399,1408,1572
langchain-ai_langchain__38118,langchain-ai/langchain,human,none,substantive,3,1.3333,1,1.3333,66.6667,33.3333,66.6667,1351,1024,1702
langchain-ai_langchain__38363,langchain-ai/langchain,agent,agent-trailer,substantive,3,0.6667,0.6667,2,33.3333,33.3333,100,768,841,979
langchain-ai_langchain__38664,langchain-ai/langchain,agent,agent-trailer,substantive,4,1.5000,1.2500,1.2500,75,50,50,1433,1152,1611
langchain-ai_langchain__38665,langchain-ai/langchain,agent,agent-footer,substantive,3,2,2,1.6667,100,100,66.6667,2658,2116,1429
prisma_prisma__1018,prisma/prisma,agent,agent-trailer,substantive,4,2,1.5000,0.7500,100,75,0,5985,5381,1940
prisma_prisma__1019,prisma/prisma,agent,agent-footer,substantive,3,0.6667,0.6667,0,33.3333,33.3333,0,1577,1411,1089
prisma_prisma__1024,prisma/prisma,agent,agent-trailer,substantive,4,2,1.7500,1,100,75,0,8357,8576,2125
prisma_prisma__1028,prisma/prisma,agent,agent-footer,substantive,3,1.6667,1,2,66.6667,33.3333,100,2553,1884,1758
prisma_prisma__1035,prisma/prisma,agent,agent-trailer,substantive,3,2,1.3333,1,100,33.3333,0,10647,8006,1510
prisma_prisma__1038,prisma/prisma,human,none,substantive,4,2,2,1,100,100,25,13766,9614,2348
prisma_prisma__1042,prisma/prisma,agent,agent-trailer,substantive,4,0.7500,0.5000,0,25,25,0,2043,2099,1653
prisma_prisma__1048,prisma/prisma,agent,agent-footer,substantive,4,1.5000,1.2500,1,50,50,25,6122,5278,2246
prisma_prisma__137,prisma/prisma,agent,agent-trailer,substantive,3,2,2,2,100,100,100,2024,1400,1303
prisma_prisma__145,prisma/prisma,agent,agent-trailer,substantive,3,1.6667,1,1,66.6667,33.3333,33.3333,2251,1667,1799
prisma_prisma__147,prisma/prisma,agent,agent-trailer,substantive,3,1.6667,2,2,66.6667,100,100,1517,1522,1507
prisma_prisma__200,prisma/prisma,agent,agent-trailer,substantive,4,1.7500,1.5000,0.2500,75,75,0,4598,3679,784
prisma_prisma__201,prisma/prisma,agent,agent-trailer,substantive,3,1.3333,1.6667,1.3333,66.6667,66.6667,66.6667,6222,4767,1101
prisma_prisma__224,prisma/prisma,agent,agent-trailer,substantive,3,0.6667,0.6667,1.3333,33.3333,33.3333,66.6667,1515,901,1260
prisma_prisma__270,prisma/prisma,human,none,substantive,3,1.3333,1.3333,2,66.6667,66.6667,100,762,620,957
prisma_prisma__310,prisma/prisma,human,none,substantive,2,0,0.5000,0.5000,0,0,0,550,158,388
prisma_prisma__32,prisma/prisma,human,none,substantive,3,0,0,1.6667,0,0,66.6667,148,154,1528
prisma_prisma__323,prisma/prisma,agent,agent-footer,substantive,3,1.3333,1,1.6667,33.3333,0,66.6667,871,347,898
prisma_prisma__404,prisma/prisma,agent,agent-trailer,substantive,4,1.7500,1.5000,1.7500,75,50,75,33469,10020,2335
prisma_prisma__417,prisma/prisma,agent,agent-trailer,substantive,3,1.6667,1.6667,0.6667,66.6667,66.6667,0,14514,10511,2772
prisma_prisma__428,prisma/prisma,agent,agent-trailer,substantive,3,2,2,0.6667,100,100,33.3333,4667,4103,1011
prisma_prisma__553,prisma/prisma,agent,agent-trailer,substantive,4,1.7500,1,0.2500,75,50,0,13124,8831,1745
prisma_prisma__653,prisma/prisma,human,none,substantive,3,1.3333,2,0.6667,66.6667,100,0,3400,3353,1312
prisma_prisma__726,prisma/prisma,agent,agent-trailer,substantive,3,0.3333,2,1,0,100,33.3333,4963,4413,1731
prisma_prisma__732,prisma/prisma,agent,agent-trailer,substantive,3,0.6667,2,2,0,100,100,3720,3219,1626
prisma_prisma__750,prisma/prisma,agent,agent-trailer,substantive,3,2,2,2,100,100,100,6399,5867,2731
prisma_prisma__751,prisma/prisma,agent,agent-trailer,substantive,4,1,1,0.2500,50,50,0,4909,3248,2596
prisma_prisma__753,prisma/prisma,agent,agent-trailer,substantive,3,1.3333,1.3333,1,66.6667,66.6667,0,7230,6542,1917
prisma_prisma__754,prisma/prisma,agent,agent-trailer,substantive,3,1.3333,0.6667,1.6667,33.3333,33.3333,66.6667,5660,5028,1671
prisma_prisma__755,prisma/prisma,agent,agent-trailer,substantive,4,2,1.5000,0.2500,100,50,0,5064,3854,2896
prisma_prisma__768,prisma/prisma,agent,agent-trailer,substantive,4,2,2,1.7500,100,100,75,7407,6379,2297
prisma_prisma__769,prisma/prisma,agent,agent-trailer,substantive,3,1.6667,2,1,66.6667,100,0,5163,4450,2306
prisma_prisma__770,prisma/prisma,agent,agent-trailer,substantive,4,1.5000,1.2500,1,50,25,50,5804,4930,1884
prisma_prisma__775,prisma/prisma,agent,agent-footer,substantive,4,0.5000,1,1,0,25,25,3965,3844,2338
prisma_prisma__792,prisma/prisma,agent,agent-trailer,substantive,4,2,2,1.2500,100,100,50,5231,5230,2733
prisma_prisma__795,prisma/prisma,agent,agent-trailer,substantive,4,1.2500,1.2500,0.7500,50,50,25,11872,6172,2049
prisma_prisma__797,prisma/prisma,agent,agent-trailer,substantive,3,1.3333,2,1.3333,66.6667,100,66.6667,3117,2988,1181
prisma_prisma__800,prisma/prisma,agent,agent-trailer,substantive,3,2,1.3333,2,100,66.6667,100,1160,1142,868
prisma_prisma__801,prisma/prisma,agent,agent-trailer,substantive,3,1,1,2,33.3333,33.3333,100,1117,435,780
prisma_prisma__802,prisma/prisma,agent,agent-trailer,substantive,3,1.6667,1.6667,1.6667,66.6667,66.6667,66.6667,1502,1307,809
prisma_prisma__808,prisma/prisma,agent,agent-trailer,substantive,4,1.7500,2,1.7500,75,100,75,8134,6737,2405
prisma_prisma__809,prisma/prisma,agent,agent-trailer,substantive,3,2,1.6667,2,100,66.6667,100,5777,5273,2062
prisma_prisma__810,prisma/prisma,agent,agent-trailer,substantive,3,2,1.3333,0.6667,100,66.6667,0,7195,5432,2068
prisma_prisma__812,prisma/prisma,agent,agent-trailer,substantive,4,2,2,1,100,100,0,12817,7277,2749
prisma_prisma__813,prisma/prisma,agent,agent-trailer,substantive,4,0.5000,0.5000,0.7500,25,25,25,5754,4823,2242
prisma_prisma__816,prisma/prisma,agent,agent-trailer,substantive,4,2,1.7500,0.7500,100,75,25,12599,8204,2293
prisma_prisma__825,prisma/prisma,agent,agent-trailer,substantive,4,1.5000,1.2500,0.5000,75,50,0,11477,9187,2883
prisma_prisma__826,prisma/prisma,agent,agent-trailer,substantive,4,1,1.5000,1,50,75,0,7773,6247,1900
prisma_prisma__829,prisma/prisma,agent,agent-trailer,substantive,4,1.5000,1,1.2500,75,25,50,3327,3148,2299
prisma_prisma__834,prisma/prisma,agent,agent-trailer,substantive,3,1.6667,2,1.6667,66.6667,100,66.6667,10903,9153,2137
prisma_prisma__838,prisma/prisma,agent,agent-trailer,substantive,3,2,2,0.3333,100,100,0,6551,5031,1467
prisma_prisma__841,prisma/prisma,agent,agent-trailer,substantive,3,2,1.6667,2,100,66.6667,100,8444,7995,1992
prisma_prisma__870,prisma/prisma,agent,agent-trailer,substantive,4,1.7500,1.2500,0.5000,75,50,0,3492,3293,2251
prisma_prisma__879,prisma/prisma,agent,agent-trailer,substantive,3,2,2,1,100,100,0,6120,4782,1865
prisma_prisma__896,prisma/prisma,agent,agent-footer,substantive,4,2,1.2500,1,100,50,25,5867,3990,2126
prisma_prisma__897,prisma/prisma,agent,agent-footer,substantive,3,1.6667,1.6667,2,66.6667,66.6667,100,4125,3717,2562
prisma_prisma__905,prisma/prisma,agent,agent-footer,substantive,3,2,2,1.3333,100,100,33.3333,3868,3111,1942
prisma_prisma__906,prisma/prisma,agent,agent-trailer,substantive,4,2,2,1.2500,100,100,25,11892,9193,2414
prisma_prisma__908,prisma/prisma,agent,agent-trailer,substantive,4,1.7500,2,1.2500,75,100,50,13646,10209,1849
prisma_prisma__912,prisma/prisma,agent,agent-trailer,substantive,3,1.3333,1.6667,0.6667,33.3333,66.6667,33.3333,5914,4413,1075
prisma_prisma__921,prisma/prisma,agent,agent-trailer,substantive,4,2,1.7500,1.2500,100,75,50,7681,4285,2973
prisma_prisma__935,prisma/prisma,agent,agent-trailer,substantive,4,1.7500,2,1,75,100,25,5658,4909,2571
prisma_prisma__944,prisma/prisma,agent,agent-footer,substantive,4,1.7500,1.5000,1.2500,75,75,25,6741,4541,2083
prisma_prisma__945,prisma/prisma,agent,agent-footer,substantive,3,1,0.6667,0.3333,33.3333,33.3333,0,6946,6553,3105
prisma_prisma__946,prisma/prisma,agent,agent-footer,substantive,3,2,2,1.3333,100,100,66.6667,5601,4174,1633
prisma_prisma__960,prisma/prisma,agent,agent-footer,substantive,4,1,1.5000,1.2500,25,50,50,6630,6477,2672
prisma_prisma__969,prisma/prisma,agent,agent-trailer,substantive,3,2,2,2,100,100,100,7187,5407,1277
prisma_prisma__985,prisma/prisma,agent,agent-footer,substantive,3,1.3333,0.6667,0.6667,66.6667,0,33.3333,5049,2882,1981
prisma_prisma__988,prisma/prisma,agent,agent-footer,substantive,4,0.2500,0.2500,0,0,0,0,1235,1271,865
prisma_prisma__990,prisma/prisma,agent,agent-footer,substantive,4,1.5000,0.5000,0.7500,75,0,25,4419,3428,2279
prisma_prisma__991,prisma/prisma,agent,agent-footer,substantive,3,2,2,2,100,100,100,3272,1701,1509
prisma_prisma__997,prisma/prisma,agent,agent-footer,substantive,3,2,2,1.3333,100,100,33.3333,13692,10012,1579
supabase_supabase__27834,supabase/supabase,human,none,substantive,4,0,0,0.5000,0,0,0,197,146,1652
supabase_supabase__28048,supabase/supabase,human,none,substantive,4,0.5000,1,0.5000,0,25,0,609,586,1865
supabase_supabase__28208,supabase/supabase,human,none,substantive,3,0.3333,0.3333,1.6667,0,0,66.6667,726,722,1979
supabase_supabase__28714,supabase/supabase,human,none,empty,3,0,0,1,0,0,33.3333,36,41,968
supabase_supabase__28730,supabase/supabase,human,none,empty,3,0,0,0.6667,0,0,0,29,29,523
supabase_supabase__28761,supabase/supabase,human,none,empty,3,0,0.3333,1.6667,0,0,66.6667,45,62,710
supabase_supabase__29038,supabase/supabase,human,none,substantive,3,0,0,0,0,0,0,898,865,1581
supabase_supabase__29219,supabase/supabase,human,none,substantive,4,0,0.2500,0.7500,0,0,25,1088,1006,2031
supabase_supabase__30280,supabase/supabase,human,none,substantive,4,0,0,1.5000,0,0,50,163,126,1666
supabase_supabase__30736,supabase/supabase,human,none,substantive,3,1.3333,1.3333,1.6667,33.3333,33.3333,66.6667,297,318,693
supabase_supabase__31229,supabase/supabase,human,none,substantive,3,0,0,1.3333,0,0,66.6667,616,608,1462
supabase_supabase__32632,supabase/supabase,human,none,substantive,3,0,0,2,0,0,100,172,181,1398
supabase_supabase__32679,supabase/supabase,human,none,substantive,3,0.6667,0.6667,1,0,0,33.3333,456,459,1470
supabase_supabase__33228,supabase/supabase,human,none,empty,3,0,0.3333,1.3333,0,0,33.3333,46,56,565
supabase_supabase__33252,supabase/supabase,human,none,substantive,4,1,1,1.2500,25,25,25,1817,1827,2272
supabase_supabase__33335,supabase/supabase,human,none,substantive,3,0.3333,0.3333,1,0,0,33.3333,737,674,1861
supabase_supabase__33698,supabase/supabase,human,none,substantive,4,0,0,0.7500,0,0,25,203,180,1044
supabase_supabase__33996,supabase/supabase,human,none,substantive,3,0.3333,0.3333,1.3333,0,0,33.3333,484,333,829
supabase_supabase__34804,supabase/supabase,human,none,trivial,3,0,0.3333,1.3333,0,0,33.3333,46,62,710
supabase_supabase__34905,supabase/supabase,human,none,trivial,3,0,0,0.6667,0,0,0,93,78,869
supabase_supabase__35674,supabase/supabase,human,none,substantive,3,1,1.6667,1.6667,33.3333,66.6667,66.6667,733,748,1458
supabase_supabase__36002,supabase/supabase,human,none,substantive,3,2,1.6667,2,100,66.6667,100,374,416,1043
supabase_supabase__36793,supabase/supabase,agent,agent-trailer,substantive,3,0.6667,1,2,0,33.3333,100,438,464,756
supabase_supabase__36970,supabase/supabase,human,none,empty,3,0,0.3333,2,0,0,100,49,53,996
supabase_supabase__37230,supabase/supabase,human,none,substantive,3,0,1.3333,0.6667,0,33.3333,33.3333,1540,1655,1405
supabase_supabase__37928,supabase/supabase,agent,agent-trailer,substantive,3,0,0,0,0,0,0,985,945,897
supabase_supabase__37987,supabase/supabase,human,none,substantive,3,0.3333,0.3333,1.6667,0,0,66.6667,516,487,1648
supabase_supabase__38669,supabase/supabase,human,none,substantive,3,1,0.3333,2,33.3333,0,100,253,273,1447
supabase_supabase__38772,supabase/supabase,agent,agent-trailer,substantive,4,0,0.2500,0,0,0,0,572,456,1649
supabase_supabase__39041,supabase/supabase,human,none,substantive,3,0,0.3333,1,0,0,33.3333,587,592,1434
supabase_supabase__39141,supabase/supabase,human,none,empty,3,0,0,1,0,0,33.3333,33,37,750
supabase_supabase__39296,supabase/supabase,agent,agent-trailer,substantive,2,1,0.5000,2,50,0,100,310,272,831
supabase_supabase__39351,supabase/supabase,human,none,substantive,3,0,0,1.6667,0,0,66.6667,1219,1612,1627
supabase_supabase__39541,supabase/supabase,human,none,empty,2,0,0,0.5000,0,0,0,21,21,643
supabase_supabase__39583,supabase/supabase,human,none,empty,3,0,0,0.3333,0,0,0,43,60,1027
supabase_supabase__39600,supabase/supabase,human,none,substantive,3,0.6667,0.6667,1,33.3333,33.3333,33.3333,145,120,477
supabase_supabase__39730,supabase/supabase,human,none,substantive,3,0,0,2,0,0,100,393,340,888
supabase_supabase__39795,supabase/supabase,agent,agent-trailer,substantive,4,0,0.2500,1.5000,0,0,50,628,612,1905
supabase_supabase__39834,supabase/supabase,agent,agent-trailer,substantive,4,0.2500,0.2500,1.5000,0,0,50,905,885,1468
supabase_supabase__39889,supabase/supabase,agent,agent-trailer,substantive,4,0.7500,0.2500,1,0,0,0,1495,1438,1594
supabase_supabase__39977,supabase/supabase,human,none,substantive,3,0,0,1.3333,0,0,33.3333,461,456,1298
supabase_supabase__39991,supabase/supabase,agent,agent-trailer,substantive,4,0.5000,0.5000,0.5000,25,25,0,1223,1281,1749
supabase_supabase__40015,supabase/supabase,human,none,trivial,4,0,0,0.5000,0,0,0,69,48,1763
supabase_supabase__40026,supabase/supabase,agent,agent-trailer,substantive,3,0.6667,0,1,0,0,33.3333,1806,1515,1908
supabase_supabase__40183,supabase/supabase,human,none,trivial,3,0,0,1,0,0,33.3333,77,60,1024
supabase_supabase__40232,supabase/supabase,human,none,trivial,3,0,0,1.6667,0,0,66.6667,160,124,1255
supabase_supabase__40290,supabase/supabase,human,none,substantive,3,0.6667,0.6667,1.3333,0,0,66.6667,220,299,1299
supabase_supabase__40294,supabase/supabase,human,none,empty,3,0,0.3333,1,0,0,33.3333,42,47,908
supabase_supabase__40323,supabase/supabase,human,none,empty,3,0,0,2,0,0,100,36,41,1796
supabase_supabase__40903,supabase/supabase,agent,agent-trailer,substantive,3,0.6667,0.6667,1.6667,0,0,66.6667,681,589,1295
supabase_supabase__40911,supabase/supabase,human,none,substantive,3,0,0,0,0,0,0,419,403,745
supabase_supabase__41013,supabase/supabase,human,none,substantive,4,0.7500,0.7500,1.2500,0,25,25,203,152,1159
supabase_supabase__41305,supabase/supabase,human,none,trivial,3,0.3333,0.3333,1.3333,0,0,66.6667,129,121,943
supabase_supabase__41408,supabase/supabase,human,none,empty,4,0,0,0.7500,0,0,25,80,85,1708
supabase_supabase__41412,supabase/supabase,human,none,trivial,3,0,0,1.6667,0,0,66.6667,36,25,858
supabase_supabase__41525,supabase/supabase,human,none,substantive,3,0,0,1.3333,0,0,33.3333,791,760,2166
supabase_supabase__41558,supabase/supabase,human,none,trivial,3,0.3333,0.3333,1,0,0,33.3333,112,55,872
supabase_supabase__41745,supabase/supabase,agent,agent-trailer,substantive,3,1,0.6667,1,0,0,33.3333,360,371,858
supabase_supabase__41801,supabase/supabase,agent,agent-trailer,substantive,3,1.3333,1.3333,1.6667,66.6667,66.6667,66.6667,4020,3329,1676
supabase_supabase__42021,supabase/supabase,human,none,substantive,4,0.7500,0.5000,1.5000,25,25,50,1837,926,1810
supabase_supabase__42071,supabase/supabase,agent,agent-trailer,substantive,3,1,1.6667,1.3333,0,66.6667,66.6667,919,503,1373
supabase_supabase__42079,supabase/supabase,agent,agent-trailer,substantive,3,1,1.3333,2,33.3333,66.6667,100,479,495,1182
supabase_supabase__42148,supabase/supabase,agent,agent-trailer,substantive,3,0,0,1.6667,0,0,66.6667,1423,1197,1198
supabase_supabase__42218,supabase/supabase,human,none,substantive,3,0.3333,0,0.6667,0,0,33.3333,271,273,629
supabase_supabase__42260,supabase/supabase,human,none,empty,4,0,0,1.5000,0,0,75,38,49,1409
supabase_supabase__42300,supabase/supabase,agent,agent-trailer,substantive,3,0,0.3333,0.6667,0,0,0,1135,291,1305
supabase_supabase__42361,supabase/supabase,human,none,substantive,3,1.3333,1,1.3333,66.6667,33.3333,66.6667,2152,969,563
supabase_supabase__42428,supabase/supabase,agent,agent-trailer,substantive,3,0,0,1.6667,0,0,66.6667,1138,565,2393
supabase_supabase__42458,supabase/supabase,human,none,substantive,3,1,0.6667,0.6667,33.3333,0,33.3333,853,538,1096
supabase_supabase__42638,supabase/supabase,agent,agent-trailer,substantive,3,0,0,1,0,0,33.3333,497,313,1961
supabase_supabase__42874,supabase/supabase,agent,agent-trailer,substantive,3,0.6667,0.6667,0.6667,0,0,33.3333,2002,1977,1723
supabase_supabase__43010,supabase/supabase,human,none,substantive,3,2,2,2,100,100,100,935,882,1554
supabase_supabase__43090,supabase/supabase,human,none,substantive,3,0,0.3333,1.3333,0,0,33.3333,479,481,852
supabase_supabase__43109,supabase/supabase,agent,agent-trailer,substantive,3,0,0,0.3333,0,0,0,389,188,1469
supabase_supabase__43140,supabase/supabase,agent,agent-trailer,substantive,4,0.2500,0,0.7500,0,0,25,1173,573,1775
supabase_supabase__43191,supabase/supabase,agent,agent-trailer,substantive,3,0,0,1.3333,0,0,66.6667,433,257,1287
supabase_supabase__43201,supabase/supabase,human,none,substantive,3,2,2,1.6667,100,100,66.6667,1547,1509,2390
supabase_supabase__43210,supabase/supabase,human,none,substantive,3,0.6667,0.6667,2,33.3333,33.3333,100,757,761,892
supabase_supabase__43697,supabase/supabase,agent,agent-trailer,substantive,3,0,0,1.3333,0,0,33.3333,465,455,1511
supabase_supabase__43790,supabase/supabase,agent,agent-trailer,substantive,3,1.3333,1.3333,2,66.6667,66.6667,100,3619,2966,1332
supabase_supabase__43804,supabase/supabase,agent,agent-trailer,substantive,3,0.3333,0.3333,1,0,0,33.3333,356,382,1125
supabase_supabase__43817,supabase/supabase,agent,agent-trailer,substantive,4,0,0,0.5000,0,0,25,238,229,1381
supabase_supabase__43862,supabase/supabase,agent,agent-trailer,substantive,3,1.3333,1,1.3333,66.6667,33.3333,33.3333,911,523,563
supabase_supabase__43927,supabase/supabase,agent,agent-trailer,substantive,3,0.6667,1.3333,2,33.3333,33.3333,100,368,97,1027
supabase_supabase__43929,supabase/supabase,agent,agent-trailer,substantive,3,0,0,0.6667,0,0,33.3333,485,209,1506
supabase_supabase__43967,supabase/supabase,agent,agent-trailer,substantive,3,2,2,1,100,100,33.3333,1376,1394,716
supabase_supabase__44077,supabase/supabase,agent,agent-trailer,substantive,4,0,0,1.2500,0,0,50,201,134,1473
supabase_supabase__44087,supabase/supabase,human,none,empty,3,0,0,0.3333,0,0,0,29,39,870
supabase_supabase__44137,supabase/supabase,human,none,substantive,3,2,2,2,100,100,100,844,825,1504
supabase_supabase__44198,supabase/supabase,human,none,substantive,3,2,1.6667,2,100,66.6667,100,1022,897,571
supabase_supabase__44248,supabase/supabase,agent,agent-trailer,substantive,4,0,0,0.7500,0,0,0,758,543,2006
supabase_supabase__44293,supabase/supabase,human,none,substantive,3,0.6667,0,2,0,0,100,1804,1234,1419
supabase_supabase__44296,supabase/supabase,human,none,substantive,3,1.3333,1.3333,1.6667,66.6667,33.3333,66.6667,2214,1442,2068
supabase_supabase__44328,supabase/supabase,agent,agent-trailer,substantive,4,1.5000,1,0.7500,75,50,25,6640,6531,1837
supabase_supabase__44343,supabase/supabase,agent,agent-trailer,substantive,3,1.6667,1,1,66.6667,33.3333,33.3333,3267,3043,1195
supabase_supabase__44438,supabase/supabase,agent,agent-trailer,substantive,3,1,0.3333,1.3333,33.3333,0,66.6667,1241,420,2032
supabase_supabase__44513,supabase/supabase,agent,agent-trailer,substantive,3,0.3333,0.3333,1,0,0,0,1096,600,438
supabase_supabase__44519,supabase/supabase,agent,agent-trailer,substantive,3,1.6667,1.3333,1.6667,66.6667,66.6667,66.6667,1527,1229,1817
supabase_supabase__44520,supabase/supabase,agent,agent-trailer,substantive,3,0.6667,0.3333,1,33.3333,0,33.3333,2450,1713,1645
supabase_supabase__44621,supabase/supabase,agent,agent-trailer,substantive,3,2,1.6667,2,100,66.6667,100,3245,3241,1766
supabase_supabase__44629,supabase/supabase,agent,agent-trailer,substantive,3,0.6667,0.6667,0.6667,0,0,33.3333,2678,2608,1900
supabase_supabase__44655,supabase/supabase,agent,agent-trailer,substantive,3,0.6667,0.6667,1.3333,33.3333,33.3333,66.6667,2533,1970,912
supabase_supabase__44662,supabase/supabase,human,none,substantive,3,1.6667,1.3333,1.3333,66.6667,66.6667,66.6667,1180,1237,1100
supabase_supabase__44702,supabase/supabase,agent,agent-trailer,substantive,3,0,0,0.3333,0,0,0,1282,293,814
supabase_supabase__44728,supabase/supabase,agent,agent-trailer,substantive,3,1,1,2,33.3333,33.3333,100,1137,909,1135
supabase_supabase__44797,supabase/supabase,agent,agent-trailer,substantive,3,1,1.3333,2,33.3333,33.3333,100,1396,1383,1038
supabase_supabase__44857,supabase/supabase,agent,agent-trailer,substantive,3,1,1.3333,0.6667,33.3333,66.6667,33.3333,2089,2000,1121
supabase_supabase__44878,supabase/supabase,agent,agent-trailer,substantive,3,1.3333,2,1.3333,33.3333,100,66.6667,970,908,710
supabase_supabase__44965,supabase/supabase,agent,agent-trailer,substantive,3,1,0.6667,0.6667,33.3333,0,33.3333,5896,4590,1802
supabase_supabase__44973,supabase/supabase,human,none,substantive,3,0.3333,0,2,0,0,100,775,323,1674
supabase_supabase__44986,supabase/supabase,agent,agent-trailer,substantive,4,0.2500,0.5000,1,0,25,25,1281,1145,1398
supabase_supabase__45034,supabase/supabase,human,none,substantive,3,1.3333,0.6667,1,66.6667,33.3333,33.3333,5029,4269,2005
supabase_supabase__45170,supabase/supabase,agent,agent-trailer,substantive,4,0.5000,0.5000,0.2500,25,25,0,799,471,1566
supabase_supabase__45219,supabase/supabase,agent,agent-trailer,substantive,4,0.2500,0,0.7500,0,0,0,1801,1319,2619
supabase_supabase__45274,supabase/supabase,agent,agent-trailer,substantive,4,1,1,1.2500,50,50,50,1992,1883,1004
supabase_supabase__45294,supabase/supabase,agent,agent-trailer,substantive,4,1,0.7500,0.5000,25,25,0,2263,1780,1588
supabase_supabase__45326,supabase/supabase,agent,agent-trailer,substantive,3,1.6667,1.6667,1.6667,66.6667,66.6667,66.6667,1927,1762,1226
supabase_supabase__45396,supabase/supabase,agent,agent-trailer,substantive,4,1.2500,1,0.7500,50,25,25,5379,4346,1507
supabase_supabase__45467,supabase/supabase,human,none,substantive,3,2,1.6667,1.6667,100,66.6667,66.6667,3034,2822,1901
supabase_supabase__45516,supabase/supabase,agent,agent-trailer,substantive,3,1.3333,1.6667,1.3333,66.6667,66.6667,66.6667,3079,2285,1698
supabase_supabase__45523,supabase/supabase,agent,agent-trailer,substantive,3,1,0.6667,1.3333,33.3333,0,33.3333,1150,426,1016
supabase_supabase__45658,supabase/supabase,human,none,substantive,3,0,0,1.6667,0,0,66.6667,887,113,1353
supabase_supabase__45716,supabase/supabase,agent,agent-trailer,substantive,3,0.3333,0.3333,0.6667,0,0,0,2405,2247,833
supabase_supabase__45787,supabase/supabase,agent,agent-trailer,substantive,2,1,1.5000,2,50,50,100,1155,534,638
supabase_supabase__45833,supabase/supabase,agent,agent-trailer,substantive,3,1.6667,2,1.3333,66.6667,100,66.6667,2227,1432,862
supabase_supabase__45941,supabase/supabase,human,none,empty,3,0.3333,0,1,0,0,0,64,56,1264
supabase_supabase__46054,supabase/supabase,agent,agent-trailer,substantive,3,0.6667,0.6667,0.6667,0,0,0,1566,1033,742
supabase_supabase__46095,supabase/supabase,agent,agent-trailer,substantive,3,0.6667,0.6667,1.6667,33.3333,33.3333,66.6667,2847,1872,862
supabase_supabase__46138,supabase/supabase,human,none,substantive,3,0.3333,0.3333,0.6667,0,0,0,953,194,457
supabase_supabase__46147,supabase/supabase,agent,agent-trailer,substantive,3,1.3333,1,1.3333,66.6667,33.3333,66.6667,2260,1556,1070
supabase_supabase__46150,supabase/supabase,agent,agent-trailer,substantive,3,0.6667,0.3333,1,0,0,33.3333,1334,502,867
supabase_supabase__46168,supabase/supabase,human,none,substantive,3,1.6667,1.3333,2,66.6667,66.6667,100,2571,1050,1919
supabase_supabase__46198,supabase/supabase,agent,agent-trailer,substantive,4,1,0.7500,0.7500,50,25,25,3311,3219,1879
supabase_supabase__46232,supabase/supabase,agent,agent-trailer,substantive,3,1.3333,1.3333,0.3333,66.6667,66.6667,0,1493,770,583
supabase_supabase__46241,supabase/supabase,agent,agent-trailer,substantive,3,0.6667,0.6667,0.6667,33.3333,33.3333,0,2830,1405,1692
supabase_supabase__46242,supabase/supabase,agent,agent-trailer,substantive,3,0.6667,0.6667,0.6667,33.3333,0,0,2579,1612,760
supabase_supabase__46245,supabase/supabase,agent,agent-trailer,substantive,3,0.6667,1,1.3333,33.3333,33.3333,33.3333,1698,834,775
supabase_supabase__46319,supabase/supabase,agent,agent-trailer,substantive,3,1.3333,1.3333,1.6667,66.6667,66.6667,66.6667,2627,2426,2075
supabase_supabase__46359,supabase/supabase,agent,agent-trailer,substantive,3,1.6667,1.6667,1.3333,66.6667,66.6667,33.3333,7007,1992,2268
supabase_supabase__46371,supabase/supabase,agent,agent-trailer,substantive,3,1.6667,0.6667,2,66.6667,0,100,2677,1569,1166
supabase_supabase__46382,supabase/supabase,agent,agent-trailer,substantive,3,1.6667,1.6667,1.3333,66.6667,66.6667,66.6667,1043,357,711
supabase_supabase__46499,supabase/supabase,agent,agent-trailer,substantive,3,2,2,1.6667,100,100,66.6667,3492,3277,1472
supabase_supabase__46562,supabase/supabase,human,none,substantive,3,0.3333,0.3333,2,0,0,100,640,364,1296
supabase_supabase__46614,supabase/supabase,agent,agent-trailer,substantive,3,1.6667,1.3333,0.6667,66.6667,66.6667,33.3333,2547,2121,1592
supabase_supabase__46673,supabase/supabase,agent,agent-trailer,substantive,3,1.6667,1.6667,1,66.6667,66.6667,33.3333,2219,2059,1029
supabase_supabase__46720,supabase/supabase,agent,agent-trailer,substantive,4,1.2500,0.2500,1.5000,50,0,50,1607,1047,746
supabase_supabase__46729,supabase/supabase,agent,agent-trailer,substantive,3,1.3333,1.3333,2,66.6667,66.6667,100,1195,1345,918
supabase_supabase__46771,supabase/supabase,agent,agent-trailer,substantive,3,1,2,1,33.3333,100,33.3333,1646,1370,637
supabase_supabase__46803,supabase/supabase,agent,agent-trailer,substantive,3,0.3333,1,1,0,33.3333,33.3333,1848,1749,1869
supabase_supabase__46830,supabase/supabase,agent,agent-trailer,substantive,3,2,2,1.6667,100,100,66.6667,2079,1798,1132
supabase_supabase__46928,supabase/supabase,agent,agent-trailer,substantive,3,2,1.3333,2,100,33.3333,100,2569,1477,1337
supabase_supabase__46953,supabase/supabase,agent,agent-trailer,substantive,2,2,2,2,100,100,100,1570,1094,721
supabase_supabase__46960,supabase/supabase,agent,agent-trailer,substantive,3,1.6667,2,1.3333,66.6667,100,33.3333,2405,1257,1097
supabase_supabase__46967,supabase/supabase,agent,agent-trailer,substantive,3,0.3333,0.3333,1.3333,0,0,33.3333,1180,510,1932
supabase_supabase__46977,supabase/supabase,human,none,substantive,4,1,1.2500,1.2500,0,50,25,2183,1019,1554
supabase_supabase__47002,supabase/supabase,human,none,substantive,3,0.6667,0.3333,0.6667,33.3333,0,0,1676,1482,983
supabase_supabase__47007,supabase/supabase,agent,agent-trailer,substantive,3,0.3333,0.3333,2,0,0,100,1560,1500,2011
supabase_supabase__47024,supabase/supabase,agent,agent-trailer,substantive,3,0.6667,0.6667,1,0,0,33.3333,2557,2432,1298
supabase_supabase__47028,supabase/supabase,agent,agent-trailer,substantive,3,1,0.6667,1,33.3333,33.3333,33.3333,1659,1111,1112
supabase_supabase__47088,supabase/supabase,agent,agent-trailer,substantive,3,2,1.6667,1.3333,100,66.6667,33.3333,2131,2023,1531
supabase_supabase__47104,supabase/supabase,human,none,substantive,3,2,0.3333,0.6667,100,0,0,2164,885,1308
supabase_supabase__47264,supabase/supabase,agent,agent-trailer,substantive,4,1,1,2,50,50,100,2086,1546,2048
supabase_supabase__47353,supabase/supabase,agent,agent-trailer,substantive,3,1.6667,1.3333,1.6667,66.6667,66.6667,66.6667,1124,1003,780
supabase_supabase__47363,supabase/supabase,human,none,substantive,4,1.7500,1.2500,2,75,50,100,2485,1977,2154
supabase_supabase__47406,supabase/supabase,human,none,substantive,4,0,0,0.2500,0,0,0,312,310,1628
supabase_supabase__47415,supabase/supabase,agent,agent-footer,substantive,3,0.3333,0,0.6667,0,0,0,1162,415,593
supabase_supabase__47419,supabase/supabase,agent,agent-trailer,substantive,3,0,0.3333,0.3333,0,0,0,723,557,673
supabase_supabase__47421,supabase/supabase,human,none,substantive,4,0.5000,0.7500,1.5000,25,25,50,2210,1630,1258
supabase_supabase__47434,supabase/supabase,agent,agent-trailer,substantive,3,1.6667,2,1.3333,66.6667,100,66.6667,2220,2045,811
supabase_supabase__47436,supabase/supabase,agent,agent-trailer,substantive,3,2,2,2,100,100,100,2233,1861,672
supabase_supabase__47489,supabase/supabase,agent,agent-trailer,substantive,4,0.5000,0.5000,1,0,25,25,2415,2253,1368
supabase_supabase__47494,supabase/supabase,agent,agent-trailer,substantive,3,2,1.6667,1.6667,100,66.6667,66.6667,1374,784,1031
supabase_supabase__47502,supabase/supabase,agent,agent-trailer,substantive,4,1.5000,1.2500,1,50,50,25,1511,882,1363
supabase_supabase__47532,supabase/supabase,human,none,empty,3,0,0,1.3333,0,0,33.3333,66,76,692
supabase_supabase__47560,supabase/supabase,agent,agent-trailer,substantive,3,2,1.6667,1.6667,100,66.6667,66.6667,1968,1793,1202
supabase_supabase__47583,supabase/supabase,agent,agent-trailer,substantive,3,0.6667,1,1,33.3333,33.3333,33.3333,2125,1343,1198
supabase_supabase__47631,supabase/supabase,agent,agent-trailer,substantive,4,2,1.5000,2,100,75,100,2262,1285,1186
supabase_supabase__47724,supabase/supabase,human,none,substantive,3,1,1,1.6667,33.3333,33.3333,66.6667,3561,2680,1997
supabase_supabase__47864,supabase/supabase,human,none,substantive,3,0.3333,0,0,0,0,0,1662,700,615
supabase_supabase__47880,supabase/supabase,human,none,substantive,4,0.7500,0.5000,1,0,0,25,889,615,1820
supabase_supabase__48008,supabase/supabase,human,none,substantive,3,2,2,2,100,100,100,3227,2313,2032
supabase_supabase__48037,supabase/supabase,agent,agent-trailer,substantive,3,2,1.6667,1.3333,100,66.6667,66.6667,1953,1082,1097
supabase_supabase__48099,supabase/supabase,agent,agent-trailer,substantive,4,1,0,1.7500,50,0,75,1110,548,1089
supabase_supabase__48140,supabase/supabase,human,none,substantive,3,0.6667,0.6667,2,33.3333,33.3333,100,2818,1418,1509
supabase_supabase__48141,supabase/supabase,human,none,substantive,3,1,1.3333,2,0,33.3333,100,725,580,1328
supabase_supabase__48142,supabase/supabase,agent,bot-author,substantive,3,0.6667,1,0.3333,33.3333,33.3333,0,1820,1332,590
supabase_supabase__48148,supabase/supabase,agent,agent-trailer,substantive,4,2,2,0.7500,100,100,0,9568,8986,2066
supabase_supabase__48170,supabase/supabase,human,none,substantive,3,0,0.6667,0.6667,0,33.3333,33.3333,2821,2813,1426
supabase_supabase__48226,supabase/supabase,agent,agent-trailer,substantive,3,1.3333,1.6667,0.6667,66.6667,66.6667,33.3333,2582,1730,1310
supabase_supabase__48249,supabase/supabase,agent,agent-trailer,substantive,4,1,0.5000,2,50,25,100,2520,1444,2259
supabase_supabase__48269,supabase/supabase,agent,bot-author,substantive,3,1,1,1.3333,33.3333,33.3333,33.3333,2422,2352,1017
supabase_supabase__48290,supabase/supabase,human,none,substantive,3,1.3333,1.3333,1.6667,66.6667,66.6667,66.6667,1480,647,1194
supabase_supabase__48320,supabase/supabase,agent,agent-trailer,substantive,3,2,1.6667,1.3333,100,66.6667,66.6667,3713,3345,2678
