id,protocol,repo,provenance,evidence,tier,questions,coverage_real,coverage_paraphrase,coverage_synthetic,rubric_mean_real,rubric_mean_paraphrase,rubric_mean_synthetic,record_chars,synthetic_chars,changed_lines,language
apache_airflow__40457,independent,apache/airflow,human,none,empty,3,0,0,0.666667,0,0,1.3333,92,1060,,
apache_airflow__40491,independent,apache/airflow,human,none,trivial,3,0,0,0.666667,0,0,1.3333,171,969,,
apache_airflow__40558,independent,apache/airflow,human,none,substantive,4,0,0,0.75,0.25,0.5,1.75,292,804,,
apache_airflow__40802,independent,apache/airflow,human,none,trivial,4,0,0,0,0,0,0.5,68,1958,,
apache_airflow__40809,independent,apache/airflow,human,none,empty,3,0,0,0.666667,0,0.3333,1.6667,55,1336,,
apache_airflow__40854,independent,apache/airflow,human,none,empty,4,0,0,0.25,0.25,0.25,0.75,52,1237,,
apache_airflow__41200,independent,apache/airflow,human,none,empty,3,0,0,0,0.3333,0,0.3333,51,811,,
apache_airflow__41277,independent,apache/airflow,human,none,trivial,3,0,0,0.666667,0,0,1.3333,194,1170,,
apache_airflow__41296,independent,apache/airflow,human,none,trivial,4,0,0,1,0,0.25,2,78,1246,,
apache_airflow__41396,independent,apache/airflow,human,none,empty,3,0,0,0.333333,0,0,1,60,1014,,
apache_airflow__41663,independent,apache/airflow,human,none,trivial,4,0,0,0.25,0,0,1,236,1154,,
apache_airflow__41846,independent,apache/airflow,human,none,substantive,4,0,0,0.25,0,0,1,923,1682,,
apache_airflow__42474,independent,apache/airflow,human,none,substantive,3,0,0,0.666667,0.6667,0.6667,1.3333,352,1019,,
apache_airflow__42684,independent,apache/airflow,human,none,substantive,3,0,0.333333,1,0.6667,0.6667,2,266,1458,,
apache_airflow__42758,independent,apache/airflow,human,none,substantive,3,0,0,1,0.3333,0.3333,2,260,1160,,
apache_airflow__42761,independent,apache/airflow,human,none,substantive,3,0.333333,0,0.333333,1,0.3333,0.6667,795,1443,,
apache_airflow__42770,independent,apache/airflow,human,none,trivial,3,0,0,0.666667,0,0,1.3333,37,565,,
apache_airflow__42794,independent,apache/airflow,human,none,empty,3,0,0,0.333333,0,0,1,33,976,,
apache_airflow__42865,independent,apache/airflow,human,none,substantive,3,0.333333,0.333333,0,1,1,0.6667,511,1241,,
apache_airflow__43005,independent,apache/airflow,human,none,substantive,3,0.333333,0.333333,0.333333,0.6667,0.6667,0.6667,249,462,,
apache_airflow__43159,independent,apache/airflow,human,none,empty,4,0,0,0,0,0,0,22,1108,,
apache_airflow__43223,independent,apache/airflow,human,none,empty,3,0,0,0.666667,0,0,1.6667,18,1713,,
apache_airflow__43669,independent,apache/airflow,human,none,trivial,3,0,0,0.333333,0,0,1,145,1269,,
apache_airflow__44287,independent,apache/airflow,human,none,empty,4,0,0,0.25,0,0,0.5,20,845,,
apache_airflow__44433,independent,apache/airflow,agent,agent-trailer,substantive,3,0,0,0.333333,0,0,1,331,1236,,
apache_airflow__44493,independent,apache/airflow,human,none,trivial,3,0,0,0.333333,0,0,1.3333,40,1135,,
apache_airflow__44627,independent,apache/airflow,human,none,substantive,3,0,0,0.333333,0,0,0.6667,269,1117,,
apache_airflow__44704,independent,apache/airflow,human,none,trivial,3,0,0,0.666667,0,0,1.6667,134,1163,,
apache_airflow__44745,independent,apache/airflow,human,none,trivial,3,0,0,1,0,0,2,130,883,,
apache_airflow__44778,independent,apache/airflow,human,none,substantive,3,0.666667,0.333333,0.666667,1.3333,1,1.6667,521,999,,
apache_airflow__44880,independent,apache/airflow,human,none,empty,3,0,0,0.666667,0,0,1.3333,48,832,,
apache_airflow__44939,independent,apache/airflow,human,none,trivial,3,0,0,0.666667,0.3333,0.6667,1.6667,154,887,,
apache_airflow__45075,independent,apache/airflow,human,none,substantive,4,0,0,0.25,0.25,0.25,1,3867,1424,,
apache_airflow__45209,independent,apache/airflow,human,none,trivial,3,0,0,0.666667,0,0,1.3333,91,799,,
apache_airflow__45397,independent,apache/airflow,human,none,empty,4,0,0,0.5,0,0,1.25,47,1262,,
apache_airflow__45722,independent,apache/airflow,human,none,trivial,3,0,0.333333,0.666667,0.6667,1,1.3333,161,1081,,
apache_airflow__46037,independent,apache/airflow,human,none,trivial,3,0,0,0.666667,0,0,1.6667,143,1117,,
apache_airflow__46063,independent,apache/airflow,human,none,empty,3,0,0,0.333333,0,0,1,31,1130,,
apache_airflow__46073,independent,apache/airflow,human,none,empty,3,0,0,1,0.3333,0,2,35,904,,
apache_airflow__46138,independent,apache/airflow,human,none,trivial,3,0,0,0.666667,0,0.3333,1.6667,156,1555,,
apache_airflow__46142,independent,apache/airflow,human,none,empty,3,0,0,0.666667,0,0,1.6667,56,841,,
apache_airflow__46574,independent,apache/airflow,human,none,empty,3,0,0,0.333333,0,0,0.6667,42,772,,
apache_airflow__46826,independent,apache/airflow,human,none,substantive,3,0.333333,0.333333,0.333333,1.3333,1,1.3333,343,982,,
apache_airflow__46848,independent,apache/airflow,human,none,substantive,3,0.333333,0,0.666667,0.6667,0.3333,1.3333,147,752,,
apache_airflow__47124,independent,apache/airflow,human,none,substantive,3,0.333333,0.333333,0,0.6667,0.6667,0.6667,150,759,,
apache_airflow__47241,independent,apache/airflow,human,none,substantive,3,0.333333,0,0.333333,1,1,1.3333,266,1192,,
apache_airflow__48461,independent,apache/airflow,human,none,substantive,3,0,0,0.666667,0,0,1.6667,320,1236,,
apache_airflow__48941,independent,apache/airflow,human,none,empty,4,0,0.25,0.75,0.25,0.5,1.5,63,1291,,
apache_airflow__48987,independent,apache/airflow,human,none,substantive,3,0,0,0.666667,0.3333,0.3333,1.3333,394,937,,
apache_airflow__49085,independent,apache/airflow,human,none,empty,3,0,0,0,0,0,1,54,537,,
apache_airflow__49137,independent,apache/airflow,human,none,trivial,3,0,0,0,0,0,0.6667,138,1015,,
apache_airflow__49199,independent,apache/airflow,human,none,trivial,4,0,0,0,0,0,0.25,103,2472,,
apache_airflow__49610,independent,apache/airflow,human,none,trivial,3,0,0,0.333333,0.3333,0,0.6667,82,615,,
apache_airflow__49809,independent,apache/airflow,human,none,empty,3,0,0,0.666667,0.3333,0.3333,1.6667,55,1670,,
apache_airflow__50065,independent,apache/airflow,human,none,trivial,3,0,0,0,0.3333,0,0.6667,170,951,,
apache_airflow__50123,independent,apache/airflow,human,none,empty,4,0,0,0.5,0.25,0,1.5,54,1419,,
apache_airflow__50511,independent,apache/airflow,human,none,substantive,3,0,0,0,0,0,0.6667,117,634,,
apache_airflow__50532,independent,apache/airflow,human,none,empty,3,0,0,0.666667,0.3333,0.3333,1.6667,54,805,,
apache_airflow__50670,independent,apache/airflow,human,none,empty,4,0,0,0.75,0,0,1.5,49,1113,,
apache_airflow__50960,independent,apache/airflow,agent,agent-trailer,substantive,4,0.5,0.25,0,1.25,0.5,0.75,4842,1944,,
apache_airflow__51297,independent,apache/airflow,human,none,trivial,3,0,0,0.666667,0,0,1.6667,110,1052,,
apache_airflow__51404,independent,apache/airflow,human,none,empty,3,0,0,0.333333,0.3333,0,1.3333,48,1212,,
apache_airflow__51650,independent,apache/airflow,human,none,empty,3,0,0,0.333333,0,0,1,39,544,,
apache_airflow__52262,independent,apache/airflow,human,none,substantive,3,0,0,0.333333,1,0,1.3333,199,1186,,
apache_airflow__52302,independent,apache/airflow,human,none,empty,3,0,0,1,0,0,2,49,1439,,
apache_airflow__52404,independent,apache/airflow,human,none,substantive,4,0,0,0.25,0,0,0.5,264,840,,
apache_airflow__52564,independent,apache/airflow,human,none,empty,3,0,0,0.666667,0.3333,0.3333,1.6667,60,722,,
apache_airflow__52591,independent,apache/airflow,human,none,substantive,3,0.333333,0.666667,0.666667,0.6667,1.3333,1.6667,650,1438,,
apache_airflow__52737,independent,apache/airflow,human,none,empty,3,0,0,1,0,0,2,66,1684,,
apache_airflow__52800,independent,apache/airflow,human,none,empty,3,0,0,0.666667,0.3333,0.6667,1.6667,58,949,,
apache_airflow__53153,independent,apache/airflow,agent,agent-trailer,substantive,3,0,0,0,0.3333,0.3333,0.3333,783,1462,,
apache_airflow__53314,independent,apache/airflow,human,none,empty,3,0,0,0.333333,0,0.3333,1.3333,52,982,,
apache_airflow__53350,independent,apache/airflow,human,none,substantive,3,0,0,0,0,0,0,238,540,,
apache_airflow__53390,independent,apache/airflow,human,none,substantive,3,0,0,0.666667,0.6667,0.3333,1.6667,208,796,,
apache_airflow__53420,independent,apache/airflow,human,none,substantive,4,0,0,0.5,0.25,0,1.5,848,1411,,
apache_airflow__53514,independent,apache/airflow,human,none,empty,3,0,0,0.333333,0.3333,1,1,62,1259,,
apache_airflow__54487,independent,apache/airflow,human,none,substantive,3,0,0,0.333333,0.3333,0.3333,1.3333,183,872,,
apache_airflow__54679,independent,apache/airflow,human,none,substantive,4,0.5,0.5,0.75,1.5,1.5,1.75,375,1456,,
apache_airflow__54731,independent,apache/airflow,human,none,substantive,3,0,0,1,0,0,2,152,934,,
apache_airflow__55090,independent,apache/airflow,human,none,substantive,3,0,0,0,0,0,0.3333,234,510,,
apache_airflow__55114,independent,apache/airflow,human,none,empty,3,0,0,1,0,0,2,49,1458,,
apache_airflow__55118,independent,apache/airflow,human,none,empty,3,0,0,1,0,0,2,34,1232,,
apache_airflow__55486,independent,apache/airflow,human,none,empty,3,0,0,0.666667,0,0,1.3333,60,1169,,
apache_airflow__55499,independent,apache/airflow,human,none,substantive,3,0,0.333333,0.333333,0.3333,1.3333,1.3333,402,1028,,
apache_airflow__55972,independent,apache/airflow,human,none,empty,3,0,0,0,0,0,0.6667,68,1711,,
apache_airflow__56007,independent,apache/airflow,human,none,trivial,3,0,0,0,0,0,0.3333,208,999,,
apache_airflow__56077,independent,apache/airflow,human,none,trivial,3,0.333333,0.666667,0.666667,0.6667,1.3333,1.6667,135,838,,
apache_airflow__56608,independent,apache/airflow,human,none,substantive,3,0,0,0.666667,0,0,1.3333,182,714,,
apache_airflow__56692,independent,apache/airflow,human,none,empty,3,0,0,1,0.3333,0.6667,2,58,1074,,
apache_airflow__56695,independent,apache/airflow,human,none,substantive,3,0.333333,0.333333,0.666667,0.6667,0.6667,1.6667,484,1092,,
apache_airflow__56936,independent,apache/airflow,human,none,substantive,3,0,0.666667,0.333333,0.6667,1.3333,1.3333,1018,1493,,
apache_airflow__57010,independent,apache/airflow,human,none,substantive,3,0,0.333333,1,0.6667,1,2,294,1255,,
apache_airflow__57103,independent,apache/airflow,human,none,trivial,3,0,0,0.333333,0,0,1,171,1163,,
apache_airflow__57228,independent,apache/airflow,human,none,empty,3,0,0,0.333333,0,0.3333,1.3333,37,554,,
apache_airflow__57667,independent,apache/airflow,agent,agent-trailer,substantive,3,0.333333,0.333333,0.333333,0.6667,0.6667,1,750,468,,
apache_airflow__57741,independent,apache/airflow,agent,agent-trailer,substantive,3,0,0,0.666667,0.6667,0,1.3333,907,1415,,
apache_airflow__58292,independent,apache/airflow,human,none,substantive,3,0,0,0.333333,0.3333,0,1.3333,1144,935,,
apache_airflow__58733,independent,apache/airflow,human,none,empty,4,0.25,0,0.5,1.25,1,1.25,74,921,,
apache_airflow__58838,independent,apache/airflow,agent,agent-trailer,trivial,3,0,0,0.666667,0.3333,0,1.6667,164,848,,
apache_airflow__58888,independent,apache/airflow,human,none,trivial,3,0,0,0.333333,0,0,1.3333,193,1426,,
apache_airflow__59507,independent,apache/airflow,human,none,substantive,3,1,1,1,2,2,2,1524,831,,
apache_airflow__59804,independent,apache/airflow,human,none,empty,4,0,0,1,0,0,2,44,1210,,
apache_airflow__59805,independent,apache/airflow,agent,agent-trailer,substantive,4,0.75,0.75,0.5,1.75,1.5,1.25,2657,2098,,
apache_airflow__60146,independent,apache/airflow,human,none,empty,3,0,0,1,0,0,2,67,1107,,
apache_airflow__60440,independent,apache/airflow,agent,agent-trailer,substantive,3,0,0,0.666667,0.3333,0.3333,1.6667,419,1430,,
apache_airflow__60545,independent,apache/airflow,human,none,substantive,3,0.333333,0.333333,0.666667,1,1.3333,1.3333,277,1191,,
apache_airflow__60633,independent,apache/airflow,human,none,empty,3,0,0,0,0,0,0,51,972,,
apache_airflow__60647,independent,apache/airflow,human,none,empty,3,0,0,0.333333,0,0,0.6667,71,901,,
apache_airflow__60676,independent,apache/airflow,human,none,empty,3,0,0,0.333333,0,0.3333,1.3333,66,864,,
apache_airflow__60735,independent,apache/airflow,human,none,empty,3,0,0,1,0,0,2,45,940,,
apache_airflow__61560,independent,apache/airflow,agent,agent-trailer,substantive,3,1,1,0.666667,2,2,1.6667,697,791,,
apache_airflow__61706,independent,apache/airflow,human,none,empty,3,0,0,0.333333,0,0,1,50,695,,
apache_airflow__61854,independent,apache/airflow,agent,agent-trailer,substantive,3,1,0.666667,0.666667,2,1.6667,1.6667,747,1108,,
apache_airflow__61861,independent,apache/airflow,human,none,empty,3,0,0,0.333333,0,0,1.3333,51,1045,,
apache_airflow__62401,independent,apache/airflow,human,none,substantive,3,0,0,1,0.6667,0.3333,2,375,1849,,
apache_airflow__62509,independent,apache/airflow,human,none,empty,3,0,0,1,1,1,2,55,1620,,
apache_airflow__62570,independent,apache/airflow,agent,agent-trailer,substantive,3,0.333333,0.666667,0.666667,1.3333,1.6667,1.3333,648,1144,,
apache_airflow__62580,independent,apache/airflow,agent,agent-trailer,substantive,3,0.333333,0.333333,0.666667,1,1,1.6667,679,1210,,
apache_airflow__62627,independent,apache/airflow,human,none,empty,4,0,0,0,0,0,0.75,63,911,,
apache_airflow__62657,independent,apache/airflow,agent,agent-trailer,substantive,3,0.333333,0.333333,0.666667,0.6667,0.6667,1.3333,1072,1539,,
apache_airflow__62662,independent,apache/airflow,agent,agent-trailer,substantive,3,0.666667,0.333333,0.666667,1.3333,1,1.6667,633,692,,
apache_airflow__62665,independent,apache/airflow,agent,agent-trailer,substantive,3,0.666667,0.666667,1,1.3333,1.3333,2,753,813,,
apache_airflow__62682,independent,apache/airflow,agent,agent-trailer,substantive,4,0,0,0,0,0,0.5,1169,1718,,
apache_airflow__62702,independent,apache/airflow,agent,agent-trailer,trivial,3,0,0,0.666667,0,0,1.3333,91,1294,,
apache_airflow__62723,independent,apache/airflow,agent,agent-trailer,substantive,3,1,1,0.333333,2,2,0.6667,584,896,,
apache_airflow__62737,independent,apache/airflow,human,none,substantive,3,0,0,1,1,1,2,575,1022,,
apache_airflow__62742,independent,apache/airflow,agent,agent-trailer,empty,3,0,0,0.666667,0,0,1.6667,79,744,,
apache_airflow__62755,independent,apache/airflow,agent,agent-trailer,substantive,3,0,0,0.333333,0.3333,0.3333,1.3333,548,1141,,
apache_airflow__62820,independent,apache/airflow,agent,agent-trailer,empty,4,0.25,0,0,1,0.5,0.5,73,1766,,
apache_airflow__62831,independent,apache/airflow,agent,agent-trailer,substantive,4,0.75,0.5,0.75,1.75,1.25,1.75,1089,1196,,
apache_airflow__62835,independent,apache/airflow,agent,agent-trailer,substantive,3,0,0.333333,0.333333,0.6667,1,1,753,798,,
apache_airflow__62907,independent,apache/airflow,agent,agent-trailer,substantive,3,0,0,0.333333,0.6667,0.3333,1.3333,299,1056,,
apache_airflow__62983,independent,apache/airflow,agent,agent-trailer,substantive,3,0.666667,0.666667,1,1.6667,1.6667,2,1206,1448,,
apache_airflow__63016,independent,apache/airflow,human,none,trivial,4,0,0,0,0,0,0.75,115,1072,,
apache_airflow__63048,independent,apache/airflow,agent,agent-trailer,substantive,3,0.666667,0.666667,1,1.3333,1.3333,2,589,721,,
apache_airflow__63210,independent,apache/airflow,human,none,substantive,3,0,0,1,0,0,2,219,847,,
apache_airflow__63300,independent,apache/airflow,agent,agent-trailer,substantive,3,0,0,0.333333,0.3333,0,1.3333,930,1440,,
apache_airflow__63315,independent,apache/airflow,agent,agent-trailer,substantive,4,0.25,0,0.75,0.75,0,1.75,509,1522,,
apache_airflow__63317,independent,apache/airflow,agent,agent-trailer,substantive,3,0.666667,0.666667,0.666667,1.6667,1.6667,1.3333,329,1081,,
apache_airflow__63319,independent,apache/airflow,agent,agent-trailer,substantive,3,0.333333,0.666667,1,1,1.3333,2,531,1870,,
apache_airflow__63320,independent,apache/airflow,agent,agent-trailer,substantive,3,0.666667,0.666667,0.666667,1.3333,1.3333,1.3333,285,811,,
apache_airflow__63347,independent,apache/airflow,agent,agent-trailer,substantive,3,0,0,0.333333,0.3333,0.3333,0.6667,435,1610,,
apache_airflow__63387,independent,apache/airflow,human,none,trivial,3,0,0,1,0,0,2,75,982,,
apache_airflow__63422,independent,apache/airflow,agent,agent-trailer,empty,4,0,0,0.75,0,0,1.5,71,1361,,
apache_airflow__63440,independent,apache/airflow,agent,agent-trailer,substantive,3,0.666667,0.333333,1,1.3333,1,2,1531,2118,,
apache_airflow__63475,independent,apache/airflow,agent,agent-trailer,empty,3,0.333333,0,1,0.6667,0.3333,2,102,1575,,
apache_airflow__63476,independent,apache/airflow,agent,agent-trailer,substantive,3,0.666667,1,0.666667,1.6667,2,1.6667,776,1047,,
apache_airflow__63520,independent,apache/airflow,agent,agent-trailer,substantive,3,0.666667,1,0,1.3333,2,0.6667,5168,1453,,
apache_airflow__63531,independent,apache/airflow,human,none,empty,3,0,0,0.333333,0.3333,0.3333,0.6667,52,799,,
apache_airflow__63561,independent,apache/airflow,agent,agent-trailer,substantive,4,0,0,0,0,0,0,967,1679,,
apache_airflow__63598,independent,apache/airflow,agent,agent-trailer,substantive,4,0.25,0.25,0.25,0.5,0.5,0.5,1656,2383,,
apache_airflow__63606,independent,apache/airflow,agent,agent-trailer,substantive,3,1,1,1,2,2,2,359,905,,
apache_airflow__63901,independent,apache/airflow,agent,agent-trailer,substantive,3,0,0.333333,0.666667,0.3333,0.6667,1.3333,747,1431,,
apache_airflow__64164,independent,apache/airflow,agent,agent-trailer,substantive,3,0,0,0.666667,0.3333,0,1.6667,323,614,,
apache_airflow__64189,independent,apache/airflow,agent,agent-trailer,substantive,3,0,0,0.666667,1,0.6667,1.6667,961,942,,
apache_airflow__64246,independent,apache/airflow,human,none,trivial,3,0,0,0.666667,0.3333,0,1.3333,119,644,,
apache_airflow__64285,independent,apache/airflow,human,none,substantive,3,0.666667,0.666667,1,1.3333,1.3333,2,706,1068,,
apache_airflow__64384,independent,apache/airflow,agent,agent-trailer,substantive,3,0.666667,0.333333,1,1.6667,1.3333,2,540,970,,
apache_airflow__64425,independent,apache/airflow,human,none,empty,3,0,0,0,0,0,0,66,1226,,
apache_airflow__64471,independent,apache/airflow,human,none,trivial,3,0,0,1,0.3333,0,2,161,1122,,
apache_airflow__64725,independent,apache/airflow,human,none,substantive,4,0.5,0.5,0.5,1,1,1.5,505,1648,,
apache_airflow__64804,independent,apache/airflow,agent,agent-trailer,substantive,3,0.666667,0.333333,0.666667,1.3333,1.3333,1.3333,670,901,,
apache_airflow__64994,independent,apache/airflow,agent,agent-trailer,substantive,3,0,0,0.333333,0,0.3333,1.3333,525,1066,,
apache_airflow__65161,independent,apache/airflow,human,none,substantive,3,0,0,1,0.3333,0.6667,2,276,828,,
apache_airflow__65422,independent,apache/airflow,agent,agent-trailer,substantive,3,1,1,1,2,2,2,1354,837,,
apache_airflow__65493,independent,apache/airflow,human,none,empty,3,0,0,1,0,0,2,47,1300,,
apache_airflow__65550,independent,apache/airflow,human,none,substantive,3,0.333333,0,0.666667,1.3333,0.6667,1.6667,543,1190,,
apache_airflow__65690,independent,apache/airflow,human,none,empty,3,0,0,0.666667,0,0,1.6667,56,1281,,
apache_airflow__65852,independent,apache/airflow,agent,agent-trailer,substantive,3,0.333333,0.666667,0.666667,1,1.6667,1.3333,798,1209,,
apache_airflow__66013,independent,apache/airflow,agent,agent-trailer,substantive,4,0,0.25,0.25,0.5,1,1,2205,1519,,
apache_airflow__66186,independent,apache/airflow,human,none,empty,3,0,0,0.333333,0,0,1.3333,49,1035,,
apache_airflow__66198,independent,apache/airflow,agent,agent-trailer,substantive,3,1,1,1,2,2,2,1118,1088,,
apache_airflow__66433,independent,apache/airflow,agent,agent-trailer,substantive,3,1,0.333333,0.333333,2,1.3333,1.3333,1315,970,,
apache_airflow__66571,independent,apache/airflow,human,none,substantive,4,0.75,0.75,0.5,1.5,1.5,1.25,1335,980,,
apache_airflow__66699,independent,apache/airflow,human,none,empty,3,0,0,0,0,0,0.6667,73,1627,,
apache_airflow__66808,independent,apache/airflow,human,none,substantive,3,0.333333,0.333333,0.666667,0.6667,0.6667,1.3333,456,781,,
apache_airflow__67065,independent,apache/airflow,human,none,substantive,3,1,1,0.666667,2,2,1.3333,1127,1495,,
apache_airflow__67076,independent,apache/airflow,agent,agent-trailer,substantive,4,1,0.75,1,2,1.75,2,774,1396,,
apache_airflow__67112,independent,apache/airflow,human,none,substantive,3,0.666667,0.666667,0.666667,1.6667,1.6667,1.3333,532,1295,,
apache_airflow__67214,independent,apache/airflow,human,none,empty,3,0,0,0,0,0,0.3333,65,1495,,
apache_airflow__67229,independent,apache/airflow,agent,agent-trailer,substantive,3,1,1,1,2,2,2,1246,1435,,
apache_airflow__67237,independent,apache/airflow,human,none,trivial,3,0,0,1,0,0.3333,2,202,946,,
apache_airflow__67242,independent,apache/airflow,human,none,substantive,3,0.333333,0.333333,0.333333,0.6667,0.6667,1.3333,1195,1448,,
apache_airflow__67297,independent,apache/airflow,agent,agent-trailer,substantive,3,0.666667,0.666667,0.666667,1.3333,1.3333,1.6667,782,979,,
apache_airflow__67317,independent,apache/airflow,human,none,substantive,3,0.666667,0.666667,0.666667,1.6667,1.6667,1.6667,4843,1521,,
apache_airflow__67333,independent,apache/airflow,agent,agent-trailer,substantive,3,1,1,1,2,2,2,4664,1821,,
apache_airflow__67389,independent,apache/airflow,human,none,substantive,3,0.333333,0.666667,0,0.6667,1.3333,1,1414,1241,,
apache_airflow__67662,independent,apache/airflow,agent,agent-trailer,substantive,3,1,0.666667,1,2,1.6667,2,1247,1414,,
apache_airflow__67667,independent,apache/airflow,human,none,substantive,3,1,1,1,2,2,2,859,1385,,
apache_airflow__67681,independent,apache/airflow,human,none,trivial,3,0,0,0,0,0,0,93,683,,
apache_airflow__68049,independent,apache/airflow,human,none,substantive,4,0.75,0.5,1,1.5,1.25,2,535,1216,,
apache_airflow__68059,independent,apache/airflow,agent,agent-trailer,substantive,4,0.5,0.75,0.5,1,1.5,1,808,1293,,
apache_airflow__68109,independent,apache/airflow,agent,agent-trailer,substantive,3,0.666667,0.666667,0.333333,1.3333,1.3333,1.3333,529,1040,,
apache_airflow__68133,independent,apache/airflow,human,none,empty,4,0,0,0.75,0,0.25,1.5,56,1679,,
apache_airflow__68283,independent,apache/airflow,human,none,substantive,4,0.25,0,0,0.75,0.5,0.75,468,1435,,
apache_airflow__68336,independent,apache/airflow,agent,agent-trailer,substantive,3,1,1,1,2,2,2,818,1334,,
apache_airflow__68368,independent,apache/airflow,agent,agent-trailer,substantive,3,1,1,0.666667,2,2,1.6667,827,1467,,
apache_airflow__68385,independent,apache/airflow,agent,agent-trailer,substantive,3,0,0,0,0,0,0,275,1143,,
apache_airflow__68492,independent,apache/airflow,human,none,substantive,3,0.666667,0.666667,0.333333,1.3333,1.3333,1.3333,1218,1443,,
apache_airflow__68497,independent,apache/airflow,agent,agent-trailer,trivial,3,0,0,0.666667,0.6667,1,1.3333,179,1652,,
apache_airflow__68506,independent,apache/airflow,human,none,substantive,3,0.333333,0.333333,1,1.3333,1.3333,2,438,1218,,
apache_airflow__68591,independent,apache/airflow,agent,agent-trailer,substantive,3,1,1,1,2,2,2,3400,2035,,
apache_airflow__68616,independent,apache/airflow,agent,agent-trailer,substantive,3,0,0,0.333333,0,0,1,483,1255,,
apache_airflow__68671,independent,apache/airflow,human,none,trivial,3,0,0,1,0,0,2,114,1875,,
apache_airflow__68702,independent,apache/airflow,human,none,substantive,4,0.5,0.25,0.25,1.25,0.75,1,3892,1633,,
apache_airflow__68743,independent,apache/airflow,agent,agent-trailer,substantive,3,0,0,0,0,0,0,536,1261,,
apache_airflow__68882,independent,apache/airflow,agent,agent-trailer,substantive,3,0.666667,0.666667,0.333333,1.6667,1.3333,1.3333,1734,1571,,
apache_airflow__68916,independent,apache/airflow,human,none,substantive,4,0.75,0.5,1,1.5,1.25,2,875,1235,,
apache_airflow__69283,independent,apache/airflow,agent,agent-trailer,substantive,3,1,0.666667,1,2,1.3333,2,1330,1601,,
apache_airflow__69307,independent,apache/airflow,human,none,substantive,3,1,0.666667,0.666667,2,1.6667,1.6667,1386,1045,,
apache_airflow__69328,independent,apache/airflow,human,none,substantive,3,0.333333,0,0.333333,0.6667,0.3333,1,645,1262,,
apache_airflow__69772,independent,apache/airflow,agent,agent-trailer,substantive,4,0,0,0,0.25,0.25,1,643,1401,,
apache_airflow__69780,independent,apache/airflow,agent,agent-trailer,substantive,3,1,0.666667,0.333333,2,1.3333,1,1077,925,,
apache_airflow__69830,independent,apache/airflow,agent,agent-trailer,trivial,3,0,0,1,0.3333,0.6667,2,155,1099,,
apache_airflow__70007,independent,apache/airflow,agent,agent-trailer,substantive,3,0,0.333333,0.666667,0.6667,0.6667,1.3333,56283,1570,,
apache_airflow__70432,independent,apache/airflow,human,none,empty,3,0,0,1,0.3333,0,2,78,1010,,
apache_airflow__70650,independent,apache/airflow,human,none,substantive,3,1,0.666667,0.666667,2,1.3333,1.3333,976,2076,,
grafana_grafana__100478,independent,grafana/grafana,human,none,empty,3,0,0,0.666667,1,1,1.6667,59,850,,
grafana_grafana__100884,independent,grafana/grafana,human,none,substantive,3,0.333333,0.333333,0,1,1,0.6667,3380,2106,,
grafana_grafana__101180,independent,grafana/grafana,human,none,substantive,4,0.5,0.25,0.25,1.25,0.75,0.75,1182,1667,,
grafana_grafana__101215,independent,grafana/grafana,human,none,substantive,3,0,0,0.333333,0,0,1,188,790,,
grafana_grafana__101428,independent,grafana/grafana,human,none,trivial,4,0.25,0.25,0.5,0.75,0.75,1.5,172,868,,
grafana_grafana__101449,independent,grafana/grafana,human,none,substantive,3,0,0,0.666667,0.6667,0.6667,1.3333,250,1905,,
grafana_grafana__101504,independent,grafana/grafana,human,none,trivial,3,0,0,1,0.6667,1,2,140,564,,
grafana_grafana__101703,independent,grafana/grafana,human,none,substantive,3,0,0,0,0.3333,0.3333,0.6667,396,1223,,
grafana_grafana__101753,independent,grafana/grafana,human,none,empty,3,0,0,0.666667,0,0,1.6667,77,1591,,
grafana_grafana__101860,independent,grafana/grafana,human,none,trivial,3,0,0,1,0.3333,0,2,99,1445,,
grafana_grafana__102232,independent,grafana/grafana,human,none,substantive,3,0.333333,0.333333,0.333333,1.3333,0.6667,1.3333,307,820,,
grafana_grafana__102233,independent,grafana/grafana,human,none,empty,3,0,0,0.666667,0,0,1.6667,31,1639,,
grafana_grafana__102325,independent,grafana/grafana,human,none,substantive,3,1,0.666667,0.666667,2,1.3333,1.6667,1186,908,,
grafana_grafana__102331,independent,grafana/grafana,human,none,empty,3,0,0,1,0,0,2,72,1149,,
grafana_grafana__102359,independent,grafana/grafana,human,none,substantive,4,0.25,0.5,0.25,0.75,1.25,1,2324,1919,,
grafana_grafana__102444,independent,grafana/grafana,human,none,empty,3,0,0,0,0,0,0.6667,39,1273,,
grafana_grafana__102556,independent,grafana/grafana,human,none,substantive,3,0,0,0.666667,0.3333,0.3333,1.6667,149,1749,,
grafana_grafana__102571,independent,grafana/grafana,human,none,substantive,3,0.333333,0,1,1.3333,1,2,458,1535,,
grafana_grafana__102905,independent,grafana/grafana,human,none,substantive,3,0,0,0.666667,1,0.6667,1.6667,208,1573,,
grafana_grafana__103173,independent,grafana/grafana,human,none,trivial,3,0,0,0.333333,0,0,0.6667,98,714,,
grafana_grafana__103428,independent,grafana/grafana,human,none,trivial,2,0,0,0.5,0,0,1.5,85,799,,
grafana_grafana__103473,independent,grafana/grafana,human,none,empty,3,0,0,0.666667,0.3333,0.6667,1.6667,54,760,,
grafana_grafana__103518,independent,grafana/grafana,human,none,empty,3,0,0,0,0,0.3333,0.3333,83,1091,,
grafana_grafana__103739,independent,grafana/grafana,human,none,trivial,3,0,0,0,0,0,1,115,867,,
grafana_grafana__104158,independent,grafana/grafana,human,none,empty,3,0,0,0.666667,0.6667,1,1.6667,66,1177,,
grafana_grafana__104252,independent,grafana/grafana,human,none,substantive,4,0.25,0,0,0.5,0.25,0.5,768,1620,,
grafana_grafana__104611,independent,grafana/grafana,human,none,substantive,4,0,0,0.5,0.25,0.5,1.5,808,1768,,
grafana_grafana__104778,independent,grafana/grafana,human,none,trivial,3,0,0,0.333333,0.3333,0.3333,0.6667,191,952,,
grafana_grafana__104891,independent,grafana/grafana,human,none,trivial,3,0,0,0.666667,0.6667,0.3333,1.6667,139,783,,
grafana_grafana__105006,independent,grafana/grafana,human,none,empty,3,0,0,0,0,0,0.3333,41,1907,,
grafana_grafana__105011,independent,grafana/grafana,human,none,substantive,3,0,0,0.666667,1,0.3333,1.3333,265,871,,
grafana_grafana__105280,independent,grafana/grafana,human,none,substantive,4,0,0,0.5,0.25,0.25,1.25,203,964,,
grafana_grafana__105383,independent,grafana/grafana,human,none,empty,3,0,0,0.333333,0.6667,0.6667,1.3333,55,1385,,
grafana_grafana__105478,independent,grafana/grafana,human,none,substantive,3,0,0,0.666667,0.3333,0,1.6667,551,1322,,
grafana_grafana__105542,independent,grafana/grafana,human,none,substantive,3,0,0,0.333333,0,0.3333,1,769,1573,,
grafana_grafana__105543,independent,grafana/grafana,human,none,empty,3,0,0,1,0.3333,0.3333,2,48,1407,,
grafana_grafana__105598,independent,grafana/grafana,human,none,substantive,3,0,0,0.666667,0.3333,0.3333,1.6667,199,1441,,
grafana_grafana__105639,independent,grafana/grafana,human,none,empty,4,0,0,0.5,0,0,1.25,43,1647,,
grafana_grafana__105718,independent,grafana/grafana,human,none,empty,3,0,0,0.666667,0,0,1.6667,36,661,,
grafana_grafana__105860,independent,grafana/grafana,human,none,empty,3,0,0,0.666667,0.3333,0.3333,1.3333,35,1738,,
grafana_grafana__106299,independent,grafana/grafana,human,none,substantive,3,0,0,1,0.3333,0.3333,2,426,1239,,
grafana_grafana__106338,independent,grafana/grafana,human,none,substantive,3,0.333333,0.333333,0.666667,0.6667,1,1.3333,442,759,,
grafana_grafana__106365,independent,grafana/grafana,human,none,empty,3,0,0,0.666667,0.3333,0.6667,1.6667,63,786,,
grafana_grafana__106604,independent,grafana/grafana,human,none,substantive,4,0.5,0.25,1,1,0.75,2,392,1207,,
grafana_grafana__106761,independent,grafana/grafana,human,none,trivial,3,0,0,0,0.3333,0.3333,1,186,1062,,
grafana_grafana__106846,independent,grafana/grafana,human,none,empty,4,0,0,0.5,0,0,1.25,54,1244,,
grafana_grafana__107047,independent,grafana/grafana,human,none,trivial,3,0,0,0.666667,0,0,1.6667,60,1130,,
grafana_grafana__107193,independent,grafana/grafana,human,none,trivial,3,0,0,1,0.3333,0.6667,2,119,617,,
grafana_grafana__107592,independent,grafana/grafana,human,none,substantive,3,0.333333,0.333333,1,0.6667,0.6667,2,165,1124,,
grafana_grafana__107667,independent,grafana/grafana,human,none,substantive,3,0,0,0.333333,0.3333,0,1,524,2103,,
grafana_grafana__107808,independent,grafana/grafana,human,none,substantive,3,0,0,0.666667,0.6667,0.6667,1.6667,442,1548,,
grafana_grafana__107953,independent,grafana/grafana,human,none,substantive,3,0,0,1,0.6667,0.3333,2,609,1005,,
grafana_grafana__108090,independent,grafana/grafana,human,none,empty,3,0,0,0.666667,0,0,1.6667,44,1430,,
grafana_grafana__108134,independent,grafana/grafana,human,none,substantive,4,0,0,0.5,0,0,1.25,395,1846,,
grafana_grafana__108144,independent,grafana/grafana,agent,agent-trailer,substantive,3,0,0,1,1,1,2,259,1281,,
grafana_grafana__108186,independent,grafana/grafana,human,none,trivial,3,0,0,1,1,0.6667,2,156,825,,
grafana_grafana__108444,independent,grafana/grafana,human,none,substantive,3,0,0,0.333333,0.6667,0.6667,1.3333,191,1018,,
grafana_grafana__108577,independent,grafana/grafana,human,none,empty,3,0,0,0.666667,0,0,1.6667,35,1287,,
grafana_grafana__108612,independent,grafana/grafana,human,none,substantive,3,0,0,0,0,0,0,238,873,,
grafana_grafana__109033,independent,grafana/grafana,human,none,trivial,3,0,0,0.666667,0,0,1.3333,103,1108,,
grafana_grafana__109249,independent,grafana/grafana,human,none,empty,3,0,0,0.666667,0,0.3333,1.3333,40,2105,,
grafana_grafana__109347,independent,grafana/grafana,human,none,trivial,3,0,0,0.666667,0,0.3333,1.6667,164,1032,,
grafana_grafana__109490,independent,grafana/grafana,human,none,trivial,3,0,0,1,0,0,2,197,1212,,
grafana_grafana__109622,independent,grafana/grafana,human,none,trivial,3,0,0,0.333333,0,0,1,136,720,,
grafana_grafana__109883,independent,grafana/grafana,human,none,empty,3,0,0,0.333333,0.3333,0.3333,0.6667,80,349,,
grafana_grafana__110226,independent,grafana/grafana,human,none,trivial,3,0,0,0,0.3333,0,0.3333,168,854,,
grafana_grafana__110299,independent,grafana/grafana,human,none,substantive,3,0.333333,0.333333,0.666667,1,0.6667,1.6667,235,1782,,
grafana_grafana__110451,independent,grafana/grafana,human,none,empty,3,0,0,0.333333,0,0,1,32,703,,
grafana_grafana__110648,independent,grafana/grafana,human,none,substantive,3,0,0.333333,0.333333,1,1.3333,1,410,1303,,
grafana_grafana__110666,independent,grafana/grafana,agent,agent-trailer,substantive,3,0,0.333333,1,0.6667,0.6667,2,1291,1353,,
grafana_grafana__110750,independent,grafana/grafana,human,none,trivial,3,0,0,0.666667,0.3333,0,1.3333,127,915,,
grafana_grafana__111016,independent,grafana/grafana,human,none,trivial,3,0,0.333333,1,0.3333,1.3333,2,114,649,,
grafana_grafana__111021,independent,grafana/grafana,human,none,empty,3,0,0,1,0,0.6667,2,49,1059,,
grafana_grafana__111132,independent,grafana/grafana,human,none,empty,3,0,0,0,0,0,0.3333,75,838,,
grafana_grafana__111481,independent,grafana/grafana,human,none,empty,3,0,0,0.333333,0,0.3333,1,58,1339,,
grafana_grafana__111502,independent,grafana/grafana,human,none,trivial,4,0,0,0.5,0.25,0.25,1.25,165,758,,
grafana_grafana__111842,independent,grafana/grafana,human,none,trivial,3,0,0,1,0.3333,1,2,97,1002,,
grafana_grafana__112027,independent,grafana/grafana,human,none,trivial,2,0,0,0,0,0,0,85,713,,
grafana_grafana__112170,independent,grafana/grafana,human,none,trivial,3,0,0,1,0,0,2,123,1221,,
grafana_grafana__112212,independent,grafana/grafana,human,none,trivial,3,0,0,0.333333,0.6667,0.3333,0.6667,140,492,,
grafana_grafana__112391,independent,grafana/grafana,human,none,substantive,3,0,0,1,0.3333,0.6667,2,880,1476,,
grafana_grafana__112580,independent,grafana/grafana,human,none,trivial,3,0,0,0.333333,0.6667,0.6667,1,130,959,,
grafana_grafana__112862,independent,grafana/grafana,human,none,trivial,3,0.333333,0.333333,0.666667,1,1,1.3333,108,677,,
grafana_grafana__113216,independent,grafana/grafana,human,none,trivial,3,0,0,1,0.3333,0.6667,2,138,706,,
grafana_grafana__113254,independent,grafana/grafana,human,none,empty,3,0,0,0.666667,0,0,1.3333,68,1662,,
grafana_grafana__113297,independent,grafana/grafana,agent,agent-trailer,substantive,3,0.333333,0.333333,0,1,1.3333,1,2332,1876,,
grafana_grafana__113442,independent,grafana/grafana,human,none,trivial,3,0.333333,0,1,1,0.6667,2,191,876,,
grafana_grafana__113454,independent,grafana/grafana,agent,agent-trailer,substantive,3,0.333333,0.666667,1,1,1.3333,2,2680,2180,,
grafana_grafana__113492,independent,grafana/grafana,human,none,trivial,3,0,0,0.333333,0,0,0.6667,54,955,,
grafana_grafana__114137,independent,grafana/grafana,human,none,empty,3,0,0,0.333333,0,0,1,51,902,,
grafana_grafana__114190,independent,grafana/grafana,human,none,substantive,3,0.333333,0.333333,1,1,1,2,404,1286,,
grafana_grafana__114203,independent,grafana/grafana,human,none,substantive,3,0,0,0.333333,1,1,1.3333,383,1662,,
grafana_grafana__114273,independent,grafana/grafana,human,none,trivial,3,0,0,0,0,1,0.3333,108,967,,
grafana_grafana__114403,independent,grafana/grafana,human,none,trivial,3,0,0,1,1,1,2,124,975,,
grafana_grafana__114470,independent,grafana/grafana,human,none,substantive,3,0,0,0.333333,0,0,1,176,1507,,
grafana_grafana__114869,independent,grafana/grafana,human,none,empty,3,0,0,0.666667,0,0,1.6667,33,1126,,
grafana_grafana__115329,independent,grafana/grafana,agent,agent-trailer,substantive,4,0.5,1,1,1.25,2,2,986,1827,,
grafana_grafana__115337,independent,grafana/grafana,agent,agent-trailer,substantive,3,0.666667,0.333333,0.333333,1.6667,1.3333,1.3333,16197,1838,,
grafana_grafana__115382,independent,grafana/grafana,human,none,empty,4,0,0,0.5,0,0,1.5,64,1027,,
grafana_grafana__115471,independent,grafana/grafana,human,none,substantive,3,0,0,0.333333,0.3333,0,1,214,2009,,
grafana_grafana__115595,independent,grafana/grafana,human,none,empty,3,0,0,0.333333,0,0,1.3333,56,1840,,
grafana_grafana__115627,independent,grafana/grafana,agent,agent-trailer,substantive,3,0,0,0.333333,0.3333,0.3333,1.3333,385,1442,,
grafana_grafana__115746,independent,grafana/grafana,human,none,substantive,3,0,0,0,0,0,0.3333,969,1196,,
grafana_grafana__115895,independent,grafana/grafana,human,none,substantive,3,0,0,0,0,0,0.3333,342,841,,
grafana_grafana__116050,independent,grafana/grafana,human,none,empty,3,0,0,1,0,0,2,46,1539,,
grafana_grafana__116063,independent,grafana/grafana,agent,agent-trailer,substantive,4,0,0,0.75,0.5,0.75,1.5,1048,1820,,
grafana_grafana__116104,independent,grafana/grafana,human,none,substantive,3,0,0,0.666667,0.3333,0.3333,1.6667,571,1510,,
grafana_grafana__116256,independent,grafana/grafana,human,none,empty,3,0,0,0.666667,0,0,1.3333,53,977,,
grafana_grafana__116313,independent,grafana/grafana,human,none,empty,3,0,0,0.333333,0.3333,0,1,62,678,,
grafana_grafana__116542,independent,grafana/grafana,human,none,trivial,3,0,0,1,0,0,2,115,1111,,
grafana_grafana__116551,independent,grafana/grafana,human,none,empty,3,0,0,1,0,0,2,47,1336,,
grafana_grafana__116555,independent,grafana/grafana,human,none,substantive,3,0.333333,0,0.666667,1,1,1.6667,641,1338,,
grafana_grafana__116668,independent,grafana/grafana,human,none,substantive,4,0.75,0.75,1,1.75,1.5,2,3061,1960,,
grafana_grafana__116708,independent,grafana/grafana,agent,agent-trailer,substantive,4,0.75,0.5,0.5,1.75,1.5,1.5,676,1294,,
grafana_grafana__116718,independent,grafana/grafana,agent,agent-trailer,substantive,3,0.333333,0.333333,0,1.3333,1.3333,0.6667,3279,1320,,
grafana_grafana__116720,independent,grafana/grafana,agent,agent-trailer,substantive,3,0.666667,0.666667,0.666667,1.6667,1.6667,1.6667,6144,1938,,
grafana_grafana__116862,independent,grafana/grafana,agent,agent-trailer,substantive,4,0.5,0,0,1,0,0.5,1665,987,,
grafana_grafana__117215,independent,grafana/grafana,human,none,trivial,3,0,0,1,0.6667,1,2,129,1676,,
grafana_grafana__117217,independent,grafana/grafana,human,none,substantive,3,0.333333,0,0.666667,0.6667,0.3333,1.6667,475,958,,
grafana_grafana__117320,independent,grafana/grafana,agent,agent-trailer,substantive,3,0.666667,0.666667,0.333333,1.3333,1.3333,1.3333,868,850,,
grafana_grafana__117483,independent,grafana/grafana,agent,agent-trailer,substantive,3,1,1,1,2,2,2,4120,1805,,
grafana_grafana__117507,independent,grafana/grafana,human,none,trivial,3,0,0,0.666667,0.3333,0.3333,1.6667,131,834,,
grafana_grafana__117582,independent,grafana/grafana,human,none,empty,3,0,0,0.333333,0,0,1.3333,55,838,,
grafana_grafana__117635,independent,grafana/grafana,human,none,trivial,2,0,0,0,0,0,0,85,449,,
grafana_grafana__117655,independent,grafana/grafana,human,none,empty,3,0,0,0.333333,0,0,1.3333,42,2290,,
grafana_grafana__117850,independent,grafana/grafana,human,none,substantive,3,0,0,0.666667,0.3333,0,1.6667,686,1438,,
grafana_grafana__117882,independent,grafana/grafana,agent,agent-trailer,substantive,4,0.25,0.75,0.5,0.5,1.5,1.5,1092,1309,,
grafana_grafana__117889,independent,grafana/grafana,agent,agent-trailer,trivial,3,0,0,1,0,0,2,291,1740,,
grafana_grafana__117897,independent,grafana/grafana,human,none,trivial,3,0,0,0.666667,0,0.3333,1.3333,92,763,,
grafana_grafana__118013,independent,grafana/grafana,agent,agent-trailer,substantive,3,0,0,0.333333,0.6667,1,1,520,1392,,
grafana_grafana__118017,independent,grafana/grafana,human,none,trivial,3,0,0,1,0.3333,0,2,118,921,,
grafana_grafana__118080,independent,grafana/grafana,human,none,empty,3,0,0,1,0,0.6667,2,41,543,,
grafana_grafana__118084,independent,grafana/grafana,human,none,trivial,3,0.333333,0,1,1.3333,1,2,169,1660,,
grafana_grafana__118224,independent,grafana/grafana,agent,agent-trailer,substantive,3,0,0,0.333333,0.3333,0.3333,0.6667,254,812,,
grafana_grafana__118231,independent,grafana/grafana,agent,agent-trailer,substantive,3,0.333333,0,0,1,0.6667,1,290,693,,
grafana_grafana__118283,independent,grafana/grafana,agent,agent-trailer,substantive,3,0.333333,0.333333,0.666667,1.3333,1,1.6667,857,597,,
grafana_grafana__118320,independent,grafana/grafana,agent,agent-trailer,substantive,3,0,0,0.666667,0.6667,0.6667,1.6667,615,1291,,
grafana_grafana__118371,independent,grafana/grafana,human,none,empty,3,0,0,0.333333,0,0,0.6667,61,1350,,
grafana_grafana__118443,independent,grafana/grafana,agent,agent-trailer,substantive,3,0.666667,0.666667,0.666667,1.3333,1.3333,1.6667,407,909,,
grafana_grafana__118528,independent,grafana/grafana,agent,agent-trailer,substantive,3,0.666667,0.666667,0,1.3333,1.3333,0.3333,2712,1021,,
grafana_grafana__118535,independent,grafana/grafana,agent,agent-trailer,substantive,3,0.666667,0.333333,0.666667,1.3333,1,1.6667,2529,1712,,
grafana_grafana__118559,independent,grafana/grafana,agent,agent-trailer,substantive,3,0.666667,0.666667,0.333333,1.3333,1.3333,1.3333,3311,2898,,
grafana_grafana__118565,independent,grafana/grafana,agent,agent-trailer,empty,3,0,0,0.666667,0.3333,0,1.6667,70,767,,
grafana_grafana__118674,independent,grafana/grafana,agent,agent-trailer,substantive,3,0,0,0,0.3333,0.6667,0.3333,399,831,,
grafana_grafana__118676,independent,grafana/grafana,agent,agent-trailer,substantive,3,0,0.666667,0.333333,0.3333,1.6667,0.6667,2685,1044,,
grafana_grafana__118729,independent,grafana/grafana,agent,agent-trailer,substantive,4,0,0,0.5,0.25,0.25,1.25,457,1024,,
grafana_grafana__118739,independent,grafana/grafana,agent,agent-trailer,substantive,3,0.333333,0.666667,1,1.3333,1.6667,2,437,1058,,
grafana_grafana__118837,independent,grafana/grafana,agent,agent-trailer,empty,3,0,0,0.666667,0,1,1.6667,64,996,,
grafana_grafana__118840,independent,grafana/grafana,agent,agent-trailer,empty,3,0,0,0.333333,0,0,1,78,885,,
grafana_grafana__118853,independent,grafana/grafana,human,none,empty,4,0,0,0.75,0,0.25,1.75,55,949,,
grafana_grafana__118858,independent,grafana/grafana,human,none,substantive,4,0.25,0.25,0.75,0.75,1,1.5,297,1435,,
grafana_grafana__118941,independent,grafana/grafana,agent,agent-trailer,substantive,3,1,0.666667,1,2,1.6667,2,853,1395,,
grafana_grafana__118952,independent,grafana/grafana,agent,agent-trailer,substantive,3,1,0.333333,0.666667,2,1,1.6667,1322,1067,,
grafana_grafana__118982,independent,grafana/grafana,human,none,substantive,4,0.25,0,0.75,1,0.75,1.5,203,1002,,
grafana_grafana__119088,independent,grafana/grafana,human,none,substantive,3,1,1,0.666667,2,2,1.6667,1583,2052,,
grafana_grafana__119097,independent,grafana/grafana,agent,agent-trailer,substantive,3,1,0.666667,1,2,1.6667,2,2614,1288,,
grafana_grafana__119098,independent,grafana/grafana,agent,agent-trailer,substantive,3,1,0.666667,1,2,1.6667,2,3208,1169,,
grafana_grafana__119106,independent,grafana/grafana,agent,agent-trailer,substantive,3,1,0.333333,0.333333,2,1,1.3333,1279,1090,,
grafana_grafana__119110,independent,grafana/grafana,agent,agent-trailer,substantive,4,0.25,0.5,0.5,0.75,1.25,1,937,1656,,
grafana_grafana__119112,independent,grafana/grafana,agent,agent-trailer,substantive,3,0.333333,0.333333,0.333333,0.6667,1,1.3333,1021,1376,,
grafana_grafana__119188,independent,grafana/grafana,agent,agent-trailer,substantive,3,0.666667,1,0.666667,1.6667,2,1.3333,2181,2202,,
grafana_grafana__119230,independent,grafana/grafana,agent,agent-trailer,substantive,3,1,0.666667,1,2,1.3333,2,8875,1548,,
grafana_grafana__119231,independent,grafana/grafana,agent,agent-trailer,substantive,3,1,1,0.333333,2,2,1,2322,1141,,
grafana_grafana__119232,independent,grafana/grafana,agent,agent-trailer,substantive,3,0.666667,0.333333,0.666667,1.6667,1.3333,1.6667,6748,1483,,
grafana_grafana__119277,independent,grafana/grafana,agent,agent-trailer,substantive,4,0.25,0,0.5,1,0.75,1.25,4993,2015,,
grafana_grafana__119474,independent,grafana/grafana,agent,agent-trailer,substantive,3,0.666667,0.333333,0.333333,1.6667,1.3333,1.3333,825,1744,,
grafana_grafana__119518,independent,grafana/grafana,agent,agent-trailer,substantive,3,0.333333,0,0.666667,1,0.3333,1.6667,1131,1608,,
grafana_grafana__119521,independent,grafana/grafana,agent,agent-trailer,substantive,3,0.666667,0.333333,0.666667,1.6667,0.6667,1.3333,4559,1629,,
grafana_grafana__119525,independent,grafana/grafana,human,none,trivial,3,0,0,0.666667,0.3333,0.3333,1.6667,197,1027,,
grafana_grafana__119545,independent,grafana/grafana,human,none,empty,3,0,0,0.666667,0,0,1.6667,24,793,,
grafana_grafana__119547,independent,grafana/grafana,agent,agent-trailer,substantive,3,0.666667,1,0.666667,1.6667,2,1.6667,1582,1628,,
grafana_grafana__119616,independent,grafana/grafana,human,none,empty,4,0,0,0.25,0,0,1,42,2077,,
grafana_grafana__119717,independent,grafana/grafana,agent,agent-trailer,substantive,3,1,1,1,2,2,2,1355,1192,,
grafana_grafana__119776,independent,grafana/grafana,human,none,trivial,3,0,0,1,0,0,2,85,894,,
grafana_grafana__119840,independent,grafana/grafana,human,none,trivial,3,0,0,1,0,0.3333,2,130,1875,,
grafana_grafana__119865,independent,grafana/grafana,agent,agent-trailer,substantive,3,0.333333,0.333333,0.666667,0.6667,0.6667,1.3333,1398,1689,,
grafana_grafana__119909,independent,grafana/grafana,agent,agent-trailer,substantive,3,0.666667,0.333333,1,1.6667,1.3333,2,608,959,,
grafana_grafana__119926,independent,grafana/grafana,agent,agent-trailer,substantive,3,0,0.333333,0.333333,0.6667,1.3333,1.3333,540,944,,
grafana_grafana__119940,independent,grafana/grafana,agent,agent-trailer,empty,3,0,0,0,0,0,0.3333,44,719,,
grafana_grafana__120051,independent,grafana/grafana,agent,agent-trailer,substantive,4,0,0.75,0.25,0.5,1.75,0.75,4427,1462,,
grafana_grafana__120167,independent,grafana/grafana,agent,agent-trailer,substantive,3,1,0.666667,1,2,1.3333,2,637,961,,
grafana_grafana__120418,independent,grafana/grafana,human,none,substantive,3,0,0,1,0,0,2,447,1215,,
grafana_grafana__120564,independent,grafana/grafana,human,none,substantive,3,0.666667,0,1,1.3333,0.6667,2,226,873,,
grafana_grafana__120577,independent,grafana/grafana,agent,agent-trailer,substantive,3,1,0.333333,1,2,1.3333,2,752,1363,,
grafana_grafana__120643,independent,grafana/grafana,agent,agent-trailer,substantive,3,0,0,0.333333,0,0,1.3333,449,1106,,
grafana_grafana__120689,independent,grafana/grafana,human,none,substantive,4,0,0,0,0.5,0.75,0.5,455,1283,,
grafana_grafana__120731,independent,grafana/grafana,agent,agent-trailer,substantive,3,0.666667,1,0.666667,1.6667,2,1.3333,831,1485,,
grafana_grafana__120748,independent,grafana/grafana,human,none,empty,4,0,0,0,0,0,0.75,28,2308,,
grafana_grafana__120853,independent,grafana/grafana,agent,agent-trailer,substantive,3,1,1,1,2,2,2,1671,2005,,
grafana_grafana__120860,independent,grafana/grafana,human,none,trivial,3,0,0,1,0.6667,0.6667,2,156,1355,,
grafana_grafana__120917,independent,grafana/grafana,agent,agent-trailer,substantive,4,0.5,0.5,0.75,1,1,1.5,467,1137,,
grafana_grafana__120954,independent,grafana/grafana,human,none,substantive,4,0.5,0.25,1,1.25,1,2,552,1561,,
grafana_grafana__120961,independent,grafana/grafana,agent,agent-trailer,substantive,3,0.666667,0.333333,0.666667,1.3333,1.3333,1.6667,1067,1770,,
grafana_grafana__121002,independent,grafana/grafana,agent,agent-trailer,substantive,3,1,1,1,2,2,2,1696,1405,,
grafana_grafana__121007,independent,grafana/grafana,agent,agent-trailer,substantive,3,0,0,1,0,0,2,469,1957,,
grafana_grafana__121023,independent,grafana/grafana,agent,agent-trailer,substantive,3,0.333333,0.333333,0.333333,0.6667,0.6667,0.6667,340,742,,
grafana_grafana__121085,independent,grafana/grafana,human,none,substantive,3,0,0,0.333333,0.3333,0,1,385,1033,,
grafana_grafana__121102,independent,grafana/grafana,human,none,empty,3,0,0,0,0,0,1,31,981,,
grafana_grafana__121140,independent,grafana/grafana,agent,agent-trailer,substantive,3,0.333333,0,0,0.6667,0.3333,0.3333,237,622,,
grafana_grafana__121330,independent,grafana/grafana,agent,agent-trailer,substantive,3,0.333333,0.333333,0.333333,0.6667,0.6667,1.3333,377,926,,
grafana_grafana__121331,independent,grafana/grafana,agent,agent-trailer,substantive,3,0.333333,0.666667,0,1,1.3333,0.6667,805,1745,,
grafana_grafana__121342,independent,grafana/grafana,human,none,substantive,4,0.25,0.5,0.5,0.75,1.25,1.25,2612,1656,,
grafana_grafana__121379,independent,grafana/grafana,human,none,substantive,3,0.333333,0,0.333333,1,1,1,158,1544,,
grafana_grafana__121411,independent,grafana/grafana,human,none,trivial,4,0,0,0.75,0,0.25,1.75,112,1281,,
grafana_grafana__121548,independent,grafana/grafana,human,none,trivial,3,0,0,0.666667,0.3333,0,1.3333,122,674,,
grafana_grafana__121570,independent,grafana/grafana,human,none,substantive,4,0,0,0.5,0.75,0.75,1.25,313,1968,,
grafana_grafana__121575,independent,grafana/grafana,agent,agent-trailer,substantive,3,0.333333,0,0.666667,1,0.6667,1.3333,13792,1265,,
grafana_grafana__121612,independent,grafana/grafana,agent,agent-trailer,substantive,3,0.333333,0.666667,0.333333,1,1.3333,1.3333,656,804,,
grafana_grafana__121646,independent,grafana/grafana,agent,agent-trailer,substantive,4,0.25,0.25,0.5,0.75,0.75,1.25,1836,1825,,
grafana_grafana__121776,independent,grafana/grafana,agent,agent-trailer,substantive,3,0.666667,0.333333,0.666667,1.6667,1.3333,1.6667,303,590,,
grafana_grafana__121829,independent,grafana/grafana,human,none,substantive,3,1,1,0.666667,2,2,1.3333,2312,1419,,
grafana_grafana__121870,independent,grafana/grafana,agent,agent-trailer,substantive,3,0,0,0,0.6667,0.6667,1,595,797,,
grafana_grafana__122016,independent,grafana/grafana,agent,agent-trailer,substantive,3,0.666667,0.666667,0.333333,1.3333,1.6667,1,1023,702,,
grafana_grafana__122085,independent,grafana/grafana,human,none,substantive,3,0,0,0.666667,0.3333,0.3333,1.3333,260,1283,,
grafana_grafana__122276,independent,grafana/grafana,human,none,substantive,3,0,0,0.333333,0,0.3333,1.3333,277,1626,,
grafana_grafana__122326,independent,grafana/grafana,agent,agent-trailer,substantive,3,0.666667,1,0.333333,1.6667,2,1.3333,4642,2225,,
grafana_grafana__122361,independent,grafana/grafana,agent,agent-trailer,substantive,3,0.333333,0.333333,0,1,1,0.3333,742,677,,
grafana_grafana__122431,independent,grafana/grafana,agent,agent-trailer,substantive,3,1,0.666667,0,2,1.3333,1,10505,1525,,
grafana_grafana__122450,independent,grafana/grafana,human,none,substantive,3,0,0,1,1,1,2,202,1320,,
grafana_grafana__122479,independent,grafana/grafana,agent,agent-trailer,substantive,3,0,0,1,0,0.6667,2,668,1983,,
grafana_grafana__122549,independent,grafana/grafana,agent,agent-trailer,substantive,3,0.666667,1,0.333333,1.6667,2,1.3333,493,957,,
grafana_grafana__122556,independent,grafana/grafana,agent,agent-trailer,substantive,3,1,1,1,2,2,2,741,1000,,
grafana_grafana__122658,independent,grafana/grafana,agent,agent-trailer,substantive,3,0.333333,0.333333,0.666667,1,1,1.3333,358,808,,
grafana_grafana__122666,independent,grafana/grafana,agent,agent-trailer,substantive,4,0.75,1,1,1.75,2,2,1225,1106,,
grafana_grafana__122677,independent,grafana/grafana,agent,agent-trailer,substantive,4,1,0.75,0.5,2,1.75,1.5,8308,1811,,
grafana_grafana__122719,independent,grafana/grafana,agent,agent-trailer,substantive,4,1,1,0.75,2,2,1.75,8542,1481,,
grafana_grafana__122797,independent,grafana/grafana,agent,agent-trailer,substantive,4,0.25,0.25,0.75,0.5,0.5,1.75,804,1859,,
grafana_grafana__122826,independent,grafana/grafana,agent,agent-trailer,substantive,3,1,1,0,2,2,0.6667,1772,1410,,
grafana_grafana__122873,independent,grafana/grafana,agent,agent-trailer,substantive,3,1,1,0.666667,2,2,1.3333,2037,1497,,
grafana_grafana__123047,independent,grafana/grafana,human,none,trivial,3,0,0,1,0.3333,0.6667,2,143,1600,,
grafana_grafana__123076,independent,grafana/grafana,agent,agent-trailer,substantive,3,1,1,1,2,2,2,1451,2132,,
grafana_grafana__123166,independent,grafana/grafana,agent,agent-trailer,substantive,3,0.333333,0.333333,0.666667,0.6667,1,1.6667,995,1139,,
grafana_grafana__123173,independent,grafana/grafana,agent,agent-trailer,substantive,4,0.75,0.5,0.75,1.5,1.25,1.5,444,1629,,
grafana_grafana__123197,independent,grafana/grafana,agent,agent-trailer,substantive,3,1,1,1,2,2,2,1743,1767,,
grafana_grafana__123256,independent,grafana/grafana,human,none,substantive,4,0,0,0.5,0.75,0,1,241,1112,,
grafana_grafana__123336,independent,grafana/grafana,agent,agent-trailer,substantive,3,1,1,0.666667,2,2,1.6667,544,716,,
grafana_grafana__123362,independent,grafana/grafana,agent,agent-trailer,substantive,3,0.333333,0.666667,0.666667,1,1.3333,1.3333,495,841,,
grafana_grafana__123373,independent,grafana/grafana,agent,agent-trailer,substantive,3,0.666667,1,1,1.6667,2,2,416,964,,
grafana_grafana__123425,independent,grafana/grafana,agent,agent-trailer,substantive,4,0.5,0.5,1,1.5,1.25,2,685,1038,,
grafana_grafana__123430,independent,grafana/grafana,agent,agent-trailer,substantive,3,0.333333,0.333333,0.666667,0.6667,0.6667,1.6667,607,1304,,
grafana_grafana__123457,independent,grafana/grafana,agent,agent-trailer,substantive,3,0.333333,0,0.666667,1,0,1.6667,349,1097,,
grafana_grafana__123492,independent,grafana/grafana,agent,agent-trailer,substantive,3,1,1,1,2,2,2,473,688,,
grafana_grafana__123497,independent,grafana/grafana,agent,agent-trailer,substantive,3,0.666667,0.666667,0.666667,1.3333,1.3333,1.6667,994,1072,,
grafana_grafana__123498,independent,grafana/grafana,agent,agent-trailer,substantive,3,0.333333,0.333333,0.666667,0.6667,0.6667,1.6667,1023,1610,,
grafana_grafana__123555,independent,grafana/grafana,human,none,substantive,3,0.333333,0.333333,0.333333,1,1,1.3333,495,743,,
grafana_grafana__123568,independent,grafana/grafana,agent,agent-trailer,substantive,3,0,0,0.666667,0,0.3333,1.3333,375,954,,
grafana_grafana__123577,independent,grafana/grafana,human,none,substantive,4,0,0.25,0.25,0.5,0.5,1,239,1394,,
grafana_grafana__123613,independent,grafana/grafana,agent,agent-trailer,substantive,3,1,1,1,2,2,2,3700,1747,,
grafana_grafana__123675,independent,grafana/grafana,agent,agent-trailer,substantive,4,0.75,0.75,1,1.5,1.75,2,3200,1719,,
grafana_grafana__123709,independent,grafana/grafana,agent,agent-trailer,substantive,4,0.75,1,0.75,1.75,2,1.5,2274,1734,,
grafana_grafana__123722,independent,grafana/grafana,agent,agent-trailer,substantive,3,0.666667,0,0,1.3333,0.6667,0.6667,19545,2244,,
grafana_grafana__123755,independent,grafana/grafana,agent,agent-trailer,substantive,3,0.666667,0.666667,0,1.6667,1.6667,1,7644,1661,,
grafana_grafana__123793,independent,grafana/grafana,agent,agent-trailer,substantive,4,0.75,0.5,0.5,1.75,1.25,1.25,3043,1681,,
grafana_grafana__123797,independent,grafana/grafana,agent,agent-trailer,substantive,3,0.666667,1,1,1.3333,2,2,5472,1884,,
grafana_grafana__123806,independent,grafana/grafana,human,none,substantive,3,0.333333,0.333333,1,0.6667,0.6667,2,257,1367,,
grafana_grafana__123872,independent,grafana/grafana,agent,agent-trailer,substantive,3,0.666667,0.666667,0.666667,1.6667,1.3333,1.3333,953,1182,,
grafana_grafana__123873,independent,grafana/grafana,agent,agent-trailer,substantive,3,0.666667,0.666667,1,1.6667,1.6667,2,655,917,,
grafana_grafana__123893,independent,grafana/grafana,agent,agent-trailer,substantive,4,1,1,1,2,2,2,794,1445,,
grafana_grafana__123939,independent,grafana/grafana,human,none,substantive,3,1,0.333333,0.333333,2,1.3333,1,1551,1706,,
grafana_grafana__123977,independent,grafana/grafana,agent,agent-trailer,substantive,3,1,0.666667,1,2,1.6667,2,600,1460,,
grafana_grafana__123986,independent,grafana/grafana,agent,agent-trailer,substantive,3,0.333333,0.333333,0.333333,1,1,1.3333,834,1338,,
grafana_grafana__124046,independent,grafana/grafana,agent,agent-trailer,substantive,3,0.666667,0.666667,0.666667,1.3333,1.3333,1.3333,805,1174,,
grafana_grafana__124084,independent,grafana/grafana,agent,agent-trailer,substantive,4,0.25,0.5,0,0.75,1.25,0.75,2338,2251,,
grafana_grafana__124104,independent,grafana/grafana,agent,agent-trailer,substantive,4,0.75,0.75,0.5,1.75,1.5,1,8864,2067,,
grafana_grafana__124118,independent,grafana/grafana,agent,agent-trailer,substantive,3,1,1,1,2,2,2,2104,1608,,
grafana_grafana__124151,independent,grafana/grafana,agent,agent-trailer,substantive,3,1,0.333333,0.333333,2,1.3333,1.3333,1989,1964,,
grafana_grafana__124157,independent,grafana/grafana,agent,agent-trailer,substantive,2,0.5,0.5,0.5,1,1,1,334,781,,
grafana_grafana__124162,independent,grafana/grafana,agent,agent-trailer,substantive,3,0,0,0.333333,0,0,1.3333,452,1551,,
grafana_grafana__124390,independent,grafana/grafana,agent,agent-trailer,empty,3,0,0,1,0,0,2,66,1075,,
grafana_grafana__124425,independent,grafana/grafana,agent,agent-trailer,substantive,3,0.333333,0.333333,0,1,1,1,2116,1233,,
grafana_grafana__124568,independent,grafana/grafana,agent,agent-trailer,substantive,4,0.5,0.25,0.5,1.25,1,1.25,6616,2460,,
grafana_grafana__124593,independent,grafana/grafana,agent,agent-trailer,substantive,3,0.666667,0.666667,0.666667,1.3333,1.3333,1.6667,308,598,,
grafana_grafana__124601,independent,grafana/grafana,agent,agent-trailer,trivial,3,0,0,1,0,0,2,124,719,,
grafana_grafana__124625,independent,grafana/grafana,human,none,trivial,3,0,0,0,0,0,0.3333,110,621,,
grafana_grafana__124725,independent,grafana/grafana,agent,agent-trailer,substantive,3,0.666667,0.333333,0.666667,1.3333,1,1.3333,372,856,,
grafana_grafana__124727,independent,grafana/grafana,agent,agent-trailer,substantive,4,0.5,0.75,0.75,1,1.5,1.5,832,1330,,
grafana_grafana__124732,independent,grafana/grafana,agent,agent-trailer,substantive,3,0.666667,1,1,1.6667,2,2,358,891,,
grafana_grafana__124774,independent,grafana/grafana,human,none,trivial,3,0,0,1,0,0,2,89,1607,,
grafana_grafana__124842,independent,grafana/grafana,agent,agent-trailer,substantive,4,0.75,1,0.5,1.5,2,1.5,2473,2078,,
grafana_grafana__124844,independent,grafana/grafana,agent,agent-trailer,substantive,4,0.75,0.5,0.75,1.75,1.25,1.5,3727,1782,,
grafana_grafana__124968,independent,grafana/grafana,human,none,trivial,3,0,0,0.333333,0.3333,0.3333,1.3333,125,821,,
grafana_grafana__125010,independent,grafana/grafana,human,none,trivial,3,0,0,0,0,0,0.3333,86,647,,
grafana_grafana__125013,independent,grafana/grafana,human,none,empty,3,0,0,0,0,0.3333,0.3333,55,490,,
grafana_grafana__125303,independent,grafana/grafana,agent,agent-trailer,substantive,3,0.333333,0.333333,1,1,1.3333,2,836,1496,,
grafana_grafana__125316,independent,grafana/grafana,agent,agent-trailer,substantive,3,0.333333,0.666667,0.333333,1.3333,1.6667,0.6667,551,1250,,
grafana_grafana__125319,independent,grafana/grafana,agent,agent-trailer,substantive,3,1,1,0.666667,2,2,1.6667,922,1383,,
grafana_grafana__125365,independent,grafana/grafana,human,none,empty,3,0,0,0.333333,0,0,1,41,1846,,
grafana_grafana__125550,independent,grafana/grafana,agent,agent-trailer,substantive,3,1,1,1,2,2,2,3693,1553,,
grafana_grafana__125661,independent,grafana/grafana,human,none,trivial,3,0,0,1,0,0,2,123,1717,,
grafana_grafana__125716,independent,grafana/grafana,agent,agent-trailer,substantive,3,0,0,0.666667,0.6667,0.6667,1.3333,428,1167,,
grafana_grafana__125719,independent,grafana/grafana,human,none,substantive,4,0.25,0,0.5,0.75,0.25,1,3834,1239,,
grafana_grafana__125780,independent,grafana/grafana,agent,agent-trailer,substantive,3,1,1,0.666667,2,2,1.6667,742,1019,,
grafana_grafana__125796,independent,grafana/grafana,human,none,substantive,3,0.666667,0.666667,1,1.3333,1.3333,2,661,1105,,
grafana_grafana__125809,independent,grafana/grafana,agent,agent-trailer,substantive,3,1,0.666667,1,2,1.6667,2,1232,1106,,
grafana_grafana__125811,independent,grafana/grafana,agent,agent-trailer,substantive,4,0,0.25,0,0.5,0.75,0.75,2216,1208,,
grafana_grafana__125813,independent,grafana/grafana,agent,agent-trailer,substantive,4,0.75,0.75,0.5,1.5,1.5,1.25,1584,1109,,
grafana_grafana__125816,independent,grafana/grafana,agent,agent-trailer,substantive,4,1,0.5,0,2,1.25,1,11714,1957,,
grafana_grafana__125864,independent,grafana/grafana,human,none,substantive,3,0.333333,0.666667,0.333333,1.3333,1.6667,1,214,906,,
grafana_grafana__125926,independent,grafana/grafana,agent,agent-trailer,substantive,3,0.333333,0,0,1,0.3333,1,859,978,,
grafana_grafana__125945,independent,grafana/grafana,agent,agent-trailer,substantive,3,1,1,0.666667,2,2,1.6667,1547,1403,,
grafana_grafana__125972,independent,grafana/grafana,agent,agent-trailer,substantive,3,0.666667,0,0.333333,1.3333,0,0.6667,413,827,,
grafana_grafana__125978,independent,grafana/grafana,agent,agent-trailer,substantive,3,0.666667,1,0.666667,1.3333,2,1.6667,1852,1491,,
grafana_grafana__125986,independent,grafana/grafana,agent,agent-trailer,substantive,3,0,0,0.333333,0,0,1,252,1096,,
grafana_grafana__126002,independent,grafana/grafana,human,none,empty,3,0,0,0.333333,0,0,1,34,1146,,
grafana_grafana__126042,independent,grafana/grafana,agent,agent-trailer,substantive,3,0.666667,0.666667,0.333333,1.6667,1.3333,1,1503,1236,,
grafana_grafana__126104,independent,grafana/grafana,agent,agent-trailer,substantive,3,0.666667,1,1,1.3333,2,2,623,1101,,
grafana_grafana__126109,independent,grafana/grafana,agent,agent-trailer,substantive,3,0,0.333333,0.666667,1,1,1.6667,314,917,,
grafana_grafana__126122,independent,grafana/grafana,agent,agent-trailer,substantive,3,0.666667,0.666667,0.666667,1.3333,1.3333,1.6667,856,1077,,
grafana_grafana__126126,independent,grafana/grafana,agent,agent-trailer,substantive,4,1,1,1,2,2,2,879,1197,,
grafana_grafana__126197,independent,grafana/grafana,agent,agent-trailer,substantive,3,1,1,1,2,2,2,1176,1462,,
grafana_grafana__126198,independent,grafana/grafana,agent,agent-trailer,empty,3,0,0,0.333333,0,0,1.3333,56,1707,,
grafana_grafana__126201,independent,grafana/grafana,human,none,substantive,3,0.666667,0.666667,1,1.6667,1.3333,2,332,1179,,
grafana_grafana__126264,independent,grafana/grafana,agent,agent-trailer,substantive,3,0.666667,0.666667,1,1.3333,1.3333,2,1282,1606,,
grafana_grafana__126268,independent,grafana/grafana,human,none,substantive,3,0.666667,0.333333,0,1.3333,1,0.3333,291,823,,
grafana_grafana__126296,independent,grafana/grafana,human,none,substantive,3,0.666667,0.333333,1,1.3333,1,2,471,1100,,
grafana_grafana__126307,independent,grafana/grafana,agent,agent-trailer,substantive,3,0,0.333333,0.333333,0.3333,0.6667,1.3333,990,1071,,
grafana_grafana__126319,independent,grafana/grafana,agent,agent-trailer,substantive,4,0.5,0.75,0,1,1.5,0.5,2296,1183,,
grafana_grafana__126380,independent,grafana/grafana,agent,agent-trailer,substantive,3,0,0,0.666667,0.6667,0.6667,1.6667,1120,1843,,
grafana_grafana__126390,independent,grafana/grafana,agent,agent-trailer,substantive,3,0.333333,0.666667,1,1,1.3333,2,1875,2119,,
grafana_grafana__126404,independent,grafana/grafana,agent,agent-trailer,substantive,3,0.333333,0.333333,1,1.3333,1,2,556,918,,
grafana_grafana__126416,independent,grafana/grafana,agent,agent-trailer,substantive,4,0.75,0.25,0.75,1.5,1.25,1.75,941,1133,,
grafana_grafana__126566,independent,grafana/grafana,agent,agent-trailer,substantive,3,0.333333,0.666667,0.666667,1,1.3333,1.6667,1309,1409,,
grafana_grafana__126593,independent,grafana/grafana,human,none,empty,3,0.333333,0.333333,0.666667,0.6667,1,1.3333,67,789,,
grafana_grafana__126602,independent,grafana/grafana,agent,agent-trailer,substantive,3,0,0,1,1,1,2,416,1974,,
grafana_grafana__126626,independent,grafana/grafana,human,none,trivial,3,0,0,0,0,0,0,85,866,,
grafana_grafana__126642,independent,grafana/grafana,agent,agent-trailer,substantive,3,1,1,0.666667,2,2,1.6667,1623,1404,,
grafana_grafana__126655,independent,grafana/grafana,agent,agent-trailer,substantive,3,0.666667,0.666667,0.333333,1.3333,1.3333,1.3333,326,1552,,
grafana_grafana__126660,independent,grafana/grafana,agent,agent-trailer,substantive,3,0.666667,1,1,1.6667,2,2,922,1599,,
grafana_grafana__126740,independent,grafana/grafana,agent,agent-trailer,substantive,4,0.25,0.25,0.5,0.5,0.5,1.25,1123,1648,,
grafana_grafana__126781,independent,grafana/grafana,agent,agent-trailer,substantive,3,0.666667,1,1,1.3333,2,2,1046,1149,,
grafana_grafana__126810,independent,grafana/grafana,human,none,empty,3,0,0,0.333333,0,0,0.6667,54,614,,
grafana_grafana__126822,independent,grafana/grafana,agent,agent-trailer,substantive,4,0.75,0.75,1,1.75,1.5,2,931,984,,
grafana_grafana__126860,independent,grafana/grafana,agent,agent-trailer,substantive,3,0.666667,0.333333,0,1.6667,1,1,3082,1822,,
grafana_grafana__126927,independent,grafana/grafana,agent,agent-trailer,substantive,3,0.333333,0.333333,0.333333,0.6667,1.3333,1.3333,7277,1145,,
grafana_grafana__126947,independent,grafana/grafana,agent,agent-trailer,substantive,3,0.333333,0,0.666667,0.6667,0.3333,1.3333,526,972,,
grafana_grafana__127123,independent,grafana/grafana,agent,agent-trailer,substantive,3,0.666667,0.666667,1,1.6667,1.6667,2,670,1381,,
grafana_grafana__127128,independent,grafana/grafana,agent,agent-trailer,substantive,3,1,0.333333,0.333333,2,1.3333,1,11945,1827,,
grafana_grafana__127207,independent,grafana/grafana,agent,agent-trailer,trivial,3,0,0,1,0,0,2,179,1181,,
grafana_grafana__127226,independent,grafana/grafana,human,none,empty,4,0,0,0.75,0.5,0.75,1.5,60,1028,,
grafana_grafana__127231,independent,grafana/grafana,agent,agent-trailer,substantive,3,0,0.333333,0.333333,1,1.3333,1,878,2262,,
grafana_grafana__127240,independent,grafana/grafana,human,none,substantive,3,0.333333,0,0.333333,1.3333,0.3333,1,4007,1278,,
grafana_grafana__127258,independent,grafana/grafana,agent,agent-trailer,substantive,3,1,1,1,2,2,2,1831,1536,,
grafana_grafana__127262,independent,grafana/grafana,agent,agent-trailer,substantive,4,0.75,0.5,0.5,1.5,1.25,1.5,5309,1697,,
grafana_grafana__127275,independent,grafana/grafana,agent,agent-trailer,trivial,3,0,0,0.666667,0.6667,0.6667,1.3333,184,1201,,
grafana_grafana__127318,independent,grafana/grafana,agent,agent-trailer,substantive,3,1,1,1,2,2,2,5477,1668,,
grafana_grafana__127349,independent,grafana/grafana,agent,agent-trailer,substantive,3,0,0,0.333333,0.3333,0.3333,0.6667,407,1032,,
grafana_grafana__127455,independent,grafana/grafana,agent,agent-trailer,substantive,3,0,0,0.333333,0.3333,0,1,353,1686,,
grafana_grafana__127474,independent,grafana/grafana,agent,agent-trailer,substantive,3,0,0,0.333333,0.6667,0,1,568,2094,,
grafana_grafana__127523,independent,grafana/grafana,agent,agent-trailer,substantive,3,1,0.666667,0.666667,2,1.6667,1.6667,857,1086,,
grafana_grafana__127528,independent,grafana/grafana,agent,agent-trailer,substantive,3,0.666667,0.333333,0.666667,1.6667,0.6667,1.6667,2148,2072,,
grafana_grafana__127552,independent,grafana/grafana,agent,agent-trailer,substantive,3,1,0.333333,1,2,1.3333,2,1124,1561,,
grafana_grafana__127640,independent,grafana/grafana,human,none,empty,3,0,0,0,0,0,0.6667,47,654,,
grafana_grafana__127641,independent,grafana/grafana,agent,agent-trailer,substantive,3,1,0.333333,1,2,1.3333,2,1858,1488,,
grafana_grafana__127702,independent,grafana/grafana,agent,agent-trailer,substantive,3,0.333333,0,1,1,0.6667,2,397,1392,,
grafana_grafana__127739,independent,grafana/grafana,agent,agent-trailer,substantive,3,1,1,1,2,2,2,844,1767,,
grafana_grafana__127754,independent,grafana/grafana,agent,agent-trailer,substantive,3,1,1,1,2,2,2,772,1097,,
grafana_grafana__127762,independent,grafana/grafana,agent,agent-trailer,substantive,3,0,0.666667,0.333333,1,1.3333,1,1445,1929,,
grafana_grafana__127778,independent,grafana/grafana,agent,agent-trailer,substantive,3,1,1,1,2,2,2,606,933,,
grafana_grafana__127783,independent,grafana/grafana,agent,agent-trailer,substantive,3,1,1,1,2,2,2,2283,1721,,
grafana_grafana__127871,independent,grafana/grafana,agent,agent-trailer,substantive,2,0,0,0.5,0.5,0.5,1,252,707,,
grafana_grafana__127902,independent,grafana/grafana,agent,agent-trailer,substantive,3,0.666667,0.666667,0.666667,1.6667,1.3333,1.6667,337,1552,,
grafana_grafana__127936,independent,grafana/grafana,agent,agent-trailer,substantive,3,1,1,1,2,2,2,808,1140,,
grafana_grafana__127972,independent,grafana/grafana,agent,agent-trailer,substantive,4,0.25,0.5,0.25,0.75,1,0.75,377,962,,
grafana_grafana__128068,independent,grafana/grafana,agent,agent-trailer,substantive,3,0,0,0.666667,0,0,1.3333,396,1495,,
grafana_grafana__128080,independent,grafana/grafana,agent,agent-trailer,substantive,3,0.666667,0.666667,0.666667,1.6667,1.6667,1.6667,1076,788,,
grafana_grafana__128100,independent,grafana/grafana,agent,agent-trailer,substantive,3,1,0.333333,0.333333,2,0.6667,1.3333,3696,1902,,
grafana_grafana__128114,independent,grafana/grafana,agent,agent-trailer,substantive,3,0.666667,1,1,1.6667,2,2,603,1514,,
grafana_grafana__128130,independent,grafana/grafana,agent,agent-trailer,substantive,3,1,1,1,2,2,2,2637,1614,,
grafana_grafana__128135,independent,grafana/grafana,agent,agent-trailer,substantive,3,1,0.666667,0.666667,2,1.6667,1.6667,1633,1701,,
grafana_grafana__128181,independent,grafana/grafana,agent,bot-author,substantive,3,0.333333,0.333333,0,0.6667,0.6667,0.6667,555,754,,
grafana_grafana__128195,independent,grafana/grafana,agent,agent-trailer,substantive,3,0.333333,0.333333,0.333333,0.6667,0.6667,1,510,815,,
grafana_grafana__128353,independent,grafana/grafana,agent,agent-trailer,substantive,3,1,1,1,2,2,2,705,1003,,
grafana_grafana__128354,independent,grafana/grafana,agent,agent-trailer,substantive,3,1,1,0.666667,2,2,1.3333,802,1106,,
grafana_grafana__128429,independent,grafana/grafana,agent,agent-trailer,substantive,4,0.75,0.25,0.75,1.5,0.75,1.75,937,1551,,
grafana_grafana__128501,independent,grafana/grafana,agent,agent-trailer,substantive,3,0.333333,0,0.666667,1.3333,0.3333,1.6667,825,953,,
grafana_grafana__128522,independent,grafana/grafana,agent,agent-trailer,substantive,3,1,0.666667,1,2,1.6667,2,396,897,,
grafana_grafana__128523,independent,grafana/grafana,agent,agent-trailer,substantive,3,1,1,0.666667,2,2,1.6667,337,822,,
grafana_grafana__128532,independent,grafana/grafana,agent,agent-trailer,substantive,3,0.333333,0.333333,1,1,1,2,450,1003,,
grafana_grafana__128549,independent,grafana/grafana,agent,agent-trailer,substantive,3,0.666667,1,0.666667,1.6667,2,1.6667,2599,1820,,
grafana_grafana__128628,independent,grafana/grafana,agent,agent-trailer,substantive,3,1,0.666667,1,2,1.3333,2,903,1756,,
grafana_grafana__128658,independent,grafana/grafana,agent,agent-trailer,substantive,3,1,1,1,2,2,2,814,1710,,
grafana_grafana__128665,independent,grafana/grafana,agent,agent-trailer,substantive,3,0,0,0.333333,0.3333,0.3333,0.6667,220,795,,
grafana_grafana__128689,independent,grafana/grafana,agent,agent-trailer,substantive,3,0.333333,0.666667,0.333333,1,1.3333,1.3333,188,1264,,
grafana_grafana__128706,independent,grafana/grafana,agent,agent-trailer,substantive,3,0.666667,0.333333,0,1.3333,1,0.3333,3813,1842,,
grafana_grafana__128724,independent,grafana/grafana,agent,agent-trailer,substantive,3,1,1,1,2,2,2,3726,1835,,
grafana_grafana__128766,independent,grafana/grafana,agent,agent-trailer,substantive,3,0.666667,1,0.666667,1.6667,2,1.6667,851,1622,,
grafana_grafana__128790,independent,grafana/grafana,agent,agent-trailer,substantive,3,0,0,0.333333,0.3333,0,0.6667,608,1287,,
grafana_grafana__128796,independent,grafana/grafana,agent,agent-trailer,substantive,3,1,0.666667,1,2,1.3333,2,1395,1446,,
grafana_grafana__128845,independent,grafana/grafana,agent,agent-trailer,substantive,3,0.333333,0.333333,0.333333,0.6667,0.6667,1,419,1144,,
grafana_grafana__128881,independent,grafana/grafana,human,none,substantive,3,0,0,0.333333,0.3333,0,0.6667,330,778,,
grafana_grafana__128950,independent,grafana/grafana,agent,agent-trailer,substantive,3,0.666667,0.666667,0.666667,1.6667,1.6667,1.3333,592,972,,
grafana_grafana__129038,independent,grafana/grafana,agent,agent-trailer,substantive,3,0.666667,1,1,1.6667,2,2,287,1134,,
grafana_grafana__129058,independent,grafana/grafana,agent,agent-trailer,trivial,3,0,0,0.666667,0.6667,1,1.6667,74,1696,,
grafana_grafana__129131,independent,grafana/grafana,human,none,substantive,3,0.333333,0.666667,1,1,1.3333,2,378,877,,
grafana_grafana__129185,independent,grafana/grafana,agent,agent-trailer,substantive,3,0,0,0,0.3333,0.3333,0.3333,260,865,,
grafana_grafana__129206,independent,grafana/grafana,agent,agent-trailer,substantive,3,1,0.666667,0.666667,2,1.3333,1.6667,2077,1255,,
grafana_grafana__129207,independent,grafana/grafana,human,none,substantive,3,0,0,0.666667,1,1,1.6667,306,1147,,
grafana_grafana__129229,independent,grafana/grafana,human,none,trivial,3,0.333333,0.333333,0.666667,1,1,1.6667,350,747,,
grafana_grafana__129298,independent,grafana/grafana,agent,agent-trailer,substantive,3,1,0.333333,0.666667,2,1.3333,1.6667,2441,1933,,
grafana_grafana__129387,independent,grafana/grafana,agent,agent-trailer,trivial,3,0,0,0,0,0,0.6667,58,537,,
grafana_grafana__129390,independent,grafana/grafana,agent,agent-trailer,substantive,3,0.666667,1,1,1.6667,2,2,6084,2310,,
grafana_grafana__129394,independent,grafana/grafana,agent,agent-trailer,substantive,3,0.666667,0.666667,1,1.6667,1.6667,2,1385,1204,,
grafana_grafana__129441,independent,grafana/grafana,agent,agent-trailer,substantive,4,0.5,0.5,0.5,1.25,1,1.25,2639,1666,,
grafana_grafana__129458,independent,grafana/grafana,agent,agent-trailer,substantive,3,1,1,1,2,2,2,747,1162,,
grafana_grafana__129512,independent,grafana/grafana,human,none,trivial,3,0,0,1,0,0,2,58,1075,,
grafana_grafana__129530,independent,grafana/grafana,human,none,substantive,3,0.666667,0.666667,1,1.3333,1.6667,2,541,1314,,
grafana_grafana__89766,independent,grafana/grafana,human,none,empty,3,0,0,0,0,0,0,45,457,,
grafana_grafana__90369,independent,grafana/grafana,human,none,empty,3,0,0,0.666667,0,0,1.3333,54,1284,,
grafana_grafana__90418,independent,grafana/grafana,human,none,empty,3,0,0,0.666667,0,0,1.6667,44,2039,,
grafana_grafana__90536,independent,grafana/grafana,human,none,empty,3,0,0,0.666667,0.3333,0.6667,1.3333,68,671,,
grafana_grafana__90563,independent,grafana/grafana,human,none,substantive,3,0,0.333333,1,0.6667,1,2,407,1820,,
grafana_grafana__90991,independent,grafana/grafana,human,none,trivial,3,0,0,0.666667,0,0,1.6667,129,854,,
grafana_grafana__91548,independent,grafana/grafana,human,none,empty,3,0,0,0.666667,0.3333,0.3333,1.3333,72,1408,,
grafana_grafana__91688,independent,grafana/grafana,human,none,trivial,2,0,0,0.5,0,0,1.5,98,604,,
grafana_grafana__91849,independent,grafana/grafana,human,none,empty,3,0,0,0.333333,0,0.3333,1,48,978,,
grafana_grafana__92006,independent,grafana/grafana,human,none,empty,3,0,0,0,0,0,0.3333,30,1349,,
grafana_grafana__92572,independent,grafana/grafana,human,none,substantive,3,0,0,0.333333,0,0,0.6667,225,1818,,
grafana_grafana__92649,independent,grafana/grafana,human,none,trivial,3,0,0,0.333333,0.3333,0.3333,0.6667,131,1588,,
grafana_grafana__92759,independent,grafana/grafana,human,none,substantive,3,0,0,0.666667,0.6667,0.3333,1.6667,466,1668,,
grafana_grafana__92995,independent,grafana/grafana,human,none,substantive,3,0.333333,0.333333,0,0.6667,0.6667,0.6667,379,1386,,
grafana_grafana__93000,independent,grafana/grafana,human,none,trivial,3,0.333333,0,0.666667,1.3333,0.6667,1.6667,230,1665,,
grafana_grafana__93032,independent,grafana/grafana,human,none,trivial,4,0,0,1,0,0,2,206,1549,,
grafana_grafana__93448,independent,grafana/grafana,human,none,empty,3,0,0,0,0,0,1,38,953,,
grafana_grafana__93622,independent,grafana/grafana,human,none,empty,3,0,0,0.666667,0.3333,0.3333,1.3333,71,907,,
grafana_grafana__93744,independent,grafana/grafana,human,none,trivial,3,0,0,0,0,0,0.6667,85,740,,
grafana_grafana__93753,independent,grafana/grafana,human,none,substantive,3,0,0,1,0.3333,0.3333,2,339,2551,,
grafana_grafana__93861,independent,grafana/grafana,human,none,trivial,3,0,0,0.666667,0,0,1.3333,50,559,,
grafana_grafana__94086,independent,grafana/grafana,human,none,trivial,3,0,0,0.666667,0,0,1.6667,102,972,,
grafana_grafana__94366,independent,grafana/grafana,human,none,trivial,4,0,0,0.25,0.25,0.25,0.75,180,1052,,
grafana_grafana__94633,independent,grafana/grafana,human,none,empty,2,0,0,0,0,0,0.5,26,843,,
grafana_grafana__94680,independent,grafana/grafana,human,none,trivial,3,0,0,0.666667,0,0,1.3333,100,1574,,
grafana_grafana__95215,independent,grafana/grafana,human,none,trivial,4,0,0,0.25,0,0,0.75,88,1459,,
grafana_grafana__95239,independent,grafana/grafana,human,none,substantive,3,0,0,1,0.3333,0.6667,2,227,1634,,
grafana_grafana__95631,independent,grafana/grafana,human,none,trivial,3,0,0,0.666667,0,0,1.6667,74,922,,
grafana_grafana__95691,independent,grafana/grafana,human,none,empty,4,0,0,0.25,0,0.25,1,30,1620,,
grafana_grafana__95891,independent,grafana/grafana,human,none,trivial,2,0,0,0.5,0,0,1.5,85,617,,
grafana_grafana__96057,independent,grafana/grafana,human,none,trivial,3,0,0,1,0.3333,0.6667,2,127,1090,,
grafana_grafana__96523,independent,grafana/grafana,human,none,substantive,3,0,0,0.666667,0.6667,1,1.3333,558,1687,,
grafana_grafana__96609,independent,grafana/grafana,human,none,trivial,3,0,0,0.333333,0.6667,0.3333,1,127,913,,
grafana_grafana__96827,independent,grafana/grafana,human,none,trivial,3,0,0,0.666667,0.3333,0,1.6667,143,1472,,
grafana_grafana__96922,independent,grafana/grafana,human,none,trivial,3,0,0,0.666667,0,0,1.6667,79,1087,,
grafana_grafana__97103,independent,grafana/grafana,human,none,empty,3,0,0,1,0.3333,0.6667,2,66,788,,
grafana_grafana__97136,independent,grafana/grafana,human,none,substantive,3,0.666667,0.666667,0.666667,1.3333,1.3333,1.6667,658,1244,,
grafana_grafana__97151,independent,grafana/grafana,human,none,trivial,3,0.333333,0.333333,0.333333,1,1,1.3333,210,853,,
grafana_grafana__97176,independent,grafana/grafana,human,none,substantive,3,0,0,0,0,0.3333,0.3333,534,2348,,
grafana_grafana__97534,independent,grafana/grafana,human,none,empty,3,0,0,0,0,0,0.6667,62,1795,,
grafana_grafana__98406,independent,grafana/grafana,human,none,empty,4,0,0,0,0.25,0.25,0.75,44,1021,,
grafana_grafana__98509,independent,grafana/grafana,human,none,empty,3,0,0,0.333333,0,0,0.6667,65,1135,,
grafana_grafana__98510,independent,grafana/grafana,human,none,empty,3,0,0,0.666667,0.3333,0.6667,1.3333,80,1104,,
grafana_grafana__98888,independent,grafana/grafana,human,none,substantive,3,0,0,0.333333,1,1,1.3333,412,1701,,
grafana_grafana__99331,independent,grafana/grafana,human,none,substantive,4,0.25,0.25,0.5,0.5,0.5,1,586,1385,,
grafana_grafana__99359,independent,grafana/grafana,human,none,substantive,3,0,0,0.666667,0.3333,0.3333,1.6667,311,1025,,
grafana_grafana__99368,independent,grafana/grafana,human,none,empty,3,0,0,0,0,0,0.6667,72,1124,,
grafana_grafana__99370,independent,grafana/grafana,human,none,substantive,3,0,0,0,0,0,0,237,1144,,
grafana_grafana__99612,independent,grafana/grafana,human,none,empty,3,0,0,0.666667,0,0,1.3333,74,1194,,
langchain-ai_langchain__23876,independent,langchain-ai/langchain,human,none,substantive,3,0,0,0,0,0.3333,1,503,870,,
langchain-ai_langchain__24552,independent,langchain-ai/langchain,human,none,substantive,3,0,0,0.333333,0,0,1,171,993,,
langchain-ai_langchain__24585,independent,langchain-ai/langchain,human,none,substantive,4,0,0,0.25,0.25,0.5,1,463,1151,,
langchain-ai_langchain__24733,independent,langchain-ai/langchain,human,none,substantive,4,0.25,0,0.75,1,0.5,1.75,137,1140,,
langchain-ai_langchain__25078,independent,langchain-ai/langchain,human,none,empty,3,0,0,0.666667,0.3333,0,1.6667,56,960,,
langchain-ai_langchain__25189,independent,langchain-ai/langchain,human,none,substantive,4,0,0,0.25,0.25,0,0.75,392,965,,
langchain-ai_langchain__25362,independent,langchain-ai/langchain,human,none,trivial,4,0,0,0,0,0,0,104,1441,,
langchain-ai_langchain__25430,independent,langchain-ai/langchain,human,none,substantive,3,0,0,0,0,0.3333,0.3333,992,1206,,
langchain-ai_langchain__25500,independent,langchain-ai/langchain,human,none,empty,3,0,0,0.666667,0,0,1.6667,41,1598,,
langchain-ai_langchain__26443,independent,langchain-ai/langchain,human,none,empty,3,0,0,0.666667,0,0,1.6667,42,2659,,
langchain-ai_langchain__26802,independent,langchain-ai/langchain,human,none,trivial,3,0,0,0,0,0,0,154,996,,
langchain-ai_langchain__27805,independent,langchain-ai/langchain,human,none,empty,3,0,0,0.666667,0,0,1.3333,42,1478,,
langchain-ai_langchain__27866,independent,langchain-ai/langchain,human,none,substantive,3,0.333333,0.666667,0.333333,0.6667,1.3333,1.3333,1922,752,,
langchain-ai_langchain__27967,independent,langchain-ai/langchain,human,none,substantive,4,0,0,0.75,0,0.25,1.75,188,1715,,
langchain-ai_langchain__28639,independent,langchain-ai/langchain,human,none,empty,3,0,0,0.333333,0,0,1.3333,25,1499,,
langchain-ai_langchain__28972,independent,langchain-ai/langchain,human,none,substantive,4,0,0,0.5,0.75,0.5,1.25,995,899,,
langchain-ai_langchain__29120,independent,langchain-ai/langchain,human,none,empty,4,0,0,0,0,0,0,52,1329,,
langchain-ai_langchain__29230,independent,langchain-ai/langchain,human,none,empty,3,0,0,0.333333,0,0,1,42,754,,
langchain-ai_langchain__30187,independent,langchain-ai/langchain,human,none,substantive,3,0.333333,1,0.666667,1.3333,2,1.6667,3163,1694,,
langchain-ai_langchain__30370,independent,langchain-ai/langchain,human,none,substantive,3,1,0.666667,0.333333,2,1.6667,1,1619,787,,
langchain-ai_langchain__30449,independent,langchain-ai/langchain,human,none,substantive,3,0.333333,0.333333,0.333333,0.6667,0.6667,1.3333,281,692,,
langchain-ai_langchain__30628,independent,langchain-ai/langchain,human,none,substantive,3,0.333333,0.333333,1,0.6667,0.6667,2,1719,805,,
langchain-ai_langchain__30887,independent,langchain-ai/langchain,human,none,substantive,3,0,0,1,1,1,2,167,1225,,
langchain-ai_langchain__30951,independent,langchain-ai/langchain,human,none,trivial,3,0,0,1,0,0.3333,2,100,542,,
langchain-ai_langchain__31468,independent,langchain-ai/langchain,agent,agent-trailer,substantive,3,0.333333,0.333333,0.333333,0.6667,0.6667,1,601,1120,,
langchain-ai_langchain__31898,independent,langchain-ai/langchain,human,none,substantive,3,0,0,0,0,0,0.3333,179,2348,,
langchain-ai_langchain__32074,independent,langchain-ai/langchain,agent,bot-author,substantive,3,1,1,1,2,2,2,1999,996,,
langchain-ai_langchain__32153,independent,langchain-ai/langchain,agent,bot-author,substantive,3,0.666667,0.666667,0.666667,1.3333,1.6667,1.3333,2298,574,,
langchain-ai_langchain__32156,independent,langchain-ai/langchain,agent,bot-author,substantive,3,0.666667,0.666667,1,1.6667,1.6667,2,2890,1121,,
langchain-ai_langchain__32157,independent,langchain-ai/langchain,agent,bot-author,substantive,3,0.666667,0.333333,0.333333,1.6667,1.3333,1,3396,981,,
langchain-ai_langchain__32160,independent,langchain-ai/langchain,agent,bot-author,substantive,3,1,1,1,2,2,2,2640,1539,,
langchain-ai_langchain__32161,independent,langchain-ai/langchain,agent,bot-author,substantive,3,1,1,1,2,2,2,2298,1195,,
langchain-ai_langchain__32162,independent,langchain-ai/langchain,agent,bot-author,substantive,3,0.333333,0,0.666667,0.6667,0.3333,1.3333,2316,859,,
langchain-ai_langchain__32228,independent,langchain-ai/langchain,human,none,substantive,3,0,0.333333,0.666667,0.3333,0.6667,1.3333,505,1358,,
langchain-ai_langchain__32236,independent,langchain-ai/langchain,agent,agent-trailer,substantive,3,0.333333,0.333333,0.333333,1,1,1.3333,805,810,,
langchain-ai_langchain__32237,independent,langchain-ai/langchain,agent,agent-trailer,substantive,4,0,0,0.25,0,0,0.5,3515,2324,,
langchain-ai_langchain__32331,independent,langchain-ai/langchain,human,none,trivial,3,0,0,0,0,0,0.3333,120,998,,
langchain-ai_langchain__32368,independent,langchain-ai/langchain,agent,agent-trailer,substantive,3,0,0,1,0.6667,0.6667,2,429,1252,,
langchain-ai_langchain__32445,independent,langchain-ai/langchain,agent,agent-trailer,substantive,3,0,0,0.333333,0,0,0.6667,397,922,,
langchain-ai_langchain__32551,independent,langchain-ai/langchain,human,none,empty,3,0,0,0.666667,0,0,1.3333,32,1202,,
langchain-ai_langchain__32688,independent,langchain-ai/langchain,human,none,substantive,3,0,0.333333,1,0.3333,1,2,347,892,,
langchain-ai_langchain__32910,independent,langchain-ai/langchain,agent,bot-author,trivial,3,0,0,0.333333,0,0,1.3333,64,1189,,
langchain-ai_langchain__32919,independent,langchain-ai/langchain,human,none,substantive,4,0,0,0.75,0,0,1.5,236,1236,,
langchain-ai_langchain__34106,independent,langchain-ai/langchain,human,none,empty,2,0,0,0,0,0,1,41,1110,,
langchain-ai_langchain__34268,independent,langchain-ai/langchain,human,none,empty,3,0,0,1,0,0.3333,2,60,697,,
langchain-ai_langchain__34464,independent,langchain-ai/langchain,human,none,empty,3,0,0,1,0.3333,0.3333,2,76,780,,
langchain-ai_langchain__35034,independent,langchain-ai/langchain,human,none,empty,3,0,0,0.666667,0,0,1.6667,57,991,,
langchain-ai_langchain__35039,independent,langchain-ai/langchain,human,none,empty,3,0,0,0,0,0,0.3333,41,714,,
langchain-ai_langchain__35317,independent,langchain-ai/langchain,human,none,empty,3,0,0.333333,0.666667,0.3333,0.6667,1.6667,64,789,,
langchain-ai_langchain__35469,independent,langchain-ai/langchain,agent,agent-trailer,substantive,4,1,0.75,0.75,2,1.75,1.75,1544,1883,,
langchain-ai_langchain__35588,independent,langchain-ai/langchain,agent,agent-trailer,substantive,2,1,1,0.5,2,2,1.5,2012,1176,,
langchain-ai_langchain__36725,independent,langchain-ai/langchain,human,none,empty,3,0,0,1,0.6667,0,2,81,995,,
langchain-ai_langchain__36960,independent,langchain-ai/langchain,agent,agent-trailer,substantive,3,0.666667,0.666667,0.666667,1.3333,1.6667,1.3333,4118,1160,,
langchain-ai_langchain__37064,independent,langchain-ai/langchain,agent,bot-author,empty,3,0,0,1,0,0.3333,2,40,855,,
langchain-ai_langchain__37095,independent,langchain-ai/langchain,agent,agent-trailer,substantive,3,0.666667,1,1,1.6667,2,2,1751,1229,,
langchain-ai_langchain__37456,independent,langchain-ai/langchain,human,none,empty,3,0,0,1,0.3333,0,2,91,1620,,
langchain-ai_langchain__37602,independent,langchain-ai/langchain,human,none,substantive,3,0.666667,0.666667,0.666667,1.6667,1.6667,1.6667,499,1077,,
langchain-ai_langchain__37710,independent,langchain-ai/langchain,agent,bot-author,substantive,3,0.333333,0.333333,0.666667,0.6667,0.6667,1.3333,530,1187,,
langchain-ai_langchain__37911,independent,langchain-ai/langchain,agent,agent-trailer,substantive,3,0.666667,0.666667,0.666667,1.3333,1.3333,1.6667,1399,1572,,
langchain-ai_langchain__38118,independent,langchain-ai/langchain,human,none,substantive,3,0.666667,0.333333,0.666667,1.3333,1,1.3333,1351,1702,,
langchain-ai_langchain__38363,independent,langchain-ai/langchain,agent,agent-trailer,substantive,3,0.333333,0.333333,1,0.6667,0.6667,2,768,979,,
langchain-ai_langchain__38664,independent,langchain-ai/langchain,agent,agent-trailer,substantive,4,0.75,0.5,0.5,1.5,1.25,1.25,1433,1611,,
langchain-ai_langchain__38665,independent,langchain-ai/langchain,agent,agent-footer,substantive,3,1,1,0.666667,2,2,1.6667,2658,1429,,
prisma_prisma__1018,independent,prisma/prisma,agent,agent-trailer,substantive,4,1,0.75,0,2,1.5,0.75,5985,1940,,
prisma_prisma__1019,independent,prisma/prisma,agent,agent-footer,substantive,3,0.333333,0.333333,0,0.6667,0.6667,0,1577,1089,,
prisma_prisma__1024,independent,prisma/prisma,agent,agent-trailer,substantive,4,1,0.75,0,2,1.75,1,8357,2125,,
prisma_prisma__1028,independent,prisma/prisma,agent,agent-footer,substantive,3,0.666667,0.333333,1,1.6667,1,2,2553,1758,,
prisma_prisma__1035,independent,prisma/prisma,agent,agent-trailer,substantive,3,1,0.333333,0,2,1.3333,1,10647,1510,,
prisma_prisma__1038,independent,prisma/prisma,human,none,substantive,4,1,1,0.25,2,2,1,13766,2348,,
prisma_prisma__1042,independent,prisma/prisma,agent,agent-trailer,substantive,4,0.25,0.25,0,0.75,0.5,0,2043,1653,,
prisma_prisma__1048,independent,prisma/prisma,agent,agent-footer,substantive,4,0.5,0.5,0.25,1.5,1.25,1,6122,2246,,
prisma_prisma__137,independent,prisma/prisma,agent,agent-trailer,substantive,3,1,1,1,2,2,2,2024,1303,,
prisma_prisma__145,independent,prisma/prisma,agent,agent-trailer,substantive,3,0.666667,0.333333,0.333333,1.6667,1,1,2251,1799,,
prisma_prisma__147,independent,prisma/prisma,agent,agent-trailer,substantive,3,0.666667,1,1,1.6667,2,2,1517,1507,,
prisma_prisma__200,independent,prisma/prisma,agent,agent-trailer,substantive,4,0.75,0.75,0,1.75,1.5,0.25,4598,784,,
prisma_prisma__201,independent,prisma/prisma,agent,agent-trailer,substantive,3,0.666667,0.666667,0.666667,1.3333,1.6667,1.3333,6222,1101,,
prisma_prisma__224,independent,prisma/prisma,agent,agent-trailer,substantive,3,0.333333,0.333333,0.666667,0.6667,0.6667,1.3333,1515,1260,,
prisma_prisma__270,independent,prisma/prisma,human,none,substantive,3,0.666667,0.666667,1,1.3333,1.3333,2,762,957,,
prisma_prisma__310,independent,prisma/prisma,human,none,substantive,2,0,0,0,0,0.5,0.5,550,388,,
prisma_prisma__32,independent,prisma/prisma,human,none,substantive,3,0,0,0.666667,0,0,1.6667,148,1528,,
prisma_prisma__323,independent,prisma/prisma,agent,agent-footer,substantive,3,0.333333,0,0.666667,1.3333,1,1.6667,871,898,,
prisma_prisma__404,independent,prisma/prisma,agent,agent-trailer,substantive,4,0.75,0.5,0.75,1.75,1.5,1.75,33469,2335,,
prisma_prisma__417,independent,prisma/prisma,agent,agent-trailer,substantive,3,0.666667,0.666667,0,1.6667,1.6667,0.6667,14514,2772,,
prisma_prisma__428,independent,prisma/prisma,agent,agent-trailer,substantive,3,1,1,0.333333,2,2,0.6667,4667,1011,,
prisma_prisma__553,independent,prisma/prisma,agent,agent-trailer,substantive,4,0.75,0.5,0,1.75,1,0.25,13124,1745,,
prisma_prisma__653,independent,prisma/prisma,human,none,substantive,3,0.666667,1,0,1.3333,2,0.6667,3400,1312,,
prisma_prisma__726,independent,prisma/prisma,agent,agent-trailer,substantive,3,0,1,0.333333,0.3333,2,1,4963,1731,,
prisma_prisma__732,independent,prisma/prisma,agent,agent-trailer,substantive,3,0,1,1,0.6667,2,2,3720,1626,,
prisma_prisma__750,independent,prisma/prisma,agent,agent-trailer,substantive,3,1,1,1,2,2,2,6399,2731,,
prisma_prisma__751,independent,prisma/prisma,agent,agent-trailer,substantive,4,0.5,0.5,0,1,1,0.25,4909,2596,,
prisma_prisma__753,independent,prisma/prisma,agent,agent-trailer,substantive,3,0.666667,0.666667,0,1.3333,1.3333,1,7230,1917,,
prisma_prisma__754,independent,prisma/prisma,agent,agent-trailer,substantive,3,0.333333,0.333333,0.666667,1.3333,0.6667,1.6667,5660,1671,,
prisma_prisma__755,independent,prisma/prisma,agent,agent-trailer,substantive,4,1,0.5,0,2,1.5,0.25,5064,2896,,
prisma_prisma__768,independent,prisma/prisma,agent,agent-trailer,substantive,4,1,1,0.75,2,2,1.75,7407,2297,,
prisma_prisma__769,independent,prisma/prisma,agent,agent-trailer,substantive,3,0.666667,1,0,1.6667,2,1,5163,2306,,
prisma_prisma__770,independent,prisma/prisma,agent,agent-trailer,substantive,4,0.5,0.25,0.5,1.5,1.25,1,5804,1884,,
prisma_prisma__775,independent,prisma/prisma,agent,agent-footer,substantive,4,0,0.25,0.25,0.5,1,1,3965,2338,,
prisma_prisma__792,independent,prisma/prisma,agent,agent-trailer,substantive,4,1,1,0.5,2,2,1.25,5231,2733,,
prisma_prisma__795,independent,prisma/prisma,agent,agent-trailer,substantive,4,0.5,0.5,0.25,1.25,1.25,0.75,11872,2049,,
prisma_prisma__797,independent,prisma/prisma,agent,agent-trailer,substantive,3,0.666667,1,0.666667,1.3333,2,1.3333,3117,1181,,
prisma_prisma__800,independent,prisma/prisma,agent,agent-trailer,substantive,3,1,0.666667,1,2,1.3333,2,1160,868,,
prisma_prisma__801,independent,prisma/prisma,agent,agent-trailer,substantive,3,0.333333,0.333333,1,1,1,2,1117,780,,
prisma_prisma__802,independent,prisma/prisma,agent,agent-trailer,substantive,3,0.666667,0.666667,0.666667,1.6667,1.6667,1.6667,1502,809,,
prisma_prisma__808,independent,prisma/prisma,agent,agent-trailer,substantive,4,0.75,1,0.75,1.75,2,1.75,8134,2405,,
prisma_prisma__809,independent,prisma/prisma,agent,agent-trailer,substantive,3,1,0.666667,1,2,1.6667,2,5777,2062,,
prisma_prisma__810,independent,prisma/prisma,agent,agent-trailer,substantive,3,1,0.666667,0,2,1.3333,0.6667,7195,2068,,
prisma_prisma__812,independent,prisma/prisma,agent,agent-trailer,substantive,4,1,1,0,2,2,1,12817,2749,,
prisma_prisma__813,independent,prisma/prisma,agent,agent-trailer,substantive,4,0.25,0.25,0.25,0.5,0.5,0.75,5754,2242,,
prisma_prisma__816,independent,prisma/prisma,agent,agent-trailer,substantive,4,1,0.75,0.25,2,1.75,0.75,12599,2293,,
prisma_prisma__825,independent,prisma/prisma,agent,agent-trailer,substantive,4,0.75,0.5,0,1.5,1.25,0.5,11477,2883,,
prisma_prisma__826,independent,prisma/prisma,agent,agent-trailer,substantive,4,0.5,0.75,0,1,1.5,1,7773,1900,,
prisma_prisma__829,independent,prisma/prisma,agent,agent-trailer,substantive,4,0.75,0.25,0.5,1.5,1,1.25,3327,2299,,
prisma_prisma__834,independent,prisma/prisma,agent,agent-trailer,substantive,3,0.666667,1,0.666667,1.6667,2,1.6667,10903,2137,,
prisma_prisma__838,independent,prisma/prisma,agent,agent-trailer,substantive,3,1,1,0,2,2,0.3333,6551,1467,,
prisma_prisma__841,independent,prisma/prisma,agent,agent-trailer,substantive,3,1,0.666667,1,2,1.6667,2,8444,1992,,
prisma_prisma__870,independent,prisma/prisma,agent,agent-trailer,substantive,4,0.75,0.5,0,1.75,1.25,0.5,3492,2251,,
prisma_prisma__879,independent,prisma/prisma,agent,agent-trailer,substantive,3,1,1,0,2,2,1,6120,1865,,
prisma_prisma__896,independent,prisma/prisma,agent,agent-footer,substantive,4,1,0.5,0.25,2,1.25,1,5867,2126,,
prisma_prisma__897,independent,prisma/prisma,agent,agent-footer,substantive,3,0.666667,0.666667,1,1.6667,1.6667,2,4125,2562,,
prisma_prisma__905,independent,prisma/prisma,agent,agent-footer,substantive,3,1,1,0.333333,2,2,1.3333,3868,1942,,
prisma_prisma__906,independent,prisma/prisma,agent,agent-trailer,substantive,4,1,1,0.25,2,2,1.25,11892,2414,,
prisma_prisma__908,independent,prisma/prisma,agent,agent-trailer,substantive,4,0.75,1,0.5,1.75,2,1.25,13646,1849,,
prisma_prisma__912,independent,prisma/prisma,agent,agent-trailer,substantive,3,0.333333,0.666667,0.333333,1.3333,1.6667,0.6667,5914,1075,,
prisma_prisma__921,independent,prisma/prisma,agent,agent-trailer,substantive,4,1,0.75,0.5,2,1.75,1.25,7681,2973,,
prisma_prisma__935,independent,prisma/prisma,agent,agent-trailer,substantive,4,0.75,1,0.25,1.75,2,1,5658,2571,,
prisma_prisma__944,independent,prisma/prisma,agent,agent-footer,substantive,4,0.75,0.75,0.25,1.75,1.5,1.25,6741,2083,,
prisma_prisma__945,independent,prisma/prisma,agent,agent-footer,substantive,3,0.333333,0.333333,0,1,0.6667,0.3333,6946,3105,,
prisma_prisma__946,independent,prisma/prisma,agent,agent-footer,substantive,3,1,1,0.666667,2,2,1.3333,5601,1633,,
prisma_prisma__960,independent,prisma/prisma,agent,agent-footer,substantive,4,0.25,0.5,0.5,1,1.5,1.25,6630,2672,,
prisma_prisma__969,independent,prisma/prisma,agent,agent-trailer,substantive,3,1,1,1,2,2,2,7187,1277,,
prisma_prisma__985,independent,prisma/prisma,agent,agent-footer,substantive,3,0.666667,0,0.333333,1.3333,0.6667,0.6667,5049,1981,,
prisma_prisma__988,independent,prisma/prisma,agent,agent-footer,substantive,4,0,0,0,0.25,0.25,0,1235,865,,
prisma_prisma__990,independent,prisma/prisma,agent,agent-footer,substantive,4,0.75,0,0.25,1.5,0.5,0.75,4419,2279,,
prisma_prisma__991,independent,prisma/prisma,agent,agent-footer,substantive,3,1,1,1,2,2,2,3272,1509,,
prisma_prisma__997,independent,prisma/prisma,agent,agent-footer,substantive,3,1,1,0.333333,2,2,1.3333,13692,1579,,
supabase_supabase__27834,independent,supabase/supabase,human,none,substantive,4,0,0,0,0,0,0.5,197,1652,,
supabase_supabase__28048,independent,supabase/supabase,human,none,substantive,4,0,0.25,0,0.5,1,0.5,609,1865,,
supabase_supabase__28208,independent,supabase/supabase,human,none,substantive,3,0,0,0.666667,0.3333,0.3333,1.6667,726,1979,,
supabase_supabase__28714,independent,supabase/supabase,human,none,empty,3,0,0,0.333333,0,0,1,36,968,,
supabase_supabase__28730,independent,supabase/supabase,human,none,empty,3,0,0,0,0,0,0.6667,29,523,,
supabase_supabase__28761,independent,supabase/supabase,human,none,empty,3,0,0,0.666667,0,0.3333,1.6667,45,710,,
supabase_supabase__29038,independent,supabase/supabase,human,none,substantive,3,0,0,0,0,0,0,898,1581,,
supabase_supabase__29219,independent,supabase/supabase,human,none,substantive,4,0,0,0.25,0,0.25,0.75,1088,2031,,
supabase_supabase__30280,independent,supabase/supabase,human,none,substantive,4,0,0,0.5,0,0,1.5,163,1666,,
supabase_supabase__30736,independent,supabase/supabase,human,none,substantive,3,0.333333,0.333333,0.666667,1.3333,1.3333,1.6667,297,693,,
supabase_supabase__31229,independent,supabase/supabase,human,none,substantive,3,0,0,0.666667,0,0,1.3333,616,1462,,
supabase_supabase__32632,independent,supabase/supabase,human,none,substantive,3,0,0,1,0,0,2,172,1398,,
supabase_supabase__32679,independent,supabase/supabase,human,none,substantive,3,0,0,0.333333,0.6667,0.6667,1,456,1470,,
supabase_supabase__33228,independent,supabase/supabase,human,none,empty,3,0,0,0.333333,0,0.3333,1.3333,46,565,,
supabase_supabase__33252,independent,supabase/supabase,human,none,substantive,4,0.25,0.25,0.25,1,1,1.25,1817,2272,,
supabase_supabase__33335,independent,supabase/supabase,human,none,substantive,3,0,0,0.333333,0.3333,0.3333,1,737,1861,,
supabase_supabase__33698,independent,supabase/supabase,human,none,substantive,4,0,0,0.25,0,0,0.75,203,1044,,
supabase_supabase__33996,independent,supabase/supabase,human,none,substantive,3,0,0,0.333333,0.3333,0.3333,1.3333,484,829,,
supabase_supabase__34804,independent,supabase/supabase,human,none,trivial,3,0,0,0.333333,0,0.3333,1.3333,46,710,,
supabase_supabase__34905,independent,supabase/supabase,human,none,trivial,3,0,0,0,0,0,0.6667,93,869,,
supabase_supabase__35674,independent,supabase/supabase,human,none,substantive,3,0.333333,0.666667,0.666667,1,1.6667,1.6667,733,1458,,
supabase_supabase__36002,independent,supabase/supabase,human,none,substantive,3,1,0.666667,1,2,1.6667,2,374,1043,,
supabase_supabase__36793,independent,supabase/supabase,agent,agent-trailer,substantive,3,0,0.333333,1,0.6667,1,2,438,756,,
supabase_supabase__36970,independent,supabase/supabase,human,none,empty,3,0,0,1,0,0.3333,2,49,996,,
supabase_supabase__37230,independent,supabase/supabase,human,none,substantive,3,0,0.333333,0.333333,0,1.3333,0.6667,1540,1405,,
supabase_supabase__37928,independent,supabase/supabase,agent,agent-trailer,substantive,3,0,0,0,0,0,0,985,897,,
supabase_supabase__37987,independent,supabase/supabase,human,none,substantive,3,0,0,0.666667,0.3333,0.3333,1.6667,516,1648,,
supabase_supabase__38669,independent,supabase/supabase,human,none,substantive,3,0.333333,0,1,1,0.3333,2,253,1447,,
supabase_supabase__38772,independent,supabase/supabase,agent,agent-trailer,substantive,4,0,0,0,0,0.25,0,572,1649,,
supabase_supabase__39041,independent,supabase/supabase,human,none,substantive,3,0,0,0.333333,0,0.3333,1,587,1434,,
supabase_supabase__39141,independent,supabase/supabase,human,none,empty,3,0,0,0.333333,0,0,1,33,750,,
supabase_supabase__39296,independent,supabase/supabase,agent,agent-trailer,substantive,2,0.5,0,1,1,0.5,2,310,831,,
supabase_supabase__39351,independent,supabase/supabase,human,none,substantive,3,0,0,0.666667,0,0,1.6667,1219,1627,,
supabase_supabase__39541,independent,supabase/supabase,human,none,empty,2,0,0,0,0,0,0.5,21,643,,
supabase_supabase__39583,independent,supabase/supabase,human,none,empty,3,0,0,0,0,0,0.3333,43,1027,,
supabase_supabase__39600,independent,supabase/supabase,human,none,substantive,3,0.333333,0.333333,0.333333,0.6667,0.6667,1,145,477,,
supabase_supabase__39730,independent,supabase/supabase,human,none,substantive,3,0,0,1,0,0,2,393,888,,
supabase_supabase__39795,independent,supabase/supabase,agent,agent-trailer,substantive,4,0,0,0.5,0,0.25,1.5,628,1905,,
supabase_supabase__39834,independent,supabase/supabase,agent,agent-trailer,substantive,4,0,0,0.5,0.25,0.25,1.5,905,1468,,
supabase_supabase__39889,independent,supabase/supabase,agent,agent-trailer,substantive,4,0,0,0,0.75,0.25,1,1495,1594,,
supabase_supabase__39977,independent,supabase/supabase,human,none,substantive,3,0,0,0.333333,0,0,1.3333,461,1298,,
supabase_supabase__39991,independent,supabase/supabase,agent,agent-trailer,substantive,4,0.25,0.25,0,0.5,0.5,0.5,1223,1749,,
supabase_supabase__40015,independent,supabase/supabase,human,none,trivial,4,0,0,0,0,0,0.5,69,1763,,
supabase_supabase__40026,independent,supabase/supabase,agent,agent-trailer,substantive,3,0,0,0.333333,0.6667,0,1,1806,1908,,
supabase_supabase__40183,independent,supabase/supabase,human,none,trivial,3,0,0,0.333333,0,0,1,77,1024,,
supabase_supabase__40232,independent,supabase/supabase,human,none,trivial,3,0,0,0.666667,0,0,1.6667,160,1255,,
supabase_supabase__40290,independent,supabase/supabase,human,none,substantive,3,0,0,0.666667,0.6667,0.6667,1.3333,220,1299,,
supabase_supabase__40294,independent,supabase/supabase,human,none,empty,3,0,0,0.333333,0,0.3333,1,42,908,,
supabase_supabase__40323,independent,supabase/supabase,human,none,empty,3,0,0,1,0,0,2,36,1796,,
supabase_supabase__40903,independent,supabase/supabase,agent,agent-trailer,substantive,3,0,0,0.666667,0.6667,0.6667,1.6667,681,1295,,
supabase_supabase__40911,independent,supabase/supabase,human,none,substantive,3,0,0,0,0,0,0,419,745,,
supabase_supabase__41013,independent,supabase/supabase,human,none,substantive,4,0,0.25,0.25,0.75,0.75,1.25,203,1159,,
supabase_supabase__41305,independent,supabase/supabase,human,none,trivial,3,0,0,0.666667,0.3333,0.3333,1.3333,129,943,,
supabase_supabase__41408,independent,supabase/supabase,human,none,empty,4,0,0,0.25,0,0,0.75,80,1708,,
supabase_supabase__41412,independent,supabase/supabase,human,none,trivial,3,0,0,0.666667,0,0,1.6667,36,858,,
supabase_supabase__41525,independent,supabase/supabase,human,none,substantive,3,0,0,0.333333,0,0,1.3333,791,2166,,
supabase_supabase__41558,independent,supabase/supabase,human,none,trivial,3,0,0,0.333333,0.3333,0.3333,1,112,872,,
supabase_supabase__41745,independent,supabase/supabase,agent,agent-trailer,substantive,3,0,0,0.333333,1,0.6667,1,360,858,,
supabase_supabase__41801,independent,supabase/supabase,agent,agent-trailer,substantive,3,0.666667,0.666667,0.666667,1.3333,1.3333,1.6667,4020,1676,,
supabase_supabase__42021,independent,supabase/supabase,human,none,substantive,4,0.25,0.25,0.5,0.75,0.5,1.5,1837,1810,,
supabase_supabase__42071,independent,supabase/supabase,agent,agent-trailer,substantive,3,0,0.666667,0.666667,1,1.6667,1.3333,919,1373,,
supabase_supabase__42079,independent,supabase/supabase,agent,agent-trailer,substantive,3,0.333333,0.666667,1,1,1.3333,2,479,1182,,
supabase_supabase__42148,independent,supabase/supabase,agent,agent-trailer,substantive,3,0,0,0.666667,0,0,1.6667,1423,1198,,
supabase_supabase__42218,independent,supabase/supabase,human,none,substantive,3,0,0,0.333333,0.3333,0,0.6667,271,629,,
supabase_supabase__42260,independent,supabase/supabase,human,none,empty,4,0,0,0.75,0,0,1.5,38,1409,,
supabase_supabase__42300,independent,supabase/supabase,agent,agent-trailer,substantive,3,0,0,0,0,0.3333,0.6667,1135,1305,,
supabase_supabase__42361,independent,supabase/supabase,human,none,substantive,3,0.666667,0.333333,0.666667,1.3333,1,1.3333,2152,563,,
supabase_supabase__42428,independent,supabase/supabase,agent,agent-trailer,substantive,3,0,0,0.666667,0,0,1.6667,1138,2393,,
supabase_supabase__42458,independent,supabase/supabase,human,none,substantive,3,0.333333,0,0.333333,1,0.6667,0.6667,853,1096,,
supabase_supabase__42638,independent,supabase/supabase,agent,agent-trailer,substantive,3,0,0,0.333333,0,0,1,497,1961,,
supabase_supabase__42874,independent,supabase/supabase,agent,agent-trailer,substantive,3,0,0,0.333333,0.6667,0.6667,0.6667,2002,1723,,
supabase_supabase__43010,independent,supabase/supabase,human,none,substantive,3,1,1,1,2,2,2,935,1554,,
supabase_supabase__43090,independent,supabase/supabase,human,none,substantive,3,0,0,0.333333,0,0.3333,1.3333,479,852,,
supabase_supabase__43109,independent,supabase/supabase,agent,agent-trailer,substantive,3,0,0,0,0,0,0.3333,389,1469,,
supabase_supabase__43140,independent,supabase/supabase,agent,agent-trailer,substantive,4,0,0,0.25,0.25,0,0.75,1173,1775,,
supabase_supabase__43191,independent,supabase/supabase,agent,agent-trailer,substantive,3,0,0,0.666667,0,0,1.3333,433,1287,,
supabase_supabase__43201,independent,supabase/supabase,human,none,substantive,3,1,1,0.666667,2,2,1.6667,1547,2390,,
supabase_supabase__43210,independent,supabase/supabase,human,none,substantive,3,0.333333,0.333333,1,0.6667,0.6667,2,757,892,,
supabase_supabase__43697,independent,supabase/supabase,agent,agent-trailer,substantive,3,0,0,0.333333,0,0,1.3333,465,1511,,
supabase_supabase__43790,independent,supabase/supabase,agent,agent-trailer,substantive,3,0.666667,0.666667,1,1.3333,1.3333,2,3619,1332,,
supabase_supabase__43804,independent,supabase/supabase,agent,agent-trailer,substantive,3,0,0,0.333333,0.3333,0.3333,1,356,1125,,
supabase_supabase__43817,independent,supabase/supabase,agent,agent-trailer,substantive,4,0,0,0.25,0,0,0.5,238,1381,,
supabase_supabase__43862,independent,supabase/supabase,agent,agent-trailer,substantive,3,0.666667,0.333333,0.333333,1.3333,1,1.3333,911,563,,
supabase_supabase__43927,independent,supabase/supabase,agent,agent-trailer,substantive,3,0.333333,0.333333,1,0.6667,1.3333,2,368,1027,,
supabase_supabase__43929,independent,supabase/supabase,agent,agent-trailer,substantive,3,0,0,0.333333,0,0,0.6667,485,1506,,
supabase_supabase__43967,independent,supabase/supabase,agent,agent-trailer,substantive,3,1,1,0.333333,2,2,1,1376,716,,
supabase_supabase__44077,independent,supabase/supabase,agent,agent-trailer,substantive,4,0,0,0.5,0,0,1.25,201,1473,,
supabase_supabase__44087,independent,supabase/supabase,human,none,empty,3,0,0,0,0,0,0.3333,29,870,,
supabase_supabase__44137,independent,supabase/supabase,human,none,substantive,3,1,1,1,2,2,2,844,1504,,
supabase_supabase__44198,independent,supabase/supabase,human,none,substantive,3,1,0.666667,1,2,1.6667,2,1022,571,,
supabase_supabase__44248,independent,supabase/supabase,agent,agent-trailer,substantive,4,0,0,0,0,0,0.75,758,2006,,
supabase_supabase__44293,independent,supabase/supabase,human,none,substantive,3,0,0,1,0.6667,0,2,1804,1419,,
supabase_supabase__44296,independent,supabase/supabase,human,none,substantive,3,0.666667,0.333333,0.666667,1.3333,1.3333,1.6667,2214,2068,,
supabase_supabase__44328,independent,supabase/supabase,agent,agent-trailer,substantive,4,0.75,0.5,0.25,1.5,1,0.75,6640,1837,,
supabase_supabase__44343,independent,supabase/supabase,agent,agent-trailer,substantive,3,0.666667,0.333333,0.333333,1.6667,1,1,3267,1195,,
supabase_supabase__44438,independent,supabase/supabase,agent,agent-trailer,substantive,3,0.333333,0,0.666667,1,0.3333,1.3333,1241,2032,,
supabase_supabase__44513,independent,supabase/supabase,agent,agent-trailer,substantive,3,0,0,0,0.3333,0.3333,1,1096,438,,
supabase_supabase__44519,independent,supabase/supabase,agent,agent-trailer,substantive,3,0.666667,0.666667,0.666667,1.6667,1.3333,1.6667,1527,1817,,
supabase_supabase__44520,independent,supabase/supabase,agent,agent-trailer,substantive,3,0.333333,0,0.333333,0.6667,0.3333,1,2450,1645,,
supabase_supabase__44621,independent,supabase/supabase,agent,agent-trailer,substantive,3,1,0.666667,1,2,1.6667,2,3245,1766,,
supabase_supabase__44629,independent,supabase/supabase,agent,agent-trailer,substantive,3,0,0,0.333333,0.6667,0.6667,0.6667,2678,1900,,
supabase_supabase__44655,independent,supabase/supabase,agent,agent-trailer,substantive,3,0.333333,0.333333,0.666667,0.6667,0.6667,1.3333,2533,912,,
supabase_supabase__44662,independent,supabase/supabase,human,none,substantive,3,0.666667,0.666667,0.666667,1.6667,1.3333,1.3333,1180,1100,,
supabase_supabase__44702,independent,supabase/supabase,agent,agent-trailer,substantive,3,0,0,0,0,0,0.3333,1282,814,,
supabase_supabase__44728,independent,supabase/supabase,agent,agent-trailer,substantive,3,0.333333,0.333333,1,1,1,2,1137,1135,,
supabase_supabase__44797,independent,supabase/supabase,agent,agent-trailer,substantive,3,0.333333,0.333333,1,1,1.3333,2,1396,1038,,
supabase_supabase__44857,independent,supabase/supabase,agent,agent-trailer,substantive,3,0.333333,0.666667,0.333333,1,1.3333,0.6667,2089,1121,,
supabase_supabase__44878,independent,supabase/supabase,agent,agent-trailer,substantive,3,0.333333,1,0.666667,1.3333,2,1.3333,970,710,,
supabase_supabase__44965,independent,supabase/supabase,agent,agent-trailer,substantive,3,0.333333,0,0.333333,1,0.6667,0.6667,5896,1802,,
supabase_supabase__44973,independent,supabase/supabase,human,none,substantive,3,0,0,1,0.3333,0,2,775,1674,,
supabase_supabase__44986,independent,supabase/supabase,agent,agent-trailer,substantive,4,0,0.25,0.25,0.25,0.5,1,1281,1398,,
supabase_supabase__45034,independent,supabase/supabase,human,none,substantive,3,0.666667,0.333333,0.333333,1.3333,0.6667,1,5029,2005,,
supabase_supabase__45170,independent,supabase/supabase,agent,agent-trailer,substantive,4,0.25,0.25,0,0.5,0.5,0.25,799,1566,,
supabase_supabase__45219,independent,supabase/supabase,agent,agent-trailer,substantive,4,0,0,0,0.25,0,0.75,1801,2619,,
supabase_supabase__45274,independent,supabase/supabase,agent,agent-trailer,substantive,4,0.5,0.5,0.5,1,1,1.25,1992,1004,,
supabase_supabase__45294,independent,supabase/supabase,agent,agent-trailer,substantive,4,0.25,0.25,0,1,0.75,0.5,2263,1588,,
supabase_supabase__45326,independent,supabase/supabase,agent,agent-trailer,substantive,3,0.666667,0.666667,0.666667,1.6667,1.6667,1.6667,1927,1226,,
supabase_supabase__45396,independent,supabase/supabase,agent,agent-trailer,substantive,4,0.5,0.25,0.25,1.25,1,0.75,5379,1507,,
supabase_supabase__45467,independent,supabase/supabase,human,none,substantive,3,1,0.666667,0.666667,2,1.6667,1.6667,3034,1901,,
supabase_supabase__45516,independent,supabase/supabase,agent,agent-trailer,substantive,3,0.666667,0.666667,0.666667,1.3333,1.6667,1.3333,3079,1698,,
supabase_supabase__45523,independent,supabase/supabase,agent,agent-trailer,substantive,3,0.333333,0,0.333333,1,0.6667,1.3333,1150,1016,,
supabase_supabase__45658,independent,supabase/supabase,human,none,substantive,3,0,0,0.666667,0,0,1.6667,887,1353,,
supabase_supabase__45716,independent,supabase/supabase,agent,agent-trailer,substantive,3,0,0,0,0.3333,0.3333,0.6667,2405,833,,
supabase_supabase__45787,independent,supabase/supabase,agent,agent-trailer,substantive,2,0.5,0.5,1,1,1.5,2,1155,638,,
supabase_supabase__45833,independent,supabase/supabase,agent,agent-trailer,substantive,3,0.666667,1,0.666667,1.6667,2,1.3333,2227,862,,
supabase_supabase__45941,independent,supabase/supabase,human,none,empty,3,0,0,0,0.3333,0,1,64,1264,,
supabase_supabase__46054,independent,supabase/supabase,agent,agent-trailer,substantive,3,0,0,0,0.6667,0.6667,0.6667,1566,742,,
supabase_supabase__46095,independent,supabase/supabase,agent,agent-trailer,substantive,3,0.333333,0.333333,0.666667,0.6667,0.6667,1.6667,2847,862,,
supabase_supabase__46138,independent,supabase/supabase,human,none,substantive,3,0,0,0,0.3333,0.3333,0.6667,953,457,,
supabase_supabase__46147,independent,supabase/supabase,agent,agent-trailer,substantive,3,0.666667,0.333333,0.666667,1.3333,1,1.3333,2260,1070,,
supabase_supabase__46150,independent,supabase/supabase,agent,agent-trailer,substantive,3,0,0,0.333333,0.6667,0.3333,1,1334,867,,
supabase_supabase__46168,independent,supabase/supabase,human,none,substantive,3,0.666667,0.666667,1,1.6667,1.3333,2,2571,1919,,
supabase_supabase__46198,independent,supabase/supabase,agent,agent-trailer,substantive,4,0.5,0.25,0.25,1,0.75,0.75,3311,1879,,
supabase_supabase__46232,independent,supabase/supabase,agent,agent-trailer,substantive,3,0.666667,0.666667,0,1.3333,1.3333,0.3333,1493,583,,
supabase_supabase__46241,independent,supabase/supabase,agent,agent-trailer,substantive,3,0.333333,0.333333,0,0.6667,0.6667,0.6667,2830,1692,,
supabase_supabase__46242,independent,supabase/supabase,agent,agent-trailer,substantive,3,0.333333,0,0,0.6667,0.6667,0.6667,2579,760,,
supabase_supabase__46245,independent,supabase/supabase,agent,agent-trailer,substantive,3,0.333333,0.333333,0.333333,0.6667,1,1.3333,1698,775,,
supabase_supabase__46319,independent,supabase/supabase,agent,agent-trailer,substantive,3,0.666667,0.666667,0.666667,1.3333,1.3333,1.6667,2627,2075,,
supabase_supabase__46359,independent,supabase/supabase,agent,agent-trailer,substantive,3,0.666667,0.666667,0.333333,1.6667,1.6667,1.3333,7007,2268,,
supabase_supabase__46371,independent,supabase/supabase,agent,agent-trailer,substantive,3,0.666667,0,1,1.6667,0.6667,2,2677,1166,,
supabase_supabase__46382,independent,supabase/supabase,agent,agent-trailer,substantive,3,0.666667,0.666667,0.666667,1.6667,1.6667,1.3333,1043,711,,
supabase_supabase__46499,independent,supabase/supabase,agent,agent-trailer,substantive,3,1,1,0.666667,2,2,1.6667,3492,1472,,
supabase_supabase__46562,independent,supabase/supabase,human,none,substantive,3,0,0,1,0.3333,0.3333,2,640,1296,,
supabase_supabase__46614,independent,supabase/supabase,agent,agent-trailer,substantive,3,0.666667,0.666667,0.333333,1.6667,1.3333,0.6667,2547,1592,,
supabase_supabase__46673,independent,supabase/supabase,agent,agent-trailer,substantive,3,0.666667,0.666667,0.333333,1.6667,1.6667,1,2219,1029,,
supabase_supabase__46720,independent,supabase/supabase,agent,agent-trailer,substantive,4,0.5,0,0.5,1.25,0.25,1.5,1607,746,,
supabase_supabase__46729,independent,supabase/supabase,agent,agent-trailer,substantive,3,0.666667,0.666667,1,1.3333,1.3333,2,1195,918,,
supabase_supabase__46771,independent,supabase/supabase,agent,agent-trailer,substantive,3,0.333333,1,0.333333,1,2,1,1646,637,,
supabase_supabase__46803,independent,supabase/supabase,agent,agent-trailer,substantive,3,0,0.333333,0.333333,0.3333,1,1,1848,1869,,
supabase_supabase__46830,independent,supabase/supabase,agent,agent-trailer,substantive,3,1,1,0.666667,2,2,1.6667,2079,1132,,
supabase_supabase__46928,independent,supabase/supabase,agent,agent-trailer,substantive,3,1,0.333333,1,2,1.3333,2,2569,1337,,
supabase_supabase__46953,independent,supabase/supabase,agent,agent-trailer,substantive,2,1,1,1,2,2,2,1570,721,,
supabase_supabase__46960,independent,supabase/supabase,agent,agent-trailer,substantive,3,0.666667,1,0.333333,1.6667,2,1.3333,2405,1097,,
supabase_supabase__46967,independent,supabase/supabase,agent,agent-trailer,substantive,3,0,0,0.333333,0.3333,0.3333,1.3333,1180,1932,,
supabase_supabase__46977,independent,supabase/supabase,human,none,substantive,4,0,0.5,0.25,1,1.25,1.25,2183,1554,,
supabase_supabase__47002,independent,supabase/supabase,human,none,substantive,3,0.333333,0,0,0.6667,0.3333,0.6667,1676,983,,
supabase_supabase__47007,independent,supabase/supabase,agent,agent-trailer,substantive,3,0,0,1,0.3333,0.3333,2,1560,2011,,
supabase_supabase__47024,independent,supabase/supabase,agent,agent-trailer,substantive,3,0,0,0.333333,0.6667,0.6667,1,2557,1298,,
supabase_supabase__47028,independent,supabase/supabase,agent,agent-trailer,substantive,3,0.333333,0.333333,0.333333,1,0.6667,1,1659,1112,,
supabase_supabase__47088,independent,supabase/supabase,agent,agent-trailer,substantive,3,1,0.666667,0.333333,2,1.6667,1.3333,2131,1531,,
supabase_supabase__47104,independent,supabase/supabase,human,none,substantive,3,1,0,0,2,0.3333,0.6667,2164,1308,,
supabase_supabase__47264,independent,supabase/supabase,agent,agent-trailer,substantive,4,0.5,0.5,1,1,1,2,2086,2048,,
supabase_supabase__47353,independent,supabase/supabase,agent,agent-trailer,substantive,3,0.666667,0.666667,0.666667,1.6667,1.3333,1.6667,1124,780,,
supabase_supabase__47363,independent,supabase/supabase,human,none,substantive,4,0.75,0.5,1,1.75,1.25,2,2485,2154,,
supabase_supabase__47406,independent,supabase/supabase,human,none,substantive,4,0,0,0,0,0,0.25,312,1628,,
supabase_supabase__47415,independent,supabase/supabase,agent,agent-footer,substantive,3,0,0,0,0.3333,0,0.6667,1162,593,,
supabase_supabase__47419,independent,supabase/supabase,agent,agent-trailer,substantive,3,0,0,0,0,0.3333,0.3333,723,673,,
supabase_supabase__47421,independent,supabase/supabase,human,none,substantive,4,0.25,0.25,0.5,0.5,0.75,1.5,2210,1258,,
supabase_supabase__47434,independent,supabase/supabase,agent,agent-trailer,substantive,3,0.666667,1,0.666667,1.6667,2,1.3333,2220,811,,
supabase_supabase__47436,independent,supabase/supabase,agent,agent-trailer,substantive,3,1,1,1,2,2,2,2233,672,,
supabase_supabase__47489,independent,supabase/supabase,agent,agent-trailer,substantive,4,0,0.25,0.25,0.5,0.5,1,2415,1368,,
supabase_supabase__47494,independent,supabase/supabase,agent,agent-trailer,substantive,3,1,0.666667,0.666667,2,1.6667,1.6667,1374,1031,,
supabase_supabase__47502,independent,supabase/supabase,agent,agent-trailer,substantive,4,0.5,0.5,0.25,1.5,1.25,1,1511,1363,,
supabase_supabase__47532,independent,supabase/supabase,human,none,empty,3,0,0,0.333333,0,0,1.3333,66,692,,
supabase_supabase__47560,independent,supabase/supabase,agent,agent-trailer,substantive,3,1,0.666667,0.666667,2,1.6667,1.6667,1968,1202,,
supabase_supabase__47583,independent,supabase/supabase,agent,agent-trailer,substantive,3,0.333333,0.333333,0.333333,0.6667,1,1,2125,1198,,
supabase_supabase__47631,independent,supabase/supabase,agent,agent-trailer,substantive,4,1,0.75,1,2,1.5,2,2262,1186,,
supabase_supabase__47724,independent,supabase/supabase,human,none,substantive,3,0.333333,0.333333,0.666667,1,1,1.6667,3561,1997,,
supabase_supabase__47864,independent,supabase/supabase,human,none,substantive,3,0,0,0,0.3333,0,0,1662,615,,
supabase_supabase__47880,independent,supabase/supabase,human,none,substantive,4,0,0,0.25,0.75,0.5,1,889,1820,,
supabase_supabase__48008,independent,supabase/supabase,human,none,substantive,3,1,1,1,2,2,2,3227,2032,,
supabase_supabase__48037,independent,supabase/supabase,agent,agent-trailer,substantive,3,1,0.666667,0.666667,2,1.6667,1.3333,1953,1097,,
supabase_supabase__48099,independent,supabase/supabase,agent,agent-trailer,substantive,4,0.5,0,0.75,1,0,1.75,1110,1089,,
supabase_supabase__48140,independent,supabase/supabase,human,none,substantive,3,0.333333,0.333333,1,0.6667,0.6667,2,2818,1509,,
supabase_supabase__48141,independent,supabase/supabase,human,none,substantive,3,0,0.333333,1,1,1.3333,2,725,1328,,
supabase_supabase__48142,independent,supabase/supabase,agent,bot-author,substantive,3,0.333333,0.333333,0,0.6667,1,0.3333,1820,590,,
supabase_supabase__48148,independent,supabase/supabase,agent,agent-trailer,substantive,4,1,1,0,2,2,0.75,9568,2066,,
supabase_supabase__48170,independent,supabase/supabase,human,none,substantive,3,0,0.333333,0.333333,0,0.6667,0.6667,2821,1426,,
supabase_supabase__48226,independent,supabase/supabase,agent,agent-trailer,substantive,3,0.666667,0.666667,0.333333,1.3333,1.6667,0.6667,2582,1310,,
supabase_supabase__48249,independent,supabase/supabase,agent,agent-trailer,substantive,4,0.5,0.25,1,1,0.5,2,2520,2259,,
supabase_supabase__48269,independent,supabase/supabase,agent,bot-author,substantive,3,0.333333,0.333333,0.333333,1,1,1.3333,2422,1017,,
supabase_supabase__48290,independent,supabase/supabase,human,none,substantive,3,0.666667,0.666667,0.666667,1.3333,1.3333,1.6667,1480,1194,,
supabase_supabase__48320,independent,supabase/supabase,agent,agent-trailer,substantive,3,1,0.666667,0.666667,2,1.6667,1.3333,3713,2678,,
apache_airflow__40457,paired,apache/airflow,human,none,empty,3,0,,0.666667,0.3333,,1.6667,,,38,Python
apache_airflow__40491,paired,apache/airflow,human,none,trivial,3,0,,0.666667,0,,1.3333,,,37,Python
apache_airflow__40558,paired,apache/airflow,human,none,substantive,4,0,,0.75,0.25,,1.5,,,42,Python
apache_airflow__40802,paired,apache/airflow,human,none,trivial,4,0,,0,0,,1,,,1009,Python
apache_airflow__40809,paired,apache/airflow,human,none,empty,3,0,,1,0,,2,,,210,Python
apache_airflow__40854,paired,apache/airflow,human,none,empty,4,0,,0.25,0,,0.75,,,245,Python
apache_airflow__41200,paired,apache/airflow,human,none,empty,3,0,,0.666667,0,,1.6667,,,135,TypeScript
apache_airflow__41277,paired,apache/airflow,human,none,trivial,3,0,,0.666667,0,,1.3333,,,319,Python
apache_airflow__41296,paired,apache/airflow,human,none,trivial,4,0,,1,0.5,,2,,,22,Python
apache_airflow__41396,paired,apache/airflow,human,none,empty,3,0,,0.333333,0,,1,,,564,Python
apache_airflow__41663,paired,apache/airflow,human,none,trivial,4,0,,0.75,0.25,,1.5,,,141,Python
apache_airflow__41846,paired,apache/airflow,human,none,substantive,4,0,,0.75,0.25,,1.75,,,23010,TypeScript
apache_airflow__42474,paired,apache/airflow,human,none,substantive,3,0,,1,0.6667,,2,,,104,Python
apache_airflow__42684,paired,apache/airflow,human,none,substantive,3,0,,1,1,,2,,,183,Python
apache_airflow__42758,paired,apache/airflow,human,none,substantive,3,0,,1,0.6667,,2,,,45,Python
apache_airflow__42761,paired,apache/airflow,human,none,substantive,3,0.333333,,0,1.3333,,1,,,782,Python
apache_airflow__42770,paired,apache/airflow,human,none,trivial,3,0,,0.666667,0,,1.3333,,,32,Python
apache_airflow__42794,paired,apache/airflow,human,none,empty,3,0,,0.333333,0,,1.3333,,,110,Python
apache_airflow__42865,paired,apache/airflow,human,none,substantive,3,0.666667,,0.666667,1.6667,,1.6667,,,169,Python
apache_airflow__43005,paired,apache/airflow,human,none,substantive,3,0.333333,,0.333333,0.6667,,1,,,176,JSON
apache_airflow__43159,paired,apache/airflow,human,none,empty,4,0,,0.5,0,,1,,,456,TypeScript
apache_airflow__43223,paired,apache/airflow,human,none,empty,3,0,,1,0,,2,,,374,TypeScript
apache_airflow__43669,paired,apache/airflow,human,none,trivial,3,0,,1,0.3333,,2,,,110,Python
apache_airflow__44287,paired,apache/airflow,human,none,empty,4,0,,0.25,0,,0.75,,,33,TOML
apache_airflow__44433,paired,apache/airflow,agent,agent-trailer,substantive,3,0,,0.666667,0.6667,,1.6667,,,583,Python
apache_airflow__44493,paired,apache/airflow,human,none,trivial,3,0,,0.666667,0,,1.6667,,,138,Python
apache_airflow__44627,paired,apache/airflow,human,none,substantive,3,0,,0,0,,0.3333,,,872,Python
apache_airflow__44704,paired,apache/airflow,human,none,trivial,3,0,,0.333333,0.3333,,1.3333,,,119,Python
apache_airflow__44745,paired,apache/airflow,human,none,trivial,3,0,,1,0,,2,,,56,Python
apache_airflow__44778,paired,apache/airflow,human,none,substantive,3,0.333333,,1,1,,2,,,29,Python
apache_airflow__44880,paired,apache/airflow,human,none,empty,3,0,,0.666667,0.6667,,1.3333,,,23,Python
apache_airflow__44939,paired,apache/airflow,human,none,trivial,3,0,,1,0.6667,,2,,,29,Python
apache_airflow__45075,paired,apache/airflow,human,none,substantive,4,0,,0.25,0.5,,1,,,271,Python
apache_airflow__45209,paired,apache/airflow,human,none,trivial,3,0,,0.666667,0.3333,,1.3333,,,29,Python
apache_airflow__45397,paired,apache/airflow,human,none,empty,4,0,,0.75,0.5,,1.75,,,314,Python
apache_airflow__45722,paired,apache/airflow,human,none,trivial,3,0,,0.666667,0.6667,,1.3333,,,34,YAML
apache_airflow__46037,paired,apache/airflow,human,none,trivial,3,0,,1,0.3333,,2,,,95,Python
apache_airflow__46063,paired,apache/airflow,human,none,empty,3,0,,0,0,,1,,,516,Python
apache_airflow__46073,paired,apache/airflow,human,none,empty,3,0,,1,0.6667,,2,,,21,Python
apache_airflow__46138,paired,apache/airflow,human,none,trivial,3,0,,1,0.6667,,2,,,726,TypeScript
apache_airflow__46142,paired,apache/airflow,human,none,empty,3,0,,0.666667,0,,1.6667,,,55,YAML
apache_airflow__46574,paired,apache/airflow,human,none,empty,3,0,,0.333333,0,,1,,,22,Python
apache_airflow__46826,paired,apache/airflow,human,none,substantive,3,0.333333,,0.333333,1,,1.3333,,,218,Python
apache_airflow__46848,paired,apache/airflow,human,none,substantive,3,0,,0.666667,0.6667,,1.3333,,,37,Python
apache_airflow__47124,paired,apache/airflow,human,none,substantive,3,0.333333,,0.666667,0.6667,,1.6667,,,33,YAML
apache_airflow__47241,paired,apache/airflow,human,none,substantive,3,0,,0.333333,0.6667,,1.3333,,,169,Python
apache_airflow__48461,paired,apache/airflow,human,none,substantive,3,0,,1,0,,2,,,92,Python
apache_airflow__48941,paired,apache/airflow,human,none,empty,4,0,,1,0.5,,2,,,140,Python
apache_airflow__48987,paired,apache/airflow,human,none,substantive,3,0,,0.666667,0.6667,,1.3333,,,167,Python
apache_airflow__49085,paired,apache/airflow,human,none,empty,3,0,,0.666667,0,,1.6667,,,20,Python
apache_airflow__49137,paired,apache/airflow,human,none,trivial,3,0,,0.666667,0,,1.3333,,,76,TypeScript
apache_airflow__49199,paired,apache/airflow,human,none,trivial,4,0,,0.25,0,,1,,,3786,Python
apache_airflow__49610,paired,apache/airflow,human,none,trivial,3,0,,0.666667,0.3333,,1.3333,,,26,Python
apache_airflow__49809,paired,apache/airflow,human,none,empty,3,0,,1,1,,2,,,228,Python
apache_airflow__50065,paired,apache/airflow,human,none,trivial,3,0,,0.666667,0,,1.3333,,,129,TypeScript
apache_airflow__50123,paired,apache/airflow,human,none,empty,4,0,,0.5,0,,1.5,,,156,Python
apache_airflow__50511,paired,apache/airflow,human,none,substantive,3,0,,0.333333,0.3333,,1.3333,,,155,YAML
apache_airflow__50532,paired,apache/airflow,human,none,empty,3,0,,1,0,,2,,,23,Python
apache_airflow__50670,paired,apache/airflow,human,none,empty,4,0,,0.75,0.5,,1.5,,,408,Python
apache_airflow__50960,paired,apache/airflow,agent,agent-trailer,substantive,4,0.25,,0,1,,0.75,,,1832,Python
apache_airflow__51297,paired,apache/airflow,human,none,trivial,3,0,,1,0,,2,,,66,Python
apache_airflow__51404,paired,apache/airflow,human,none,empty,3,0,,1,0.6667,,2,,,1156,JSON
apache_airflow__51650,paired,apache/airflow,human,none,empty,3,0,,0.333333,0,,1,,,111,JSON
apache_airflow__52262,paired,apache/airflow,human,none,substantive,3,0,,0.666667,0,,1.6667,,,210,Python
apache_airflow__52302,paired,apache/airflow,human,none,empty,3,0,,1,0,,2,,,388,TypeScript
apache_airflow__52404,paired,apache/airflow,human,none,substantive,4,0,,0,0,,0.5,,,172,TOML
apache_airflow__52564,paired,apache/airflow,human,none,empty,3,0,,1,0.3333,,2,,,44,Python
apache_airflow__52591,paired,apache/airflow,human,none,substantive,3,0.333333,,0.666667,1,,1.6667,,,316,Python
apache_airflow__52737,paired,apache/airflow,human,none,empty,3,0,,1,0.3333,,2,,,358,TypeScript
apache_airflow__52800,paired,apache/airflow,human,none,empty,3,0,,1,0,,2,,,53,Python
apache_airflow__53153,paired,apache/airflow,agent,agent-trailer,substantive,3,0,,0,0.3333,,1,,,464,Python
apache_airflow__53314,paired,apache/airflow,human,none,empty,3,0,,0.666667,0.3333,,1.6667,,,46,Python
apache_airflow__53350,paired,apache/airflow,human,none,substantive,3,0,,0.333333,0,,1,,,29,YAML
apache_airflow__53390,paired,apache/airflow,human,none,substantive,3,0,,1,0.6667,,2,,,49,Python
apache_airflow__53420,paired,apache/airflow,human,none,substantive,4,0,,0.75,0.25,,1.75,,,214,Python
apache_airflow__53514,paired,apache/airflow,human,none,empty,3,0,,0.333333,0.6667,,1,,,122,Python
apache_airflow__54487,paired,apache/airflow,human,none,substantive,3,0,,0.666667,0.3333,,1.6667,,,46,Python
apache_airflow__54679,paired,apache/airflow,human,none,substantive,4,0,,0.75,0.75,,1.75,,,173,Python
apache_airflow__54731,paired,apache/airflow,human,none,substantive,3,0,,1,0,,2,,,39,Go
apache_airflow__55090,paired,apache/airflow,human,none,substantive,3,0,,0,0,,0.6667,,,30,YAML
apache_airflow__55114,paired,apache/airflow,human,none,empty,3,0,,0.666667,0.6667,,1.6667,,,188,TypeScript
apache_airflow__55118,paired,apache/airflow,human,none,empty,3,0,,1,0,,2,,,77,Python
apache_airflow__55486,paired,apache/airflow,human,none,empty,3,0,,0.666667,0.3333,,1.6667,,,514,TypeScript
apache_airflow__55499,paired,apache/airflow,human,none,substantive,3,0,,0.666667,0.6667,,1.6667,,,103,Python
apache_airflow__55972,paired,apache/airflow,human,none,empty,3,0,,0.333333,0,,1.3333,,,631,Python
apache_airflow__56007,paired,apache/airflow,human,none,trivial,3,0,,0.333333,0.3333,,1,,,279,TOML
apache_airflow__56077,paired,apache/airflow,human,none,trivial,3,0,,0.666667,0.3333,,1.6667,,,61,Python
apache_airflow__56608,paired,apache/airflow,human,none,substantive,3,0,,0.333333,0,,1,,,20,Python
apache_airflow__56692,paired,apache/airflow,human,none,empty,3,0,,1,1,,2,,,94,Python
apache_airflow__56695,paired,apache/airflow,human,none,substantive,3,0.666667,,0.333333,1.6667,,1.3333,,,116,Python
apache_airflow__56936,paired,apache/airflow,human,none,substantive,3,0.333333,,0.333333,0.6667,,1.3333,,,545,Python
apache_airflow__57010,paired,apache/airflow,human,none,substantive,3,0,,1,0.6667,,2,,,186,Python
apache_airflow__57103,paired,apache/airflow,human,none,trivial,3,0,,0.666667,0,,1.6667,,,50,Python
apache_airflow__57228,paired,apache/airflow,human,none,empty,3,0,,1,0.3333,,2,,,22,Python
apache_airflow__57667,paired,apache/airflow,agent,agent-trailer,substantive,3,0,,0.666667,0,,1.3333,,,669,Python
apache_airflow__57741,paired,apache/airflow,agent,agent-trailer,substantive,3,0,,0.666667,0,,1.6667,,,395,Python
apache_airflow__58292,paired,apache/airflow,human,none,substantive,3,0,,0.666667,0.3333,,1.6667,,,152,TypeScript
apache_airflow__58733,paired,apache/airflow,human,none,empty,4,0.25,,0.75,1,,1.75,,,43,Python
apache_airflow__58838,paired,apache/airflow,agent,agent-trailer,trivial,3,0,,1,0,,2,,,86,Python
apache_airflow__58888,paired,apache/airflow,human,none,trivial,3,0,,0.666667,0.3333,,1.6667,,,51,Python
apache_airflow__59507,paired,apache/airflow,human,none,substantive,3,1,,1,2,,2,,,56,TypeScript
apache_airflow__59804,paired,apache/airflow,human,none,empty,4,0,,1,0.25,,2,,,43,Python
apache_airflow__59805,paired,apache/airflow,agent,agent-trailer,substantive,4,0.75,,0.25,1.75,,1,,,3549,Python
apache_airflow__60146,paired,apache/airflow,human,none,empty,3,0,,1,0,,2,,,27,Python
apache_airflow__60440,paired,apache/airflow,agent,agent-trailer,substantive,3,0,,0.666667,0.3333,,1.6667,,,272,Python
apache_airflow__60545,paired,apache/airflow,human,none,substantive,3,0,,0.666667,0.6667,,1.3333,,,373,Python
apache_airflow__60633,paired,apache/airflow,human,none,empty,3,0,,0,0.3333,,0.6667,,,72,JSON
apache_airflow__60647,paired,apache/airflow,human,none,empty,3,0,,1,0,,2,,,56,Python
apache_airflow__60676,paired,apache/airflow,human,none,empty,3,0,,0.666667,0.3333,,1.6667,,,129,Python
apache_airflow__60735,paired,apache/airflow,human,none,empty,3,0,,1,0,,2,,,30,Python
apache_airflow__61560,paired,apache/airflow,agent,agent-trailer,substantive,3,0.666667,,0.666667,1.6667,,1.6667,,,59,TypeScript
apache_airflow__61706,paired,apache/airflow,human,none,empty,3,0,,0.666667,0,,1.3333,,,24,Python
apache_airflow__61854,paired,apache/airflow,agent,agent-trailer,substantive,3,0.666667,,0.333333,1.6667,,1.3333,,,335,TypeScript
apache_airflow__61861,paired,apache/airflow,human,none,empty,3,0,,0.666667,0.6667,,1.6667,,,214,Python
apache_airflow__62401,paired,apache/airflow,human,none,substantive,3,0,,1,0,,2,,,321,Python
apache_airflow__62509,paired,apache/airflow,human,none,empty,3,0,,1,1,,2,,,150,Python
apache_airflow__62570,paired,apache/airflow,agent,agent-trailer,substantive,3,0.333333,,0.333333,1,,1.3333,,,611,TOML
apache_airflow__62580,paired,apache/airflow,agent,agent-trailer,substantive,3,0.333333,,0.666667,1.3333,,1.6667,,,73,Python
apache_airflow__62627,paired,apache/airflow,human,none,empty,4,0,,0.25,0,,1.25,,,164,Python
apache_airflow__62657,paired,apache/airflow,agent,agent-trailer,substantive,3,0.333333,,0.666667,0.6667,,1.3333,,,199,Python
apache_airflow__62662,paired,apache/airflow,agent,agent-trailer,substantive,3,0.666667,,0.666667,1.3333,,1.6667,,,53,Python
apache_airflow__62665,paired,apache/airflow,agent,agent-trailer,substantive,3,0.666667,,0,1.6667,,1,,,33,Python
apache_airflow__62682,paired,apache/airflow,agent,agent-trailer,substantive,4,0,,0.25,0.25,,0.5,,,3268,Python
apache_airflow__62702,paired,apache/airflow,agent,agent-trailer,trivial,3,0,,0.666667,0,,1.3333,,,106,Python
apache_airflow__62723,paired,apache/airflow,agent,agent-trailer,substantive,3,1,,0.666667,2,,1.6667,,,39,TOML
apache_airflow__62737,paired,apache/airflow,human,none,substantive,3,0,,1,1,,2,,,78,Python
apache_airflow__62742,paired,apache/airflow,agent,agent-trailer,empty,3,0,,0.333333,0,,1.3333,,,27,Python
apache_airflow__62755,paired,apache/airflow,agent,agent-trailer,substantive,3,0,,1,0.6667,,2,,,139,Python
apache_airflow__62820,paired,apache/airflow,agent,agent-trailer,empty,4,0,,0.5,0.75,,1.5,,,977,Python
apache_airflow__62831,paired,apache/airflow,agent,agent-trailer,substantive,4,0.75,,1,1.75,,2,,,121,TypeScript
apache_airflow__62835,paired,apache/airflow,agent,agent-trailer,substantive,3,0,,1,0.6667,,2,,,36,TypeScript
apache_airflow__62907,paired,apache/airflow,agent,agent-trailer,substantive,3,0,,0.666667,0.6667,,1.6667,,,247,Python
apache_airflow__62983,paired,apache/airflow,agent,agent-trailer,substantive,3,0.666667,,0.666667,1.6667,,1.6667,,,345,Python
apache_airflow__63016,paired,apache/airflow,human,none,trivial,4,0,,0.75,0.5,,1.75,,,122,Python
apache_airflow__63048,paired,apache/airflow,agent,agent-trailer,substantive,3,0.666667,,1,1.6667,,2,,,34,Python
apache_airflow__63210,paired,apache/airflow,human,none,substantive,3,0,,1,0.3333,,2,,,28,Python
apache_airflow__63300,paired,apache/airflow,agent,agent-trailer,substantive,3,0,,0.666667,0.6667,,1.6667,,,422,Python
apache_airflow__63315,paired,apache/airflow,agent,agent-trailer,substantive,4,0,,0.5,0.5,,1.5,,,220,Python
apache_airflow__63317,paired,apache/airflow,agent,agent-trailer,substantive,3,0.666667,,0.333333,1.6667,,1.3333,,,82,Python
apache_airflow__63319,paired,apache/airflow,agent,agent-trailer,substantive,3,0.666667,,1,1.3333,,2,,,766,Python
apache_airflow__63320,paired,apache/airflow,agent,agent-trailer,substantive,3,0.666667,,0.666667,1.3333,,1.3333,,,22,Python
apache_airflow__63347,paired,apache/airflow,agent,agent-trailer,substantive,3,0,,0.333333,0.3333,,1,,,1850,Python
apache_airflow__63387,paired,apache/airflow,human,none,trivial,3,0,,1,0,,2,,,63,Python
apache_airflow__63422,paired,apache/airflow,agent,agent-trailer,empty,4,0,,0.5,0,,1,,,469,Python
apache_airflow__63440,paired,apache/airflow,agent,agent-trailer,substantive,3,0.333333,,0.666667,1,,1.3333,,,662,Python
apache_airflow__63475,paired,apache/airflow,agent,agent-trailer,empty,3,0,,0.666667,1,,1.6667,,,66,Python
apache_airflow__63476,paired,apache/airflow,agent,agent-trailer,substantive,3,0.666667,,1,1.6667,,2,,,95,Python
apache_airflow__63520,paired,apache/airflow,agent,agent-trailer,substantive,3,0.666667,,0.333333,1.6667,,1.3333,,,2294,Python
apache_airflow__63531,paired,apache/airflow,human,none,empty,3,0,,0.666667,1,,1.3333,,,31,Python
apache_airflow__63561,paired,apache/airflow,agent,agent-trailer,substantive,4,0,,0,0,,0.5,,,3151,Python
apache_airflow__63598,paired,apache/airflow,agent,agent-trailer,substantive,4,0.25,,0,0.75,,0.5,,,2134,Python
apache_airflow__63606,paired,apache/airflow,agent,agent-trailer,substantive,3,1,,1,2,,2,,,42,Python
apache_airflow__63901,paired,apache/airflow,agent,agent-trailer,substantive,3,0,,0.333333,0.6667,,1.3333,,,699,Python
apache_airflow__64164,paired,apache/airflow,agent,agent-trailer,substantive,3,0,,1,0.6667,,2,,,41,Python
apache_airflow__64189,paired,apache/airflow,agent,agent-trailer,substantive,3,0,,1,0.6667,,2,,,52,TypeScript
apache_airflow__64246,paired,apache/airflow,human,none,trivial,3,0,,0.666667,0.3333,,1.3333,,,27,Python
apache_airflow__64285,paired,apache/airflow,human,none,substantive,3,0.333333,,1,1,,2,,,44,Python
apache_airflow__64384,paired,apache/airflow,agent,agent-trailer,substantive,3,0.666667,,1,1.6667,,2,,,56,Python
apache_airflow__64425,paired,apache/airflow,human,none,empty,3,0,,0.333333,0,,1,,,57,Python
apache_airflow__64471,paired,apache/airflow,human,none,trivial,3,0,,1,0.3333,,2,,,125,Python
apache_airflow__64725,paired,apache/airflow,human,none,substantive,4,0.5,,0.75,1,,1.75,,,107,Shell
apache_airflow__64804,paired,apache/airflow,agent,agent-trailer,substantive,3,0.666667,,0.333333,1.3333,,1.3333,,,47,Python
apache_airflow__64994,paired,apache/airflow,agent,agent-trailer,substantive,3,0,,0.666667,0,,1.3333,,,75,Python
apache_airflow__65161,paired,apache/airflow,human,none,substantive,3,0,,1,0.3333,,2,,,61,Python
apache_airflow__65422,paired,apache/airflow,agent,agent-trailer,substantive,3,1,,1,2,,2,,,25,Python
apache_airflow__65493,paired,apache/airflow,human,none,empty,3,0,,0.666667,0,,1.6667,,,235,Python
apache_airflow__65550,paired,apache/airflow,human,none,substantive,3,0.666667,,0.666667,1.6667,,1.6667,,,97,Shell
apache_airflow__65690,paired,apache/airflow,human,none,empty,3,0,,0.666667,0.3333,,1.6667,,,263,Python
apache_airflow__65852,paired,apache/airflow,agent,agent-trailer,substantive,3,0.333333,,1,0.6667,,2,,,56,Python
apache_airflow__66013,paired,apache/airflow,agent,agent-trailer,substantive,4,0.5,,0.5,1.5,,1.25,,,700,Python
apache_airflow__66186,paired,apache/airflow,human,none,empty,3,0,,0.666667,0,,1.6667,,,104,Python
apache_airflow__66198,paired,apache/airflow,agent,agent-trailer,substantive,3,0.666667,,1,1.6667,,2,,,42,TypeScript
apache_airflow__66433,paired,apache/airflow,agent,agent-trailer,substantive,3,0.666667,,0.666667,1.3333,,1.6667,,,229,TypeScript
apache_airflow__66571,paired,apache/airflow,human,none,substantive,4,0.75,,0.25,1.75,,1,,,146,Python
apache_airflow__66699,paired,apache/airflow,human,none,empty,3,0,,0.333333,0,,1.3333,,,338,Python
apache_airflow__66808,paired,apache/airflow,human,none,substantive,3,0,,0.333333,0.3333,,0.6667,,,29,Python
apache_airflow__67065,paired,apache/airflow,human,none,substantive,3,0.333333,,0.666667,1.3333,,1.6667,,,72,Python
apache_airflow__67076,paired,apache/airflow,agent,agent-trailer,substantive,4,0.75,,1,1.75,,2,,,274,Python
apache_airflow__67112,paired,apache/airflow,human,none,substantive,3,0.666667,,0.666667,1.6667,,1.6667,,,157,Python
apache_airflow__67214,paired,apache/airflow,human,none,empty,3,0,,1,0.6667,,2,,,155,Python
apache_airflow__67229,paired,apache/airflow,agent,agent-trailer,substantive,3,0.666667,,1,1.6667,,2,,,372,Python
apache_airflow__67237,paired,apache/airflow,human,none,trivial,3,0,,1,0,,2,,,23,Python
apache_airflow__67242,paired,apache/airflow,human,none,substantive,3,0,,0.666667,0.6667,,1.6667,,,869,TypeScript
apache_airflow__67297,paired,apache/airflow,agent,agent-trailer,substantive,3,0.666667,,0.333333,1.3333,,1,,,96,Python
apache_airflow__67317,paired,apache/airflow,human,none,substantive,3,0.333333,,0.333333,1,,0.6667,,,2231,Go
apache_airflow__67333,paired,apache/airflow,agent,agent-trailer,substantive,3,1,,0.333333,2,,1.3333,,,729,Python
apache_airflow__67389,paired,apache/airflow,human,none,substantive,3,0.333333,,0,1.3333,,1,,,659,Python
apache_airflow__67662,paired,apache/airflow,agent,agent-trailer,substantive,3,0.666667,,0.666667,1.6667,,1.6667,,,117,Python
apache_airflow__67667,paired,apache/airflow,human,none,substantive,3,0.666667,,1,1.6667,,2,,,122,Python
apache_airflow__67681,paired,apache/airflow,human,none,trivial,3,0,,0.666667,0,,1.6667,,,31,YAML
apache_airflow__68049,paired,apache/airflow,human,none,substantive,4,0.75,,1,1.5,,2,,,104,Python
apache_airflow__68059,paired,apache/airflow,agent,agent-trailer,substantive,4,0.5,,0.5,1,,1,,,100,Python
apache_airflow__68109,paired,apache/airflow,agent,agent-trailer,substantive,3,0,,0.666667,0.3333,,1.6667,,,316,Python
apache_airflow__68133,paired,apache/airflow,human,none,empty,4,0,,1,0,,2,,,134,Python
apache_airflow__68283,paired,apache/airflow,human,none,substantive,4,0.25,,0.25,1,,1,,,683,Python
apache_airflow__68336,paired,apache/airflow,agent,agent-trailer,substantive,3,0.333333,,1,1.3333,,2,,,81,Python
apache_airflow__68368,paired,apache/airflow,agent,agent-trailer,substantive,3,0.666667,,0.666667,1.6667,,1.6667,,,965,Python
apache_airflow__68385,paired,apache/airflow,agent,agent-trailer,substantive,3,0,,0,0,,0,,,214,JSON
apache_airflow__68492,paired,apache/airflow,human,none,substantive,3,0.666667,,0.333333,1.6667,,1.3333,,,151,Python
apache_airflow__68497,paired,apache/airflow,agent,agent-trailer,trivial,3,0,,1,1,,2,,,1312,Python
apache_airflow__68506,paired,apache/airflow,human,none,substantive,3,0.333333,,1,1.3333,,2,,,115,Python
apache_airflow__68591,paired,apache/airflow,agent,agent-trailer,substantive,3,1,,1,2,,2,,,258,Python
apache_airflow__68616,paired,apache/airflow,agent,agent-trailer,substantive,3,0,,0.333333,0,,1,,,149,Python
apache_airflow__68671,paired,apache/airflow,human,none,trivial,3,0,,1,0.3333,,2,,,227,Python
apache_airflow__68702,paired,apache/airflow,human,none,substantive,4,0.5,,0,1,,0.75,,,2596,Python
apache_airflow__68743,paired,apache/airflow,agent,agent-trailer,substantive,3,0,,0,0.3333,,0.6667,,,418,JSON
apache_airflow__68882,paired,apache/airflow,agent,agent-trailer,substantive,3,0.666667,,0.333333,1.6667,,1.3333,,,113,Python
apache_airflow__68916,paired,apache/airflow,human,none,substantive,4,0.25,,1,1,,2,,,111,Python
apache_airflow__69283,paired,apache/airflow,agent,agent-trailer,substantive,3,0.666667,,1,1.6667,,2,,,114,Python
apache_airflow__69307,paired,apache/airflow,human,none,substantive,3,0.666667,,0.666667,1.6667,,1.6667,,,72,Python
apache_airflow__69328,paired,apache/airflow,human,none,substantive,3,0,,0.333333,0.6667,,1.3333,,,386,Python
apache_airflow__69772,paired,apache/airflow,agent,agent-trailer,substantive,4,0,,0.75,0.5,,1.5,,,254,Python
apache_airflow__69780,paired,apache/airflow,agent,agent-trailer,substantive,3,0.666667,,0.666667,1.3333,,1.3333,,,22,Python
apache_airflow__69830,paired,apache/airflow,agent,agent-trailer,trivial,3,0,,1,0.6667,,2,,,39,Python
apache_airflow__70007,paired,apache/airflow,agent,agent-trailer,substantive,3,0,,0.666667,0.3333,,1.3333,,,57,Python
apache_airflow__70432,paired,apache/airflow,human,none,empty,3,0,,1,0.6667,,2,,,53,Python
apache_airflow__70650,paired,apache/airflow,human,none,substantive,3,0.666667,,1,1.3333,,2,,,311,Python
grafana_grafana__100478,paired,grafana/grafana,human,none,empty,3,0,,1,0.6667,,2,,,44,TypeScript
grafana_grafana__100884,paired,grafana/grafana,human,none,substantive,3,0.333333,,0,1,,0.6667,,,2518,TypeScript
grafana_grafana__101180,paired,grafana/grafana,human,none,substantive,4,0.5,,0.25,1.25,,0.75,,,1415,TypeScript
grafana_grafana__101215,paired,grafana/grafana,human,none,substantive,3,0,,0.666667,0.3333,,1.3333,,,39,Go
grafana_grafana__101428,paired,grafana/grafana,human,none,trivial,4,0,,1,1,,2,,,51,TypeScript
grafana_grafana__101449,paired,grafana/grafana,human,none,substantive,3,0,,0,0.6667,,1,,,735,Go
grafana_grafana__101504,paired,grafana/grafana,human,none,trivial,3,0,,1,1,,2,,,26,TypeScript
grafana_grafana__101703,paired,grafana/grafana,human,none,substantive,3,0,,0.333333,0.6667,,1.3333,,,2247,TypeScript
grafana_grafana__101753,paired,grafana/grafana,human,none,empty,3,0,,1,0,,2,,,198,TypeScript
grafana_grafana__101860,paired,grafana/grafana,human,none,trivial,3,0,,1,0.6667,,2,,,206,TypeScript
grafana_grafana__102232,paired,grafana/grafana,human,none,substantive,3,0.333333,,1,1.3333,,2,,,50,TypeScript
grafana_grafana__102233,paired,grafana/grafana,human,none,empty,3,0,,0.666667,0,,1.6667,,,157,Go
grafana_grafana__102325,paired,grafana/grafana,human,none,substantive,3,0.666667,,0,1.6667,,0.3333,,,44,TypeScript
grafana_grafana__102331,paired,grafana/grafana,human,none,empty,3,0,,1,0,,2,,,69,TypeScript
grafana_grafana__102359,paired,grafana/grafana,human,none,substantive,4,0,,0.75,0.75,,1.75,,,1813,TypeScript
grafana_grafana__102444,paired,grafana/grafana,human,none,empty,3,0,,0,0,,1,,,677,Go
grafana_grafana__102556,paired,grafana/grafana,human,none,substantive,3,0,,0.666667,0.6667,,1.6667,,,173,Go
grafana_grafana__102571,paired,grafana/grafana,human,none,substantive,3,0,,1,1,,2,,,433,TypeScript
grafana_grafana__102905,paired,grafana/grafana,human,none,substantive,3,0,,1,1,,2,,,85,TypeScript
grafana_grafana__103173,paired,grafana/grafana,human,none,trivial,3,0,,0.333333,0,,0.6667,,,102,Go
grafana_grafana__103428,paired,grafana/grafana,human,none,trivial,2,0,,1,0,,2,,,6048,JSON
grafana_grafana__103473,paired,grafana/grafana,human,none,empty,3,0,,1,0.6667,,2,,,41,TypeScript
grafana_grafana__103518,paired,grafana/grafana,human,none,empty,3,0,,0.333333,0,,1,,,281,TypeScript
grafana_grafana__103739,paired,grafana/grafana,human,none,trivial,3,0,,0,0,,1,,,58,TypeScript
grafana_grafana__104158,paired,grafana/grafana,human,none,empty,3,0,,1,0.3333,,2,,,136,TypeScript
grafana_grafana__104252,paired,grafana/grafana,human,none,substantive,4,0,,0.25,0.75,,1,,,854,Go
grafana_grafana__104611,paired,grafana/grafana,human,none,substantive,4,0,,0.5,0.75,,1.5,,,389,TypeScript
grafana_grafana__104778,paired,grafana/grafana,human,none,trivial,3,0,,0.333333,0.3333,,1.3333,,,34,YAML
grafana_grafana__104891,paired,grafana/grafana,human,none,trivial,3,0,,1,0.6667,,2,,,51,TypeScript
grafana_grafana__105006,paired,grafana/grafana,human,none,empty,3,0,,0,0,,0.3333,,,605,JavaScript
grafana_grafana__105011,paired,grafana/grafana,human,none,substantive,3,0,,0.666667,1,,1.6667,,,30,YAML
grafana_grafana__105280,paired,grafana/grafana,human,none,substantive,4,0,,1,0.25,,2,,,28,YAML
grafana_grafana__105383,paired,grafana/grafana,human,none,empty,3,0.333333,,1,1.3333,,2,,,108,Go
grafana_grafana__105478,paired,grafana/grafana,human,none,substantive,3,0,,1,0.6667,,2,,,152,YAML
grafana_grafana__105542,paired,grafana/grafana,human,none,substantive,3,0,,0.333333,0,,1.3333,,,206,TypeScript
grafana_grafana__105543,paired,grafana/grafana,human,none,empty,3,0.333333,,1,1.3333,,2,,,76,Go
grafana_grafana__105598,paired,grafana/grafana,human,none,substantive,3,0,,0.666667,0,,1.6667,,,950,TypeScript
grafana_grafana__105639,paired,grafana/grafana,human,none,empty,4,0,,0.75,0.5,,1.5,,,669,TypeScript
grafana_grafana__105718,paired,grafana/grafana,human,none,empty,3,0,,1,0,,2,,,40,Go
grafana_grafana__105860,paired,grafana/grafana,human,none,empty,3,0,,1,0.6667,,2,,,764,TypeScript
grafana_grafana__106299,paired,grafana/grafana,human,none,substantive,3,0,,1,0.3333,,2,,,61,Go
grafana_grafana__106338,paired,grafana/grafana,human,none,substantive,3,0,,0.666667,0.6667,,1.6667,,,28,TypeScript
grafana_grafana__106365,paired,grafana/grafana,human,none,empty,3,0,,0.666667,0,,1.6667,,,37,Go
grafana_grafana__106604,paired,grafana/grafana,human,none,substantive,4,0,,0.75,0.75,,1.75,,,199,TypeScript
grafana_grafana__106761,paired,grafana/grafana,human,none,trivial,3,0,,1,0,,2,,,233,Go
grafana_grafana__106846,paired,grafana/grafana,human,none,empty,4,0,,0.75,0,,1.75,,,57,TypeScript
grafana_grafana__107047,paired,grafana/grafana,human,none,trivial,3,0,,0.666667,0.3333,,1.6667,,,65,Go
grafana_grafana__107193,paired,grafana/grafana,human,none,trivial,3,0,,1,0,,2,,,37,TypeScript
grafana_grafana__107592,paired,grafana/grafana,human,none,substantive,3,0,,0.666667,0.3333,,1.6667,,,133,Go
grafana_grafana__107667,paired,grafana/grafana,human,none,substantive,3,0,,0.333333,0.6667,,1.3333,,,653,TypeScript
grafana_grafana__107808,paired,grafana/grafana,human,none,substantive,3,0,,1,0.6667,,2,,,178,Go
grafana_grafana__107953,paired,grafana/grafana,human,none,substantive,3,0,,1,1,,2,,,201,TypeScript
grafana_grafana__108090,paired,grafana/grafana,human,none,empty,3,0,,1,0,,2,,,89,TypeScript
grafana_grafana__108134,paired,grafana/grafana,human,none,substantive,4,0,,0,0.25,,1,,,1003,TypeScript
grafana_grafana__108144,paired,grafana/grafana,agent,agent-trailer,substantive,3,0,,1,0.3333,,2,,,52,Shell
grafana_grafana__108186,paired,grafana/grafana,human,none,trivial,3,0,,1,1,,2,,,39,Go
grafana_grafana__108444,paired,grafana/grafana,human,none,substantive,3,0,,0.666667,1,,1.3333,,,184,Go
grafana_grafana__108577,paired,grafana/grafana,human,none,empty,3,0,,1,0.3333,,2,,,60,Go
grafana_grafana__108612,paired,grafana/grafana,human,none,substantive,3,0,,0,0,,1,,,1022,TypeScript
grafana_grafana__109033,paired,grafana/grafana,human,none,trivial,3,0,,1,0.3333,,2,,,77,TypeScript
grafana_grafana__109249,paired,grafana/grafana,human,none,empty,3,0,,0.333333,0,,1.3333,,,1545,Go
grafana_grafana__109347,paired,grafana/grafana,human,none,trivial,3,0,,1,0.6667,,2,,,45,Go
grafana_grafana__109490,paired,grafana/grafana,human,none,trivial,3,0,,1,0.3333,,2,,,60,TypeScript
grafana_grafana__109622,paired,grafana/grafana,human,none,trivial,3,0,,0.666667,0.3333,,1.3333,,,57,TypeScript
grafana_grafana__109883,paired,grafana/grafana,human,none,empty,3,0,,0.333333,0,,1,,,110,TypeScript
grafana_grafana__110226,paired,grafana/grafana,human,none,trivial,3,0,,0,0,,0.6667,,,63,Go
grafana_grafana__110299,paired,grafana/grafana,human,none,substantive,3,0.333333,,0.333333,1,,1.3333,,,202,TypeScript
grafana_grafana__110451,paired,grafana/grafana,human,none,empty,3,0,,0.333333,0,,1.3333,,,27,JSON
grafana_grafana__110648,paired,grafana/grafana,human,none,substantive,3,0,,0,1,,1,,,324,TypeScript
grafana_grafana__110666,paired,grafana/grafana,agent,agent-trailer,substantive,3,0,,0.666667,0.6667,,1.3333,,,539,TypeScript
grafana_grafana__110750,paired,grafana/grafana,human,none,trivial,3,0,,0.666667,0.3333,,1.3333,,,53,Go
grafana_grafana__111016,paired,grafana/grafana,human,none,trivial,3,0,,0.666667,0.3333,,1.6667,,,64,TypeScript
grafana_grafana__111021,paired,grafana/grafana,human,none,empty,3,0,,1,1,,2,,,30,TypeScript
grafana_grafana__111132,paired,grafana/grafana,human,none,empty,3,0,,0,0,,0.6667,,,59,Other
grafana_grafana__111481,paired,grafana/grafana,human,none,empty,3,0,,1,0.6667,,2,,,105,Go
grafana_grafana__111502,paired,grafana/grafana,human,none,trivial,4,0,,1,0.25,,2,,,30,TypeScript
grafana_grafana__111842,paired,grafana/grafana,human,none,trivial,3,0,,1,0,,2,,,57,Go
grafana_grafana__112027,paired,grafana/grafana,human,none,trivial,2,0,,0,0,,0.5,,,144,JSON
grafana_grafana__112170,paired,grafana/grafana,human,none,trivial,3,0,,1,0,,2,,,30,Go
grafana_grafana__112212,paired,grafana/grafana,human,none,trivial,3,0,,0,0.3333,,0.3333,,,20,Go
grafana_grafana__112391,paired,grafana/grafana,human,none,substantive,3,0.333333,,0.666667,1.3333,,1.6667,,,1304,Go
grafana_grafana__112580,paired,grafana/grafana,human,none,trivial,3,0,,0.333333,0.6667,,1.3333,,,36,JSON
grafana_grafana__112862,paired,grafana/grafana,human,none,trivial,3,0.333333,,0.666667,1,,1.6667,,,80,Go
grafana_grafana__113216,paired,grafana/grafana,human,none,trivial,3,0,,1,0.3333,,2,,,55,TypeScript
grafana_grafana__113254,paired,grafana/grafana,human,none,empty,3,0,,1,0.3333,,2,,,253,TypeScript
grafana_grafana__113297,paired,grafana/grafana,agent,agent-trailer,substantive,3,0,,0.666667,1,,1.6667,,,3985,Go
grafana_grafana__113442,paired,grafana/grafana,human,none,trivial,3,0,,1,0.6667,,2,,,21,Go
grafana_grafana__113454,paired,grafana/grafana,agent,agent-trailer,substantive,3,0.333333,,1,1,,2,,,516,Go
grafana_grafana__113492,paired,grafana/grafana,human,none,trivial,3,0,,0.333333,0,,0.6667,,,49,Go
grafana_grafana__114137,paired,grafana/grafana,human,none,empty,3,0,,0.333333,0.3333,,1,,,1874,Go
grafana_grafana__114190,paired,grafana/grafana,human,none,substantive,3,0,,1,0.6667,,2,,,359,TypeScript
grafana_grafana__114203,paired,grafana/grafana,human,none,substantive,3,0,,0.333333,1,,1.3333,,,471,TypeScript
grafana_grafana__114273,paired,grafana/grafana,human,none,trivial,3,0,,0.666667,1,,1.6667,,,497,Go
grafana_grafana__114403,paired,grafana/grafana,human,none,trivial,3,0,,1,1,,2,,,48,TypeScript
grafana_grafana__114470,paired,grafana/grafana,human,none,substantive,3,0,,0.666667,0,,1.6667,,,756,Go
grafana_grafana__114869,paired,grafana/grafana,human,none,empty,3,0,,0.666667,0,,1.6667,,,154,Go
grafana_grafana__115329,paired,grafana/grafana,agent,agent-trailer,substantive,4,1,,0.25,2,,1.25,,,418,Go
grafana_grafana__115337,paired,grafana/grafana,agent,agent-trailer,substantive,3,0.333333,,0.333333,1.3333,,1.3333,,,1710,Go
grafana_grafana__115382,paired,grafana/grafana,human,none,empty,4,0,,0.75,0,,1.75,,,156,Go
grafana_grafana__115471,paired,grafana/grafana,human,none,substantive,3,0,,0,0,,1,,,6026,JSON
grafana_grafana__115595,paired,grafana/grafana,human,none,empty,3,0,,0.666667,0.6667,,1.6667,,,417,TypeScript
grafana_grafana__115627,paired,grafana/grafana,agent,agent-trailer,substantive,3,0,,1,0.3333,,2,,,531,Go
grafana_grafana__115746,paired,grafana/grafana,human,none,substantive,3,0,,0.333333,0.3333,,1,,,2405,Go
grafana_grafana__115895,paired,grafana/grafana,human,none,substantive,3,0,,0.333333,0.3333,,0.6667,,,60,Go
grafana_grafana__116050,paired,grafana/grafana,human,none,empty,3,0,,1,0,,2,,,1412,TypeScript
grafana_grafana__116063,paired,grafana/grafana,agent,agent-trailer,substantive,4,0.25,,0.5,1,,1.25,,,460,Go
grafana_grafana__116104,paired,grafana/grafana,human,none,substantive,3,0,,0.666667,0.6667,,1.6667,,,90,YAML
grafana_grafana__116256,paired,grafana/grafana,human,none,empty,3,0,,0.666667,0,,1.3333,,,186,TypeScript
grafana_grafana__116313,paired,grafana/grafana,human,none,empty,3,0,,0.666667,0.3333,,1.6667,,,29,Go
grafana_grafana__116542,paired,grafana/grafana,human,none,trivial,3,0,,1,0,,2,,,35,Go
grafana_grafana__116551,paired,grafana/grafana,human,none,empty,3,0,,1,0,,2,,,239,Go
grafana_grafana__116555,paired,grafana/grafana,human,none,substantive,3,0,,0.666667,1,,1.6667,,,180,Go
grafana_grafana__116668,paired,grafana/grafana,human,none,substantive,4,0.5,,0.75,1.25,,1.75,,,748,Go
grafana_grafana__116708,paired,grafana/grafana,agent,agent-trailer,substantive,4,0.5,,0.5,1.25,,1.5,,,234,TypeScript
grafana_grafana__116718,paired,grafana/grafana,agent,agent-trailer,substantive,3,0.333333,,0.333333,1,,1,,,747,Go
grafana_grafana__116720,paired,grafana/grafana,agent,agent-trailer,substantive,3,0,,1,1,,2,,,603,Go
grafana_grafana__116862,paired,grafana/grafana,agent,agent-trailer,substantive,4,0.25,,0.5,1,,1.25,,,106,Go
grafana_grafana__117215,paired,grafana/grafana,human,none,trivial,3,0,,0.666667,0.3333,,1.6667,,,41,TypeScript
grafana_grafana__117217,paired,grafana/grafana,human,none,substantive,3,0,,1,0.3333,,2,,,164,JSON
grafana_grafana__117320,paired,grafana/grafana,agent,agent-trailer,substantive,3,0.333333,,0.333333,1,,1.3333,,,68,Go
grafana_grafana__117483,paired,grafana/grafana,agent,agent-trailer,substantive,3,1,,1,2,,2,,,391,Go
grafana_grafana__117507,paired,grafana/grafana,human,none,trivial,3,0,,1,0.3333,,2,,,62,TypeScript
grafana_grafana__117582,paired,grafana/grafana,human,none,empty,3,0,,1,0,,2,,,32,Go
grafana_grafana__117635,paired,grafana/grafana,human,none,trivial,2,0,,0,0,,0.5,,,72,JSON
grafana_grafana__117655,paired,grafana/grafana,human,none,empty,3,0,,0.333333,0,,1.3333,,,1547,Go
grafana_grafana__117850,paired,grafana/grafana,human,none,substantive,3,0,,0.666667,0.3333,,1.6667,,,319,TypeScript
grafana_grafana__117882,paired,grafana/grafana,agent,agent-trailer,substantive,4,0.75,,0.5,1.75,,1.5,,,412,TypeScript
grafana_grafana__117889,paired,grafana/grafana,agent,agent-trailer,trivial,3,0,,1,0.3333,,2,,,989,TypeScript
grafana_grafana__117897,paired,grafana/grafana,human,none,trivial,3,0,,0.333333,0.3333,,1,,,28,YAML
grafana_grafana__118013,paired,grafana/grafana,agent,agent-trailer,substantive,3,0,,0.666667,0.6667,,1.3333,,,872,Go
grafana_grafana__118017,paired,grafana/grafana,human,none,trivial,3,0,,1,0.3333,,2,,,30,TypeScript
grafana_grafana__118080,paired,grafana/grafana,human,none,empty,3,0,,1,0.6667,,2,,,25,TypeScript
grafana_grafana__118084,paired,grafana/grafana,human,none,trivial,3,0.666667,,1,1.6667,,2,,,145,TypeScript
grafana_grafana__118224,paired,grafana/grafana,agent,agent-trailer,substantive,3,0,,0.333333,0,,1,,,20,Go
grafana_grafana__118231,paired,grafana/grafana,agent,agent-trailer,substantive,3,0,,0.666667,0.6667,,1.3333,,,28,Go
grafana_grafana__118283,paired,grafana/grafana,agent,agent-trailer,substantive,3,0.666667,,0.666667,1.6667,,1.6667,,,24,Go
grafana_grafana__118320,paired,grafana/grafana,agent,agent-trailer,substantive,3,0,,0.666667,0.6667,,1.6667,,,303,Go
grafana_grafana__118371,paired,grafana/grafana,human,none,empty,3,0,,0.333333,0,,1,,,615,TypeScript
grafana_grafana__118443,paired,grafana/grafana,agent,agent-trailer,substantive,3,0.666667,,0.666667,1.3333,,1.3333,,,74,Go
grafana_grafana__118528,paired,grafana/grafana,agent,agent-trailer,substantive,3,0.666667,,0,1.6667,,0,,,172,JSON
grafana_grafana__118535,paired,grafana/grafana,agent,agent-trailer,substantive,3,0.333333,,0.666667,1.3333,,1.6667,,,611,TypeScript
grafana_grafana__118559,paired,grafana/grafana,agent,agent-trailer,substantive,3,0.666667,,0.666667,1.3333,,1.6667,,,2534,TypeScript
grafana_grafana__118565,paired,grafana/grafana,agent,agent-trailer,empty,3,0,,0.666667,0.3333,,1.6667,,,20,TypeScript
grafana_grafana__118674,paired,grafana/grafana,agent,agent-trailer,substantive,3,0,,0.333333,0.3333,,1,,,76,JSON
grafana_grafana__118676,paired,grafana/grafana,agent,agent-trailer,substantive,3,0.333333,,0.333333,1,,1,,,364,Go
grafana_grafana__118729,paired,grafana/grafana,agent,agent-trailer,substantive,4,0,,0.75,1,,1.75,,,448,TypeScript
grafana_grafana__118739,paired,grafana/grafana,agent,agent-trailer,substantive,3,0,,1,1,,2,,,58,Go
grafana_grafana__118837,paired,grafana/grafana,agent,agent-trailer,empty,3,0,,1,0.6667,,2,,,125,TypeScript
grafana_grafana__118840,paired,grafana/grafana,agent,agent-trailer,empty,3,0,,0.666667,1,,1.6667,,,65,TypeScript
grafana_grafana__118853,paired,grafana/grafana,human,none,empty,4,0,,0.75,0.25,,1.75,,,214,TypeScript
grafana_grafana__118858,paired,grafana/grafana,human,none,substantive,4,0,,0.75,0.75,,1.75,,,568,Go
grafana_grafana__118941,paired,grafana/grafana,agent,agent-trailer,substantive,3,0.666667,,1,1.6667,,2,,,111,Go
grafana_grafana__118952,paired,grafana/grafana,agent,agent-trailer,substantive,3,0,,1,1,,2,,,1003,TypeScript
grafana_grafana__118982,paired,grafana/grafana,human,none,substantive,4,0,,0.75,0.5,,1.5,,,156,Go
grafana_grafana__119088,paired,grafana/grafana,human,none,substantive,3,1,,1,2,,2,,,728,Go
grafana_grafana__119097,paired,grafana/grafana,agent,agent-trailer,substantive,3,0.666667,,0.333333,1.3333,,1,,,565,Go
grafana_grafana__119098,paired,grafana/grafana,agent,agent-trailer,substantive,3,0.666667,,0.666667,1.6667,,1.6667,,,214,Go
grafana_grafana__119106,paired,grafana/grafana,agent,agent-trailer,substantive,3,0.333333,,0.666667,1.3333,,1.6667,,,93,TypeScript
grafana_grafana__119110,paired,grafana/grafana,agent,agent-trailer,substantive,4,0.75,,0.5,1.75,,1.5,,,129,Go
grafana_grafana__119112,paired,grafana/grafana,agent,agent-trailer,substantive,3,0.666667,,0.666667,1.6667,,1.6667,,,120,Go
grafana_grafana__119188,paired,grafana/grafana,agent,agent-trailer,substantive,3,0,,0.666667,0.6667,,1.3333,,,978,Go
grafana_grafana__119230,paired,grafana/grafana,agent,agent-trailer,substantive,3,0.333333,,0.666667,0.6667,,1.6667,,,474,Go
grafana_grafana__119231,paired,grafana/grafana,agent,agent-trailer,substantive,3,0.666667,,0,1.6667,,1,,,432,Go
grafana_grafana__119232,paired,grafana/grafana,agent,agent-trailer,substantive,3,0.333333,,0,1.3333,,1,,,573,Go
grafana_grafana__119277,paired,grafana/grafana,agent,agent-trailer,substantive,4,0.5,,0.5,1.25,,1.25,,,752,YAML
grafana_grafana__119474,paired,grafana/grafana,agent,agent-trailer,substantive,3,0,,0.666667,1,,1.6667,,,860,TypeScript
grafana_grafana__119518,paired,grafana/grafana,agent,agent-trailer,substantive,3,0.333333,,1,1,,2,,,130,Go
grafana_grafana__119521,paired,grafana/grafana,agent,agent-trailer,substantive,3,0.666667,,0.666667,1.6667,,1.6667,,,1072,Go
grafana_grafana__119525,paired,grafana/grafana,human,none,trivial,3,0,,1,0.3333,,2,,,22,Go
grafana_grafana__119545,paired,grafana/grafana,human,none,empty,3,0,,0.666667,0.3333,,1.6667,,,20,TypeScript
grafana_grafana__119547,paired,grafana/grafana,agent,agent-trailer,substantive,3,0.666667,,0.666667,1.6667,,1.6667,,,232,Go
grafana_grafana__119616,paired,grafana/grafana,human,none,empty,4,0,,0.5,0,,1.5,,,1618,TypeScript
grafana_grafana__119717,paired,grafana/grafana,agent,agent-trailer,substantive,3,1,,1,2,,2,,,208,Go
grafana_grafana__119776,paired,grafana/grafana,human,none,trivial,3,0,,0.666667,0.3333,,1.6667,,,360,JSON
grafana_grafana__119840,paired,grafana/grafana,human,none,trivial,3,0,,0.666667,0,,1.6667,,,372,Go
grafana_grafana__119865,paired,grafana/grafana,agent,agent-trailer,substantive,3,0,,0.666667,0.6667,,1.3333,,,225,Go
grafana_grafana__119909,paired,grafana/grafana,agent,agent-trailer,substantive,3,0.666667,,0.666667,1.6667,,1.6667,,,21,Go
grafana_grafana__119926,paired,grafana/grafana,agent,agent-trailer,substantive,3,0.333333,,0.666667,1,,1.3333,,,89,Go
grafana_grafana__119940,paired,grafana/grafana,agent,agent-trailer,empty,3,0,,0.666667,0,,1.6667,,,32,JSON
grafana_grafana__120051,paired,grafana/grafana,agent,agent-trailer,substantive,4,0.5,,0.25,1.5,,1,,,741,TypeScript
grafana_grafana__120167,paired,grafana/grafana,agent,agent-trailer,substantive,3,0.666667,,1,1.3333,,2,,,26,Go
grafana_grafana__120418,paired,grafana/grafana,human,none,substantive,3,0,,1,0.3333,,2,,,245,TypeScript
grafana_grafana__120564,paired,grafana/grafana,human,none,substantive,3,0,,0.333333,0.6667,,1.3333,,,32,JSON
grafana_grafana__120577,paired,grafana/grafana,agent,agent-trailer,substantive,3,0,,1,1,,2,,,100,YAML
grafana_grafana__120643,paired,grafana/grafana,agent,agent-trailer,substantive,3,0,,0.666667,0.3333,,1.6667,,,623,Go
grafana_grafana__120689,paired,grafana/grafana,human,none,substantive,4,0,,0.75,1,,1.75,,,748,TypeScript
grafana_grafana__120731,paired,grafana/grafana,agent,agent-trailer,substantive,3,1,,0.333333,2,,1.3333,,,1839,YAML
grafana_grafana__120748,paired,grafana/grafana,human,none,empty,4,0,,0.25,0,,1.25,,,2779,JSON
grafana_grafana__120853,paired,grafana/grafana,agent,agent-trailer,substantive,3,0.666667,,1,1.6667,,2,,,123,Go
grafana_grafana__120860,paired,grafana/grafana,human,none,trivial,3,0,,1,0.6667,,2,,,38,Go
grafana_grafana__120917,paired,grafana/grafana,agent,agent-trailer,substantive,4,0.5,,0.5,1,,1.25,,,120,Go
grafana_grafana__120954,paired,grafana/grafana,human,none,substantive,4,0.5,,0.75,1.25,,1.75,,,221,JSON
grafana_grafana__120961,paired,grafana/grafana,agent,agent-trailer,substantive,3,1,,0.666667,2,,1.3333,,,528,TypeScript
grafana_grafana__121002,paired,grafana/grafana,agent,agent-trailer,substantive,3,1,,1,2,,2,,,145,Go
grafana_grafana__121007,paired,grafana/grafana,agent,agent-trailer,substantive,3,0,,1,0,,2,,,263,Go
grafana_grafana__121023,paired,grafana/grafana,agent,agent-trailer,substantive,3,0.333333,,0.666667,0.6667,,1.3333,,,115,Go
grafana_grafana__121085,paired,grafana/grafana,human,none,substantive,3,0,,0.666667,0.3333,,1.6667,,,162,TypeScript
grafana_grafana__121102,paired,grafana/grafana,human,none,empty,3,0,,0.333333,0,,1.3333,,,126,TypeScript
grafana_grafana__121140,paired,grafana/grafana,agent,agent-trailer,substantive,3,0.333333,,0,0.6667,,0.6667,,,21,Go
grafana_grafana__121330,paired,grafana/grafana,agent,agent-trailer,substantive,3,0.333333,,0.333333,0.6667,,1.3333,,,79,TypeScript
grafana_grafana__121331,paired,grafana/grafana,agent,agent-trailer,substantive,3,0.666667,,0,1.6667,,1,,,1218,Go
grafana_grafana__121342,paired,grafana/grafana,human,none,substantive,4,0.75,,0.5,1.75,,1.25,,,781,TypeScript
grafana_grafana__121379,paired,grafana/grafana,human,none,substantive,3,0,,0.666667,0.3333,,1.3333,,,373,Go
grafana_grafana__121411,paired,grafana/grafana,human,none,trivial,4,0,,1,0.25,,2,,,383,Go
grafana_grafana__121548,paired,grafana/grafana,human,none,trivial,3,0,,0.666667,0,,1.3333,,,28,JSON
grafana_grafana__121570,paired,grafana/grafana,human,none,substantive,4,0,,0.25,0.75,,1.25,,,848,Go
grafana_grafana__121575,paired,grafana/grafana,agent,agent-trailer,substantive,3,0,,1,0.6667,,2,,,184,TypeScript
grafana_grafana__121612,paired,grafana/grafana,agent,agent-trailer,substantive,3,0.666667,,1,1.6667,,2,,,33,Go
grafana_grafana__121646,paired,grafana/grafana,agent,agent-trailer,substantive,4,0,,0.25,0.25,,1.25,,,1377,TypeScript
grafana_grafana__121776,paired,grafana/grafana,agent,agent-trailer,substantive,3,0,,0.666667,1,,1.6667,,,68,Go
grafana_grafana__121829,paired,grafana/grafana,human,none,substantive,3,0.333333,,0.666667,1.3333,,1.6667,,,261,Go
grafana_grafana__121870,paired,grafana/grafana,agent,agent-trailer,substantive,3,0.333333,,0.666667,1.3333,,1.6667,,,35,JSON
grafana_grafana__122016,paired,grafana/grafana,agent,agent-trailer,substantive,3,0.666667,,0.333333,1.3333,,1,,,43,Go
grafana_grafana__122085,paired,grafana/grafana,human,none,substantive,3,0,,0.666667,0.3333,,1.3333,,,1683,TypeScript
grafana_grafana__122276,paired,grafana/grafana,human,none,substantive,3,0,,1,0.6667,,2,,,737,TypeScript
grafana_grafana__122326,paired,grafana/grafana,agent,agent-trailer,substantive,3,0.666667,,0,1.6667,,1,,,2718,TypeScript
grafana_grafana__122361,paired,grafana/grafana,agent,agent-trailer,substantive,3,0.666667,,0,1.3333,,0.3333,,,108,JSON
grafana_grafana__122431,paired,grafana/grafana,agent,agent-trailer,substantive,3,0.333333,,0.333333,1,,1.3333,,,500,Go
grafana_grafana__122450,paired,grafana/grafana,human,none,substantive,3,0,,1,1,,2,,,125,TypeScript
grafana_grafana__122479,paired,grafana/grafana,agent,agent-trailer,substantive,3,0,,1,1,,2,,,1213,JSON
grafana_grafana__122549,paired,grafana/grafana,agent,agent-trailer,substantive,3,1,,0,2,,1,,,198,Go
grafana_grafana__122556,paired,grafana/grafana,agent,agent-trailer,substantive,3,0.666667,,1,1.6667,,2,,,49,Go
grafana_grafana__122658,paired,grafana/grafana,agent,agent-trailer,substantive,3,0,,0.666667,0.6667,,1.3333,,,46,TypeScript
grafana_grafana__122666,paired,grafana/grafana,agent,agent-trailer,substantive,4,1,,0.75,2,,1.75,,,124,Go
grafana_grafana__122677,paired,grafana/grafana,agent,agent-trailer,substantive,4,0.75,,0.75,1.75,,1.75,,,994,Go
grafana_grafana__122719,paired,grafana/grafana,agent,agent-trailer,substantive,4,0.25,,0.75,1.25,,1.75,,,335,Go
grafana_grafana__122797,paired,grafana/grafana,agent,agent-trailer,substantive,4,0.25,,0.5,0.75,,1.5,,,759,Go
grafana_grafana__122826,paired,grafana/grafana,agent,agent-trailer,substantive,3,1,,0,2,,1,,,464,TypeScript
grafana_grafana__122873,paired,grafana/grafana,agent,agent-trailer,substantive,3,1,,0.333333,2,,1.3333,,,178,Go
grafana_grafana__123047,paired,grafana/grafana,human,none,trivial,3,0,,1,0.6667,,2,,,272,Go
grafana_grafana__123076,paired,grafana/grafana,agent,agent-trailer,substantive,3,1,,1,2,,2,,,207,Go
grafana_grafana__123166,paired,grafana/grafana,agent,agent-trailer,substantive,3,0,,0.666667,1,,1.6667,,,205,Go
grafana_grafana__123173,paired,grafana/grafana,agent,agent-trailer,substantive,4,0,,1,0.75,,2,,,802,Go
grafana_grafana__123197,paired,grafana/grafana,agent,agent-trailer,substantive,3,0.666667,,0.666667,1.6667,,1.6667,,,671,Go
grafana_grafana__123256,paired,grafana/grafana,human,none,substantive,4,0,,0.5,0.5,,1.5,,,190,TypeScript
grafana_grafana__123336,paired,grafana/grafana,agent,agent-trailer,substantive,3,1,,0,2,,0.6667,,,33,Go
grafana_grafana__123362,paired,grafana/grafana,agent,agent-trailer,substantive,3,0.333333,,0.333333,1,,1.3333,,,29,Go
grafana_grafana__123373,paired,grafana/grafana,agent,agent-trailer,substantive,3,0.666667,,1,1.6667,,2,,,20,Go
grafana_grafana__123425,paired,grafana/grafana,agent,agent-trailer,substantive,4,1,,0.75,2,,1.75,,,86,Go
grafana_grafana__123430,paired,grafana/grafana,agent,agent-trailer,substantive,3,0.333333,,0.333333,0.6667,,1.3333,,,289,Go
grafana_grafana__123457,paired,grafana/grafana,agent,agent-trailer,substantive,3,0,,1,0.3333,,2,,,283,Go
grafana_grafana__123492,paired,grafana/grafana,agent,agent-trailer,substantive,3,1,,0.666667,2,,1.6667,,,51,TypeScript
grafana_grafana__123497,paired,grafana/grafana,agent,agent-trailer,substantive,3,0.666667,,1,1.3333,,2,,,181,Go
grafana_grafana__123498,paired,grafana/grafana,agent,agent-trailer,substantive,3,0.333333,,0.666667,1,,1.6667,,,572,Go
grafana_grafana__123555,paired,grafana/grafana,human,none,substantive,3,0,,0,0.6667,,1,,,78,Go
grafana_grafana__123568,paired,grafana/grafana,agent,agent-trailer,substantive,3,0,,0.333333,0,,1.3333,,,1074,TypeScript
grafana_grafana__123577,paired,grafana/grafana,human,none,substantive,4,0,,0.5,0.5,,1.5,,,154,TypeScript
grafana_grafana__123613,paired,grafana/grafana,agent,agent-trailer,substantive,3,1,,0.333333,2,,1.3333,,,434,Go
grafana_grafana__123675,paired,grafana/grafana,agent,agent-trailer,substantive,4,0.75,,0.5,1.75,,1.5,,,284,TypeScript
grafana_grafana__123709,paired,grafana/grafana,agent,agent-trailer,substantive,4,0.5,,0.5,1.5,,1.5,,,223,Go
grafana_grafana__123722,paired,grafana/grafana,agent,agent-trailer,substantive,3,0.666667,,0,1.3333,,0.6667,,,3894,TypeScript
grafana_grafana__123755,paired,grafana/grafana,agent,agent-trailer,substantive,3,1,,0.333333,2,,1.3333,,,1652,TypeScript
grafana_grafana__123793,paired,grafana/grafana,agent,agent-trailer,substantive,4,0.75,,0.5,1.5,,1.25,,,344,Go
grafana_grafana__123797,paired,grafana/grafana,agent,agent-trailer,substantive,3,0.666667,,0.666667,1.6667,,1.6667,,,1098,Go
grafana_grafana__123806,paired,grafana/grafana,human,none,substantive,3,0,,1,0.3333,,2,,,82,TypeScript
grafana_grafana__123872,paired,grafana/grafana,agent,agent-trailer,substantive,3,0.666667,,0.666667,1.6667,,1.6667,,,54,Go
grafana_grafana__123873,paired,grafana/grafana,agent,agent-trailer,substantive,3,0.666667,,1,1.6667,,2,,,50,Go
grafana_grafana__123893,paired,grafana/grafana,agent,agent-trailer,substantive,4,0.75,,1,1.75,,2,,,477,Go
grafana_grafana__123939,paired,grafana/grafana,human,none,substantive,3,0.666667,,0.333333,1.6667,,0.6667,,,999,TypeScript
grafana_grafana__123977,paired,grafana/grafana,agent,agent-trailer,substantive,3,1,,1,2,,2,,,244,TypeScript
grafana_grafana__123986,paired,grafana/grafana,agent,agent-trailer,substantive,3,0.333333,,0.666667,1,,1.6667,,,313,TypeScript
grafana_grafana__124046,paired,grafana/grafana,agent,agent-trailer,substantive,3,0.666667,,0.666667,1.6667,,1.6667,,,52,Go
grafana_grafana__124084,paired,grafana/grafana,agent,agent-trailer,substantive,4,0.75,,0.25,1.5,,1,,,9861,TypeScript
grafana_grafana__124104,paired,grafana/grafana,agent,agent-trailer,substantive,4,0.25,,0.25,1,,1,,,4582,JSON
grafana_grafana__124118,paired,grafana/grafana,agent,agent-trailer,substantive,3,1,,0.666667,2,,1.6667,,,350,TypeScript
grafana_grafana__124151,paired,grafana/grafana,agent,agent-trailer,substantive,3,0.333333,,0.666667,1.3333,,1.6667,,,594,Go
grafana_grafana__124157,paired,grafana/grafana,agent,agent-trailer,substantive,2,0.5,,0.5,1,,1,,,20,Go
grafana_grafana__124162,paired,grafana/grafana,agent,agent-trailer,substantive,3,0,,0.666667,0.6667,,1.6667,,,942,Go
grafana_grafana__124390,paired,grafana/grafana,agent,agent-trailer,empty,3,0,,1,0,,2,,,20,TypeScript
grafana_grafana__124425,paired,grafana/grafana,agent,agent-trailer,substantive,3,0,,0.666667,0.3333,,1.6667,,,59,TypeScript
grafana_grafana__124568,paired,grafana/grafana,agent,agent-trailer,substantive,4,0.5,,0.25,1.5,,1,,,2754,Go
grafana_grafana__124593,paired,grafana/grafana,agent,agent-trailer,substantive,3,0.666667,,1,1.6667,,2,,,27,Go
grafana_grafana__124601,paired,grafana/grafana,agent,agent-trailer,trivial,3,0,,1,0,,2,,,24,TypeScript
grafana_grafana__124625,paired,grafana/grafana,human,none,trivial,3,0,,0,0.3333,,0.6667,,,58,JSON
grafana_grafana__124725,paired,grafana/grafana,agent,agent-trailer,substantive,3,0.333333,,0.333333,1,,1,,,41,TypeScript
grafana_grafana__124727,paired,grafana/grafana,agent,agent-trailer,substantive,4,0.75,,0.25,1.5,,1,,,195,TypeScript
grafana_grafana__124732,paired,grafana/grafana,agent,agent-trailer,substantive,3,0.666667,,1,1.6667,,2,,,58,TypeScript
grafana_grafana__124774,paired,grafana/grafana,human,none,trivial,3,0,,1,0,,2,,,162,Go
grafana_grafana__124842,paired,grafana/grafana,agent,agent-trailer,substantive,4,0.75,,0.25,1.75,,1.25,,,194,Go
grafana_grafana__124844,paired,grafana/grafana,agent,agent-trailer,substantive,4,0.75,,0.75,1.75,,1.75,,,719,Go
grafana_grafana__124968,paired,grafana/grafana,human,none,trivial,3,0,,1,0.3333,,2,,,25,TypeScript
grafana_grafana__125010,paired,grafana/grafana,human,none,trivial,3,0,,0.333333,0,,1,,,34,TypeScript
grafana_grafana__125013,paired,grafana/grafana,human,none,empty,3,0,,0,0.3333,,1,,,46,JSON
grafana_grafana__125303,paired,grafana/grafana,agent,agent-trailer,substantive,3,0.333333,,0.666667,1.3333,,1.6667,,,167,TypeScript
grafana_grafana__125316,paired,grafana/grafana,agent,agent-trailer,substantive,3,0.666667,,0.333333,1.3333,,1.3333,,,304,TypeScript
grafana_grafana__125319,paired,grafana/grafana,agent,agent-trailer,substantive,3,1,,0.666667,2,,1.6667,,,552,JavaScript
grafana_grafana__125365,paired,grafana/grafana,human,none,empty,3,0,,1,0.3333,,2,,,591,Go
grafana_grafana__125550,paired,grafana/grafana,agent,agent-trailer,substantive,3,0.666667,,0.666667,1.6667,,1.6667,,,350,Go
grafana_grafana__125661,paired,grafana/grafana,human,none,trivial,3,0,,1,0,,2,,,224,Go
grafana_grafana__125716,paired,grafana/grafana,agent,agent-trailer,substantive,3,0,,0.333333,0.6667,,1,,,178,TypeScript
grafana_grafana__125719,paired,grafana/grafana,human,none,substantive,4,0,,0.5,0.5,,1,,,1075,TypeScript
grafana_grafana__125780,paired,grafana/grafana,agent,agent-trailer,substantive,3,1,,0.666667,2,,1.6667,,,45,Go
grafana_grafana__125796,paired,grafana/grafana,human,none,substantive,3,0.666667,,1,1.3333,,2,,,47,Go
grafana_grafana__125809,paired,grafana/grafana,agent,agent-trailer,substantive,3,1,,1,2,,2,,,92,Go
grafana_grafana__125811,paired,grafana/grafana,agent,agent-trailer,substantive,4,0.25,,0,0.5,,1,,,772,TypeScript
grafana_grafana__125813,paired,grafana/grafana,agent,agent-trailer,substantive,4,0.75,,0.5,1.75,,1.5,,,150,TypeScript
grafana_grafana__125816,paired,grafana/grafana,agent,agent-trailer,substantive,4,1,,0.25,2,,1.25,,,2016,TypeScript
grafana_grafana__125864,paired,grafana/grafana,human,none,substantive,3,0.333333,,0.666667,1,,1.3333,,,20,Go
grafana_grafana__125926,paired,grafana/grafana,agent,agent-trailer,substantive,3,0.333333,,0,1.3333,,1,,,86,Go
grafana_grafana__125945,paired,grafana/grafana,agent,agent-trailer,substantive,3,1,,0.333333,2,,1.3333,,,193,Go
grafana_grafana__125972,paired,grafana/grafana,agent,agent-trailer,substantive,3,0.333333,,0.666667,1.3333,,1.6667,,,33,JSON
grafana_grafana__125978,paired,grafana/grafana,agent,agent-trailer,substantive,3,0.333333,,1,1,,2,,,401,Go
grafana_grafana__125986,paired,grafana/grafana,agent,agent-trailer,substantive,3,0,,0.333333,0,,1.3333,,,57,JSON
grafana_grafana__126002,paired,grafana/grafana,human,none,empty,3,0,,0.333333,0,,1,,,96,TypeScript
grafana_grafana__126042,paired,grafana/grafana,agent,agent-trailer,substantive,3,0.666667,,0.333333,1.6667,,1,,,234,Go
grafana_grafana__126104,paired,grafana/grafana,agent,agent-trailer,substantive,3,0.666667,,0.666667,1.6667,,1.6667,,,32,TypeScript
grafana_grafana__126109,paired,grafana/grafana,agent,agent-trailer,substantive,3,0,,0.666667,1,,1.6667,,,111,TypeScript
grafana_grafana__126122,paired,grafana/grafana,agent,agent-trailer,substantive,3,0.333333,,0.666667,1.3333,,1.6667,,,33,Go
grafana_grafana__126126,paired,grafana/grafana,agent,agent-trailer,substantive,4,0.5,,0.5,1,,1.5,,,104,Go
grafana_grafana__126197,paired,grafana/grafana,agent,agent-trailer,substantive,3,1,,0.666667,2,,1.6667,,,184,Go
grafana_grafana__126198,paired,grafana/grafana,agent,agent-trailer,empty,3,0,,0.666667,0.3333,,1.6667,,,3238,JSON
grafana_grafana__126201,paired,grafana/grafana,human,none,substantive,3,0,,0.666667,0.6667,,1.3333,,,169,Go
grafana_grafana__126264,paired,grafana/grafana,agent,agent-trailer,substantive,3,0.666667,,0.666667,1.6667,,1.6667,,,119,TypeScript
grafana_grafana__126268,paired,grafana/grafana,human,none,substantive,3,0.666667,,0.333333,1.3333,,0.6667,,,1316,TypeScript
grafana_grafana__126296,paired,grafana/grafana,human,none,substantive,3,0,,1,0.6667,,2,,,119,TypeScript
grafana_grafana__126307,paired,grafana/grafana,agent,agent-trailer,substantive,3,0.333333,,0.333333,1.3333,,1.3333,,,210,Go
grafana_grafana__126319,paired,grafana/grafana,agent,agent-trailer,substantive,4,0.25,,0.5,1.25,,1.25,,,695,TypeScript
grafana_grafana__126380,paired,grafana/grafana,agent,agent-trailer,substantive,3,0,,0.666667,1,,1.6667,,,354,TypeScript
grafana_grafana__126390,paired,grafana/grafana,agent,agent-trailer,substantive,3,0.333333,,0.666667,1.3333,,1.6667,,,208,TypeScript
grafana_grafana__126404,paired,grafana/grafana,agent,agent-trailer,substantive,3,0.333333,,1,1.3333,,2,,,46,TypeScript
grafana_grafana__126416,paired,grafana/grafana,agent,agent-trailer,substantive,4,0.75,,0.75,1.5,,1.75,,,59,TypeScript
grafana_grafana__126566,paired,grafana/grafana,agent,agent-trailer,substantive,3,0.666667,,0.666667,1.3333,,1.6667,,,504,Go
grafana_grafana__126593,paired,grafana/grafana,human,none,empty,3,0,,0.666667,0.3333,,1.6667,,,24,TypeScript
grafana_grafana__126602,paired,grafana/grafana,agent,agent-trailer,substantive,3,0,,0.666667,1,,1.6667,,,429,Go
grafana_grafana__126626,paired,grafana/grafana,human,none,trivial,3,0,,0,0,,0.6667,,,992,JSON
grafana_grafana__126642,paired,grafana/grafana,agent,agent-trailer,substantive,3,0.666667,,0.666667,1.6667,,1.6667,,,337,TypeScript
grafana_grafana__126655,paired,grafana/grafana,agent,agent-trailer,substantive,3,0,,1,0.6667,,2,,,157,Go
grafana_grafana__126660,paired,grafana/grafana,agent,agent-trailer,substantive,3,1,,1,2,,2,,,214,TypeScript
grafana_grafana__126740,paired,grafana/grafana,agent,agent-trailer,substantive,4,0.25,,0.5,0.75,,1.5,,,520,TypeScript
grafana_grafana__126781,paired,grafana/grafana,agent,agent-trailer,substantive,3,1,,0.333333,2,,1.3333,,,59,Go
grafana_grafana__126810,paired,grafana/grafana,human,none,empty,3,0,,0.333333,0.3333,,1.3333,,,783,Go
grafana_grafana__126822,paired,grafana/grafana,agent,agent-trailer,substantive,4,0.75,,0.75,1.75,,1.75,,,65,Go
grafana_grafana__126860,paired,grafana/grafana,agent,agent-trailer,substantive,3,0.333333,,0.666667,1.3333,,1.6667,,,3442,TypeScript
grafana_grafana__126927,paired,grafana/grafana,agent,agent-trailer,substantive,3,1,,0.333333,2,,1.3333,,,469040,JSON
grafana_grafana__126947,paired,grafana/grafana,agent,agent-trailer,substantive,3,0.333333,,0.333333,0.6667,,1,,,220,Go
grafana_grafana__127123,paired,grafana/grafana,agent,agent-trailer,substantive,3,0.333333,,1,1.3333,,2,,,86,TypeScript
grafana_grafana__127128,paired,grafana/grafana,agent,agent-trailer,substantive,3,1,,0,2,,1,,,1329,TypeScript
grafana_grafana__127207,paired,grafana/grafana,agent,agent-trailer,trivial,3,0,,1,0.3333,,2,,,123,Go
grafana_grafana__127226,paired,grafana/grafana,human,none,empty,4,0,,0.75,1,,1.75,,,52,TypeScript
grafana_grafana__127231,paired,grafana/grafana,agent,agent-trailer,substantive,3,0.333333,,0.666667,1,,1.3333,,,252,Go
grafana_grafana__127240,paired,grafana/grafana,human,none,substantive,3,0,,0.666667,1,,1.3333,,,790,TypeScript
grafana_grafana__127258,paired,grafana/grafana,agent,agent-trailer,substantive,3,1,,1,2,,2,,,255,TypeScript
grafana_grafana__127262,paired,grafana/grafana,agent,agent-trailer,substantive,4,0.25,,0,1,,0.75,,,2022,TypeScript
grafana_grafana__127275,paired,grafana/grafana,agent,agent-trailer,trivial,3,0,,1,1,,2,,,54,TypeScript
grafana_grafana__127318,paired,grafana/grafana,agent,agent-trailer,substantive,3,1,,0,2,,1,,,1556,TypeScript
grafana_grafana__127349,paired,grafana/grafana,agent,agent-trailer,substantive,3,0,,0,0.3333,,1,,,52,JSON
grafana_grafana__127455,paired,grafana/grafana,agent,agent-trailer,substantive,3,0,,0.333333,0.3333,,1.3333,,,490,Go
grafana_grafana__127474,paired,grafana/grafana,agent,agent-trailer,substantive,3,0,,0,0.6667,,1,,,1286,Go
grafana_grafana__127523,paired,grafana/grafana,agent,agent-trailer,substantive,3,1,,1,2,,2,,,26,Go
grafana_grafana__127528,paired,grafana/grafana,agent,agent-trailer,substantive,3,1,,0,2,,0.6667,,,224,Go
grafana_grafana__127552,paired,grafana/grafana,agent,agent-trailer,substantive,3,0.666667,,1,1.6667,,2,,,273,TypeScript
grafana_grafana__127640,paired,grafana/grafana,human,none,empty,3,0,,1,0,,2,,,28,JSON
grafana_grafana__127641,paired,grafana/grafana,agent,agent-trailer,substantive,3,0.666667,,1,1.6667,,2,,,159,Go
grafana_grafana__127702,paired,grafana/grafana,agent,agent-trailer,substantive,3,0.333333,,1,1,,2,,,318,TypeScript
grafana_grafana__127739,paired,grafana/grafana,agent,agent-trailer,substantive,3,1,,0.666667,2,,1.6667,,,151,Go
grafana_grafana__127754,paired,grafana/grafana,agent,agent-trailer,substantive,3,0.666667,,1,1.3333,,2,,,229,Go
grafana_grafana__127762,paired,grafana/grafana,agent,agent-trailer,substantive,3,0.333333,,0,1,,0.6667,,,530,Go
grafana_grafana__127778,paired,grafana/grafana,agent,agent-trailer,substantive,3,1,,1,2,,2,,,45,Go
grafana_grafana__127783,paired,grafana/grafana,agent,agent-trailer,substantive,3,1,,1,2,,2,,,307,Go
grafana_grafana__127871,paired,grafana/grafana,agent,agent-trailer,substantive,2,0,,0.5,0.5,,1,,,39,JSON
grafana_grafana__127902,paired,grafana/grafana,agent,agent-trailer,substantive,3,1,,1,2,,2,,,125,Go
grafana_grafana__127936,paired,grafana/grafana,agent,agent-trailer,substantive,3,1,,0.666667,2,,1.6667,,,76,TypeScript
grafana_grafana__127972,paired,grafana/grafana,agent,agent-trailer,substantive,4,0,,0.75,0.5,,1.75,,,204,TypeScript
grafana_grafana__128068,paired,grafana/grafana,agent,agent-trailer,substantive,3,0,,1,0,,2,,,431,Go
grafana_grafana__128080,paired,grafana/grafana,agent,agent-trailer,substantive,3,1,,0.666667,2,,1.6667,,,22,Go
grafana_grafana__128100,paired,grafana/grafana,agent,agent-trailer,substantive,3,0.666667,,0.666667,1.6667,,1.6667,,,577,Go
grafana_grafana__128114,paired,grafana/grafana,agent,agent-trailer,substantive,3,1,,1,2,,2,,,149,Go
grafana_grafana__128130,paired,grafana/grafana,agent,agent-trailer,substantive,3,1,,0.666667,2,,1.6667,,,383,Go
grafana_grafana__128135,paired,grafana/grafana,agent,agent-trailer,substantive,3,0.666667,,0.666667,1.6667,,1.6667,,,306,Go
grafana_grafana__128181,paired,grafana/grafana,agent,bot-author,substantive,3,0.333333,,0.333333,0.6667,,1,,,49,JSON
grafana_grafana__128195,paired,grafana/grafana,agent,agent-trailer,substantive,3,0.666667,,0.666667,1.3333,,1.6667,,,39,TypeScript
grafana_grafana__128353,paired,grafana/grafana,agent,agent-trailer,substantive,3,0.666667,,1,1.6667,,2,,,94,Go
grafana_grafana__128354,paired,grafana/grafana,agent,agent-trailer,substantive,3,1,,0.666667,2,,1.6667,,,60,TypeScript
grafana_grafana__128429,paired,grafana/grafana,agent,agent-trailer,substantive,4,0.25,,0.5,1,,1.25,,,489,TypeScript
grafana_grafana__128501,paired,grafana/grafana,agent,agent-trailer,substantive,3,0,,0.666667,0.6667,,1.3333,,,190,Go
grafana_grafana__128522,paired,grafana/grafana,agent,agent-trailer,substantive,3,1,,1,2,,2,,,58,Go
grafana_grafana__128523,paired,grafana/grafana,agent,agent-trailer,substantive,3,1,,0.666667,2,,1.6667,,,20,Go
grafana_grafana__128532,paired,grafana/grafana,agent,agent-trailer,substantive,3,0.333333,,1,1.3333,,2,,,130,JSON
grafana_grafana__128549,paired,grafana/grafana,agent,agent-trailer,substantive,3,0.333333,,0.666667,1.3333,,1.6667,,,198,Go
grafana_grafana__128628,paired,grafana/grafana,agent,agent-trailer,substantive,3,0.666667,,0.666667,1.6667,,1.6667,,,568,Go
grafana_grafana__128658,paired,grafana/grafana,agent,agent-trailer,substantive,3,0.333333,,1,1.3333,,2,,,576,TypeScript
grafana_grafana__128665,paired,grafana/grafana,agent,agent-trailer,substantive,3,0,,0.333333,0.3333,,0.6667,,,37,JSON
grafana_grafana__128689,paired,grafana/grafana,agent,agent-trailer,substantive,3,0.333333,,1,0.6667,,2,,,85,TypeScript
grafana_grafana__128706,paired,grafana/grafana,agent,agent-trailer,substantive,3,0.333333,,0,1,,0.6667,,,1269,TypeScript
grafana_grafana__128724,paired,grafana/grafana,agent,agent-trailer,substantive,3,1,,0.333333,2,,1.3333,,,254,Go
grafana_grafana__128766,paired,grafana/grafana,agent,agent-trailer,substantive,3,0.666667,,0.666667,1.6667,,1.6667,,,196,TypeScript
grafana_grafana__128790,paired,grafana/grafana,agent,agent-trailer,substantive,3,0,,0.666667,0.3333,,1.6667,,,397,TypeScript
grafana_grafana__128796,paired,grafana/grafana,agent,agent-trailer,substantive,3,1,,1,2,,2,,,173,TypeScript
grafana_grafana__128845,paired,grafana/grafana,agent,agent-trailer,substantive,3,0.333333,,0.333333,0.6667,,1,,,100,TypeScript
grafana_grafana__128881,paired,grafana/grafana,human,none,substantive,3,0,,0.333333,0.3333,,1,,,26,TypeScript
grafana_grafana__128950,paired,grafana/grafana,agent,agent-trailer,substantive,3,0.666667,,0,1.6667,,0.6667,,,137,TypeScript
grafana_grafana__129038,paired,grafana/grafana,agent,agent-trailer,substantive,3,0.333333,,0.666667,1.3333,,1.6667,,,48,Go
grafana_grafana__129058,paired,grafana/grafana,agent,agent-trailer,trivial,3,0,,1,1,,2,,,352,TypeScript
grafana_grafana__129131,paired,grafana/grafana,human,none,substantive,3,0.333333,,1,1,,2,,,52,TypeScript
grafana_grafana__129185,paired,grafana/grafana,agent,agent-trailer,substantive,3,0,,0,0.3333,,0.3333,,,766,TypeScript
grafana_grafana__129206,paired,grafana/grafana,agent,agent-trailer,substantive,3,0.666667,,1,1.6667,,2,,,210,Go
grafana_grafana__129207,paired,grafana/grafana,human,none,substantive,3,0,,1,1,,2,,,34,TypeScript
grafana_grafana__129229,paired,grafana/grafana,human,none,trivial,3,0,,1,1,,2,,,25,Go
grafana_grafana__129298,paired,grafana/grafana,agent,agent-trailer,substantive,3,0.666667,,0.333333,1.6667,,1.3333,,,1411,Go
grafana_grafana__129387,paired,grafana/grafana,agent,agent-trailer,trivial,3,0,,0.666667,0,,1.3333,,,20,Other
grafana_grafana__129390,paired,grafana/grafana,agent,agent-trailer,substantive,3,0.666667,,0.333333,1.6667,,1.3333,,,1024,Go
grafana_grafana__129394,paired,grafana/grafana,agent,agent-trailer,substantive,3,0.333333,,0.666667,1.3333,,1.6667,,,72,Go
grafana_grafana__129441,paired,grafana/grafana,agent,agent-trailer,substantive,4,0.5,,0,1.5,,0.75,,,507,TypeScript
grafana_grafana__129458,paired,grafana/grafana,agent,agent-trailer,substantive,3,1,,0.333333,2,,1.3333,,,176,Go
grafana_grafana__129512,paired,grafana/grafana,human,none,trivial,3,0,,1,0,,2,,,576,TypeScript
grafana_grafana__129530,paired,grafana/grafana,human,none,substantive,3,0.333333,,1,1.3333,,2,,,120,Go
grafana_grafana__89766,paired,grafana/grafana,human,none,empty,3,0,,0,0,,0.6667,,,106,JSON
grafana_grafana__90369,paired,grafana/grafana,human,none,empty,3,0,,0.666667,0,,1.6667,,,25,Go
grafana_grafana__90418,paired,grafana/grafana,human,none,empty,3,0,,0.666667,0.3333,,1.6667,,,2011,Go
grafana_grafana__90536,paired,grafana/grafana,human,none,empty,3,0,,0.666667,0.6667,,1.3333,,,39,TypeScript
grafana_grafana__90563,paired,grafana/grafana,human,none,substantive,3,0,,1,1,,2,,,257,Go
grafana_grafana__90991,paired,grafana/grafana,human,none,trivial,3,0,,1,0.3333,,2,,,74,Go
grafana_grafana__91548,paired,grafana/grafana,human,none,empty,3,0,,1,0.6667,,2,,,135,Go
grafana_grafana__91688,paired,grafana/grafana,human,none,trivial,2,0,,0.5,0,,1.5,,,25,JSON
grafana_grafana__91849,paired,grafana/grafana,human,none,empty,3,0,,0.666667,0.3333,,1.6667,,,169,TypeScript
grafana_grafana__92006,paired,grafana/grafana,human,none,empty,3,0,,0,0,,1,,,939,Go
grafana_grafana__92572,paired,grafana/grafana,human,none,substantive,3,0,,0.333333,0,,0.6667,,,712,Go
grafana_grafana__92649,paired,grafana/grafana,human,none,trivial,3,0,,0.666667,0.3333,,1.6667,,,610,Go
grafana_grafana__92759,paired,grafana/grafana,human,none,substantive,3,0,,1,0.3333,,2,,,209,Go
grafana_grafana__92995,paired,grafana/grafana,human,none,substantive,3,0.333333,,0.666667,0.6667,,1.3333,,,152,Go
grafana_grafana__93000,paired,grafana/grafana,human,none,trivial,3,0,,1,0.6667,,2,,,193,TypeScript
grafana_grafana__93032,paired,grafana/grafana,human,none,trivial,4,0,,1,0.5,,2,,,163,Go
grafana_grafana__93448,paired,grafana/grafana,human,none,empty,3,0,,1,0,,2,,,418,TypeScript
grafana_grafana__93622,paired,grafana/grafana,human,none,empty,3,0,,1,0.3333,,2,,,108,TypeScript
grafana_grafana__93744,paired,grafana/grafana,human,none,trivial,3,0,,0.333333,0,,1.3333,,,110,JSON
grafana_grafana__93753,paired,grafana/grafana,human,none,substantive,3,0,,1,1,,2,,,540,Go
grafana_grafana__93861,paired,grafana/grafana,human,none,trivial,3,0,,0.666667,0,,1.6667,,,88,YAML
grafana_grafana__94086,paired,grafana/grafana,human,none,trivial,3,0,,0.666667,0,,1.6667,,,33,TypeScript
grafana_grafana__94366,paired,grafana/grafana,human,none,trivial,4,0,,0.75,0.25,,1.5,,,79,TypeScript
grafana_grafana__94633,paired,grafana/grafana,human,none,empty,2,0,,0.5,0,,1.5,,,32,JSON
grafana_grafana__94680,paired,grafana/grafana,human,none,trivial,3,0,,0.333333,0,,1,,,365,Go
grafana_grafana__95215,paired,grafana/grafana,human,none,trivial,4,0,,0.25,0.25,,1,,,991,YAML
grafana_grafana__95239,paired,grafana/grafana,human,none,substantive,3,0,,1,0.3333,,2,,,192,TypeScript
grafana_grafana__95631,paired,grafana/grafana,human,none,trivial,3,0,,0.666667,0,,1.6667,,,291,JSON
grafana_grafana__95691,paired,grafana/grafana,human,none,empty,4,0,,0,0,,1,,,626,Go
grafana_grafana__95891,paired,grafana/grafana,human,none,trivial,2,0,,1,0,,2,,,35,JSON
grafana_grafana__96057,paired,grafana/grafana,human,none,trivial,3,0,,1,0.3333,,2,,,38,TypeScript
grafana_grafana__96523,paired,grafana/grafana,human,none,substantive,3,0,,0.666667,0.6667,,1.6667,,,323,TypeScript
grafana_grafana__96609,paired,grafana/grafana,human,none,trivial,3,0,,1,0.6667,,2,,,41,TypeScript
grafana_grafana__96827,paired,grafana/grafana,human,none,trivial,3,0,,0.666667,0.3333,,1.6667,,,302,Go
grafana_grafana__96922,paired,grafana/grafana,human,none,trivial,3,0,,1,0,,2,,,29,Go
grafana_grafana__97103,paired,grafana/grafana,human,none,empty,3,0,,1,1,,2,,,29,TypeScript
grafana_grafana__97136,paired,grafana/grafana,human,none,substantive,3,0,,1,0.6667,,2,,,114,TypeScript
grafana_grafana__97151,paired,grafana/grafana,human,none,trivial,3,0,,0.666667,0.6667,,1.6667,,,57,TypeScript
grafana_grafana__97176,paired,grafana/grafana,human,none,substantive,3,0,,0.333333,0,,1,,,3774,TypeScript
grafana_grafana__97534,paired,grafana/grafana,human,none,empty,3,0,,0.333333,0,,1.3333,,,519,Go
grafana_grafana__98406,paired,grafana/grafana,human,none,empty,4,0,,0,0,,1,,,63,YAML
grafana_grafana__98509,paired,grafana/grafana,human,none,empty,3,0,,0,0,,1,,,99,TypeScript
grafana_grafana__98510,paired,grafana/grafana,human,none,empty,3,0,,0.666667,0.3333,,1.6667,,,55,TypeScript
grafana_grafana__98888,paired,grafana/grafana,human,none,substantive,3,0,,0.333333,1,,1.3333,,,1251,TypeScript
grafana_grafana__99331,paired,grafana/grafana,human,none,substantive,4,0.25,,0.75,0.5,,1.75,,,72,TypeScript
grafana_grafana__99359,paired,grafana/grafana,human,none,substantive,3,0,,0.666667,0.3333,,1.6667,,,134,TypeScript
grafana_grafana__99368,paired,grafana/grafana,human,none,empty,3,0,,0,0,,0.6667,,,321,Go
grafana_grafana__99370,paired,grafana/grafana,human,none,substantive,3,0,,0,0,,0.6667,,,106,TypeScript
grafana_grafana__99612,paired,grafana/grafana,human,none,empty,3,0,,0.666667,0.3333,,1.3333,,,54,Go
langchain-ai_langchain__23876,paired,langchain-ai/langchain,human,none,substantive,3,0,,0.333333,0.3333,,1.3333,,,152,Python
langchain-ai_langchain__24552,paired,langchain-ai/langchain,human,none,substantive,3,0,,0.333333,0,,1,,,132,Python
langchain-ai_langchain__24585,paired,langchain-ai/langchain,human,none,substantive,4,0,,0.25,0.75,,1,,,79,JavaScript
langchain-ai_langchain__24733,paired,langchain-ai/langchain,human,none,substantive,4,0,,1,0.5,,2,,,44,Python
langchain-ai_langchain__25078,paired,langchain-ai/langchain,human,none,empty,3,0,,0.666667,0,,1.3333,,,111,Python
langchain-ai_langchain__25189,paired,langchain-ai/langchain,human,none,substantive,4,0,,0.5,0.25,,1,,,110,Python
langchain-ai_langchain__25362,paired,langchain-ai/langchain,human,none,trivial,4,0,,0,0,,0.75,,,511,Python
langchain-ai_langchain__25430,paired,langchain-ai/langchain,human,none,substantive,3,0,,0,0.3333,,0.3333,,,1217,Python
langchain-ai_langchain__25500,paired,langchain-ai/langchain,human,none,empty,3,0,,1,0.6667,,2,,,806,JavaScript
langchain-ai_langchain__26443,paired,langchain-ai/langchain,human,none,empty,3,0,,0.666667,0.6667,,1.6667,,,35241,Python
langchain-ai_langchain__26802,paired,langchain-ai/langchain,human,none,trivial,3,0,,0,0,,0,,,287,Python
langchain-ai_langchain__27805,paired,langchain-ai/langchain,human,none,empty,3,0,,0.666667,0,,1.6667,,,36,TOML
langchain-ai_langchain__27866,paired,langchain-ai/langchain,human,none,substantive,3,0,,0.333333,0.3333,,1.3333,,,149,Python
langchain-ai_langchain__27967,paired,langchain-ai/langchain,human,none,substantive,4,0,,0.75,0.25,,1.75,,,944,Python
langchain-ai_langchain__28639,paired,langchain-ai/langchain,human,none,empty,3,0,,0.666667,0,,1.3333,,,67,JavaScript
langchain-ai_langchain__28972,paired,langchain-ai/langchain,human,none,substantive,4,0,,0,0.75,,0.75,,,239,Python
langchain-ai_langchain__29120,paired,langchain-ai/langchain,human,none,empty,4,0,,0,0,,0.25,,,382,Other
langchain-ai_langchain__29230,paired,langchain-ai/langchain,human,none,empty,3,0,,0.666667,0,,1.6667,,,29,Python
langchain-ai_langchain__30187,paired,langchain-ai/langchain,human,none,substantive,3,0,,0.666667,1,,1.6667,,,81,Python
langchain-ai_langchain__30370,paired,langchain-ai/langchain,human,none,substantive,3,0.666667,,0.333333,1.3333,,1.3333,,,28,Python
langchain-ai_langchain__30449,paired,langchain-ai/langchain,human,none,substantive,3,0.333333,,0.333333,1,,1.3333,,,22,Python
langchain-ai_langchain__30628,paired,langchain-ai/langchain,human,none,substantive,3,0,,0.666667,0.6667,,1.6667,,,296,YAML
langchain-ai_langchain__30887,paired,langchain-ai/langchain,human,none,substantive,3,0,,1,1,,2,,,44,Python
langchain-ai_langchain__30951,paired,langchain-ai/langchain,human,none,trivial,3,0,,1,0.3333,,2,,,20,Python
langchain-ai_langchain__31468,paired,langchain-ai/langchain,agent,agent-trailer,substantive,3,0.333333,,0,0.6667,,0.6667,,,147,Python
langchain-ai_langchain__31898,paired,langchain-ai/langchain,human,none,substantive,3,0,,0.333333,0.3333,,0.6667,,,4458,Python
langchain-ai_langchain__32074,paired,langchain-ai/langchain,agent,bot-author,substantive,3,1,,1,2,,2,,,40,Python
langchain-ai_langchain__32153,paired,langchain-ai/langchain,agent,bot-author,substantive,3,0.666667,,0.333333,1.6667,,1,,,26,JavaScript
langchain-ai_langchain__32156,paired,langchain-ai/langchain,agent,bot-author,substantive,3,0.666667,,1,1.6667,,2,,,142,Python
langchain-ai_langchain__32157,paired,langchain-ai/langchain,agent,bot-author,substantive,3,1,,0.666667,2,,1.6667,,,82,Python
langchain-ai_langchain__32160,paired,langchain-ai/langchain,agent,bot-author,substantive,3,1,,1,2,,2,,,95,Python
langchain-ai_langchain__32161,paired,langchain-ai/langchain,agent,bot-author,substantive,2,0.5,,1,1.5,,2,,,191,Python
langchain-ai_langchain__32162,paired,langchain-ai/langchain,agent,bot-author,substantive,3,0.333333,,0.666667,1,,1.6667,,,20,Python
langchain-ai_langchain__32228,paired,langchain-ai/langchain,human,none,substantive,3,0,,0.666667,0.3333,,1.3333,,,585,Python
langchain-ai_langchain__32236,paired,langchain-ai/langchain,agent,agent-trailer,substantive,3,0.333333,,1,1.3333,,2,,,21,Python
langchain-ai_langchain__32237,paired,langchain-ai/langchain,agent,agent-trailer,substantive,4,0,,0,0.25,,0.5,,,615,Python
langchain-ai_langchain__32331,paired,langchain-ai/langchain,human,none,trivial,3,0,,0.333333,0,,1,,,249,YAML
langchain-ai_langchain__32368,paired,langchain-ai/langchain,agent,agent-trailer,substantive,3,0,,1,0.6667,,2,,,165,Python
langchain-ai_langchain__32445,paired,langchain-ai/langchain,agent,agent-trailer,substantive,3,0,,0.333333,0,,0.6667,,,967,Other
langchain-ai_langchain__32551,paired,langchain-ai/langchain,human,none,empty,3,0,,0.666667,0,,1.6667,,,75,Python
langchain-ai_langchain__32688,paired,langchain-ai/langchain,human,none,substantive,3,0,,1,0.6667,,2,,,40,Python
langchain-ai_langchain__32910,paired,langchain-ai/langchain,agent,bot-author,trivial,3,0,,0.666667,0,,1.6667,,,278,YAML
langchain-ai_langchain__32919,paired,langchain-ai/langchain,human,none,substantive,4,0,,0.75,0,,1.75,,,41,YAML
langchain-ai_langchain__34106,paired,langchain-ai/langchain,human,none,empty,2,0,,0,0,,1,,,1433,Python
langchain-ai_langchain__34268,paired,langchain-ai/langchain,human,none,empty,3,0,,1,1,,2,,,55,Python
langchain-ai_langchain__34464,paired,langchain-ai/langchain,human,none,empty,3,0,,1,0.6667,,2,,,53,Python
langchain-ai_langchain__35034,paired,langchain-ai/langchain,human,none,empty,3,0,,0.666667,0,,1.6667,,,144,Python
langchain-ai_langchain__35039,paired,langchain-ai/langchain,human,none,empty,3,0,,0,0,,0.3333,,,58,Python
langchain-ai_langchain__35317,paired,langchain-ai/langchain,human,none,empty,3,0,,1,1,,2,,,81,Python
langchain-ai_langchain__35469,paired,langchain-ai/langchain,agent,agent-trailer,substantive,4,0.5,,1,1.5,,2,,,447,Python
langchain-ai_langchain__35588,paired,langchain-ai/langchain,agent,agent-trailer,substantive,2,1,,1,2,,2,,,43,YAML
langchain-ai_langchain__36725,paired,langchain-ai/langchain,human,none,empty,3,0,,1,0.6667,,2,,,55,Python
langchain-ai_langchain__36960,paired,langchain-ai/langchain,agent,agent-trailer,substantive,3,0.666667,,1,1.6667,,2,,,21,Python
langchain-ai_langchain__37064,paired,langchain-ai/langchain,agent,bot-author,empty,3,0,,1,0.6667,,2,,,26,Python
langchain-ai_langchain__37095,paired,langchain-ai/langchain,agent,agent-trailer,substantive,3,0.333333,,0.666667,1.3333,,1.6667,,,163,Python
langchain-ai_langchain__37456,paired,langchain-ai/langchain,human,none,empty,3,0,,1,0,,2,,,187,Python
langchain-ai_langchain__37602,paired,langchain-ai/langchain,human,none,substantive,3,1,,0.666667,2,,1.3333,,,22,Python
langchain-ai_langchain__37710,paired,langchain-ai/langchain,agent,bot-author,substantive,3,0,,0.666667,0.3333,,1.6667,,,101,Python
langchain-ai_langchain__37911,paired,langchain-ai/langchain,agent,agent-trailer,substantive,3,1,,1,2,,2,,,169,Python
langchain-ai_langchain__38118,paired,langchain-ai/langchain,human,none,substantive,3,0.666667,,0.666667,1.3333,,1.3333,,,84,Python
langchain-ai_langchain__38363,paired,langchain-ai/langchain,agent,agent-trailer,substantive,3,0.333333,,0.666667,0.6667,,1.6667,,,24,Python
langchain-ai_langchain__38664,paired,langchain-ai/langchain,agent,agent-trailer,substantive,4,0.5,,0.5,1.5,,1.5,,,133,Python
langchain-ai_langchain__38665,paired,langchain-ai/langchain,agent,agent-footer,substantive,3,0.666667,,0.333333,1.3333,,1,,,186,YAML
prisma_prisma__1018,paired,prisma/prisma,agent,agent-trailer,substantive,4,0.25,,0.25,0.75,,0.75,,,63163,JSON
prisma_prisma__1019,paired,prisma/prisma,agent,agent-footer,substantive,3,0.333333,,0,0.6667,,0.3333,,,2385,JSON
prisma_prisma__1024,paired,prisma/prisma,agent,agent-trailer,substantive,4,1,,0,2,,1,,,1771,TypeScript
prisma_prisma__1028,paired,prisma/prisma,agent,agent-footer,substantive,3,0.333333,,0.666667,1.3333,,1.6667,,,4781,HTML
prisma_prisma__1035,paired,prisma/prisma,agent,agent-trailer,substantive,3,1,,0,2,,1,,,16235,TypeScript
prisma_prisma__1038,paired,prisma/prisma,human,none,substantive,4,1,,0,2,,1,,,890,TypeScript
prisma_prisma__1042,paired,prisma/prisma,agent,agent-trailer,substantive,4,0,,0,0.75,,0,,,21135,TypeScript
prisma_prisma__1048,paired,prisma/prisma,agent,agent-footer,substantive,4,0.75,,0,1.75,,0.75,,,2295,TypeScript
prisma_prisma__137,paired,prisma/prisma,agent,agent-trailer,substantive,3,1,,0.666667,2,,1.6667,,,499,TypeScript
prisma_prisma__145,paired,prisma/prisma,agent,agent-trailer,substantive,3,0.333333,,0.333333,1.3333,,1.3333,,,306,TypeScript
prisma_prisma__147,paired,prisma/prisma,agent,agent-trailer,substantive,3,0.666667,,1,1.6667,,2,,,188,TypeScript
prisma_prisma__200,paired,prisma/prisma,agent,agent-trailer,substantive,4,0.5,,0,1.5,,0.5,,,490,TypeScript
prisma_prisma__201,paired,prisma/prisma,agent,agent-trailer,substantive,3,1,,0.333333,2,,1.3333,,,160,TypeScript
prisma_prisma__224,paired,prisma/prisma,agent,agent-trailer,substantive,3,0.333333,,0.666667,1.3333,,1.6667,,,306,TypeScript
prisma_prisma__270,paired,prisma/prisma,human,none,substantive,3,0.666667,,1,1.3333,,2,,,26,TypeScript
prisma_prisma__310,paired,prisma/prisma,human,none,substantive,2,0,,0,0,,0,,,32,TypeScript
prisma_prisma__32,paired,prisma/prisma,human,none,substantive,3,0,,0.333333,0,,1,,,322,TypeScript
prisma_prisma__323,paired,prisma/prisma,agent,agent-footer,substantive,3,0.666667,,0.333333,1.6667,,1.3333,,,29,JavaScript
prisma_prisma__404,paired,prisma/prisma,agent,agent-trailer,substantive,4,0.75,,0,1.75,,1,,,5437,TypeScript
prisma_prisma__417,paired,prisma/prisma,agent,agent-trailer,substantive,3,0,,0,1,,1,,,19013,TypeScript
prisma_prisma__428,paired,prisma/prisma,agent,agent-trailer,substantive,3,0.666667,,0.333333,1.6667,,1,,,137,TypeScript
prisma_prisma__553,paired,prisma/prisma,agent,agent-trailer,substantive,4,0.5,,0.25,1.5,,1.25,,,1152,TypeScript
prisma_prisma__653,paired,prisma/prisma,human,none,substantive,3,0,,0.333333,0.6667,,1.3333,,,33635,JSON
prisma_prisma__726,paired,prisma/prisma,agent,agent-trailer,substantive,3,0.666667,,0.333333,1.3333,,1,,,3061,TypeScript
prisma_prisma__732,paired,prisma/prisma,agent,agent-trailer,substantive,3,0.666667,,0.666667,1.6667,,1.6667,,,793,TypeScript
prisma_prisma__750,paired,prisma/prisma,agent,agent-trailer,substantive,3,1,,1,2,,2,,,1582,TypeScript
prisma_prisma__751,paired,prisma/prisma,agent,agent-trailer,substantive,4,0.5,,0,1.25,,0.5,,,2180,TypeScript
prisma_prisma__753,paired,prisma/prisma,agent,agent-trailer,substantive,3,1,,0,2,,1,,,3191,TypeScript
prisma_prisma__754,paired,prisma/prisma,agent,agent-trailer,substantive,3,0.333333,,0.666667,1.3333,,1.6667,,,1044,TypeScript
prisma_prisma__755,paired,prisma/prisma,agent,agent-trailer,substantive,4,1,,0,2,,0.5,,,3232,TypeScript
prisma_prisma__768,paired,prisma/prisma,agent,agent-trailer,substantive,4,0.75,,0.25,1.75,,1.25,,,1870,TypeScript
prisma_prisma__769,paired,prisma/prisma,agent,agent-trailer,substantive,3,1,,0,2,,1,,,3660,TypeScript
prisma_prisma__770,paired,prisma/prisma,agent,agent-trailer,substantive,4,0.25,,0.5,1.25,,1.25,,,2111,Other
prisma_prisma__775,paired,prisma/prisma,agent,agent-footer,substantive,4,0.5,,0.5,1.5,,1.25,,,5255,JavaScript
prisma_prisma__792,paired,prisma/prisma,agent,agent-trailer,substantive,4,0.75,,0.25,1.75,,1.25,,,5199,TypeScript
prisma_prisma__795,paired,prisma/prisma,agent,agent-trailer,substantive,4,0.75,,0,1.5,,0.5,,,3699,TypeScript
prisma_prisma__797,paired,prisma/prisma,agent,agent-trailer,substantive,3,0.666667,,0.666667,1.6667,,1.3333,,,127,TypeScript
prisma_prisma__800,paired,prisma/prisma,agent,agent-trailer,substantive,3,0.666667,,1,1.6667,,2,,,40,YAML
prisma_prisma__801,paired,prisma/prisma,agent,agent-trailer,substantive,3,0.333333,,0.333333,1.3333,,1.3333,,,108,TypeScript
prisma_prisma__802,paired,prisma/prisma,agent,agent-trailer,substantive,3,0.333333,,1,1.3333,,2,,,28,YAML
prisma_prisma__808,paired,prisma/prisma,agent,agent-trailer,substantive,4,0.75,,0.5,1.75,,1.5,,,4790,TypeScript
prisma_prisma__809,paired,prisma/prisma,agent,agent-trailer,substantive,3,0.666667,,1,1.6667,,2,,,635,TypeScript
prisma_prisma__810,paired,prisma/prisma,agent,agent-trailer,substantive,3,0.666667,,0,1.6667,,1,,,1578,TypeScript
prisma_prisma__812,paired,prisma/prisma,agent,agent-trailer,substantive,4,1,,0,2,,0.5,,,3906,TypeScript
prisma_prisma__813,paired,prisma/prisma,agent,agent-trailer,substantive,4,0.25,,0.25,0.5,,1,,,1281,TypeScript
prisma_prisma__816,paired,prisma/prisma,agent,agent-trailer,substantive,4,0.75,,0,1.75,,1,,,2905,TypeScript
prisma_prisma__825,paired,prisma/prisma,agent,agent-trailer,substantive,4,0.5,,0,1.25,,0.25,,,7014,TypeScript
prisma_prisma__826,paired,prisma/prisma,agent,agent-trailer,substantive,4,0.5,,0,1.5,,0.75,,,1370,TypeScript
prisma_prisma__829,paired,prisma/prisma,agent,agent-trailer,substantive,4,0.75,,0.25,1.75,,1.25,,,4439,TypeScript
prisma_prisma__834,paired,prisma/prisma,agent,agent-trailer,substantive,3,1,,0,2,,1,,,6841,TypeScript
prisma_prisma__838,paired,prisma/prisma,agent,agent-trailer,substantive,3,1,,0,2,,0,,,1411,TypeScript
prisma_prisma__841,paired,prisma/prisma,agent,agent-trailer,substantive,3,1,,0,2,,1,,,2806,TypeScript
prisma_prisma__870,paired,prisma/prisma,agent,agent-trailer,substantive,4,0.5,,0,1.25,,0.75,,,1924,TypeScript
prisma_prisma__879,paired,prisma/prisma,agent,agent-trailer,substantive,3,0.333333,,0,1.3333,,1,,,29544,TypeScript
prisma_prisma__896,paired,prisma/prisma,agent,agent-footer,substantive,4,1,,0,2,,0.5,,,1174,TypeScript
prisma_prisma__897,paired,prisma/prisma,agent,agent-footer,substantive,3,1,,1,2,,2,,,510,TypeScript
prisma_prisma__905,paired,prisma/prisma,agent,agent-footer,substantive,3,0.666667,,0,1.6667,,1,,,1248,TypeScript
prisma_prisma__906,paired,prisma/prisma,agent,agent-trailer,substantive,4,0.75,,0,1.5,,0.75,,,7176,TypeScript
prisma_prisma__908,paired,prisma/prisma,agent,agent-trailer,substantive,4,1,,0.25,2,,1.25,,,491,TypeScript
prisma_prisma__912,paired,prisma/prisma,agent,agent-trailer,substantive,3,0.333333,,0,1.3333,,1,,,137,TypeScript
prisma_prisma__921,paired,prisma/prisma,agent,agent-trailer,substantive,4,1,,0,2,,1,,,26656,TypeScript
prisma_prisma__935,paired,prisma/prisma,agent,agent-trailer,substantive,4,0.75,,0,1.75,,1,,,1769,TypeScript
prisma_prisma__944,paired,prisma/prisma,agent,agent-footer,substantive,4,1,,0,2,,0.75,,,2514,TypeScript
prisma_prisma__945,paired,prisma/prisma,agent,agent-footer,substantive,3,1,,0,2,,0.6667,,,5020,TypeScript
prisma_prisma__946,paired,prisma/prisma,agent,agent-footer,substantive,3,1,,0.333333,2,,1.3333,,,468,TypeScript
prisma_prisma__960,paired,prisma/prisma,agent,agent-footer,substantive,4,0.75,,0.5,1.75,,1.25,,,24994,TypeScript
prisma_prisma__969,paired,prisma/prisma,agent,agent-trailer,substantive,3,1,,1,2,,2,,,147,TypeScript
prisma_prisma__985,paired,prisma/prisma,agent,agent-footer,substantive,3,0.333333,,0.333333,1,,0.6667,,,631,TypeScript
prisma_prisma__988,paired,prisma/prisma,agent,agent-footer,substantive,4,0.25,,0,0.5,,0.5,,,2470,JSON
prisma_prisma__990,paired,prisma/prisma,agent,agent-footer,substantive,4,0.25,,0.25,1.25,,1,,,3035,TypeScript
prisma_prisma__991,paired,prisma/prisma,agent,agent-footer,substantive,3,1,,1,2,,2,,,136,JavaScript
prisma_prisma__997,paired,prisma/prisma,agent,agent-footer,substantive,3,1,,0,2,,1,,,3214,TypeScript
supabase_supabase__27834,paired,supabase/supabase,human,none,substantive,4,0,,0,0,,0.75,,,1011,TypeScript
supabase_supabase__28048,paired,supabase/supabase,human,none,substantive,4,0,,0.75,1,,1.75,,,1832,TypeScript
supabase_supabase__28208,paired,supabase/supabase,human,none,substantive,3,0,,1,0.6667,,2,,,322,TypeScript
supabase_supabase__28714,paired,supabase/supabase,human,none,empty,3,0,,0.333333,0,,1.3333,,,45,YAML
supabase_supabase__28730,paired,supabase/supabase,human,none,empty,3,0,,0.333333,0,,1.3333,,,21,TypeScript
supabase_supabase__28761,paired,supabase/supabase,human,none,empty,3,0,,0.666667,0.6667,,1.6667,,,29,JavaScript
supabase_supabase__29038,paired,supabase/supabase,human,none,substantive,3,0,,0,0.3333,,0.6667,,,7798,TypeScript
supabase_supabase__29219,paired,supabase/supabase,human,none,substantive,4,0,,0.25,1,,1,,,2506,TypeScript
supabase_supabase__30280,paired,supabase/supabase,human,none,substantive,4,0,,0.5,0,,1.5,,,281,TypeScript
supabase_supabase__30736,paired,supabase/supabase,human,none,substantive,3,0,,1,1,,2,,,34,TypeScript
supabase_supabase__31229,paired,supabase/supabase,human,none,substantive,3,0,,0.333333,0.6667,,0.6667,,,798,Svelte
supabase_supabase__32632,paired,supabase/supabase,human,none,substantive,3,0,,1,0.3333,,2,,,152,TypeScript
supabase_supabase__32679,paired,supabase/supabase,human,none,substantive,3,0,,0,0.6667,,0.3333,,,1347,TypeScript
supabase_supabase__33228,paired,supabase/supabase,human,none,empty,3,0,,1,0.3333,,2,,,48,TypeScript
supabase_supabase__33252,paired,supabase/supabase,human,none,substantive,4,0,,0.25,1,,1.25,,,1715,TypeScript
supabase_supabase__33335,paired,supabase/supabase,human,none,substantive,3,0,,0.333333,0.6667,,1,,,2769,TypeScript
supabase_supabase__33698,paired,supabase/supabase,human,none,substantive,4,0,,0.25,0,,1,,,142,TypeScript
supabase_supabase__33996,paired,supabase/supabase,human,none,substantive,3,0,,0.666667,0.3333,,1.6667,,,89,TypeScript
supabase_supabase__34804,paired,supabase/supabase,human,none,trivial,3,0,,1,0.3333,,2,,,24,TypeScript
supabase_supabase__34905,paired,supabase/supabase,human,none,trivial,3,0,,0.333333,0,,1.3333,,,49,TypeScript
supabase_supabase__35674,paired,supabase/supabase,human,none,substantive,3,0.333333,,0.666667,1.3333,,1.6667,,,161,TypeScript
supabase_supabase__36002,paired,supabase/supabase,human,none,substantive,3,0.666667,,1,1.3333,,2,,,32,TypeScript
supabase_supabase__36793,paired,supabase/supabase,agent,agent-trailer,substantive,3,0.333333,,1,1.3333,,2,,,75,TypeScript
supabase_supabase__36970,paired,supabase/supabase,human,none,empty,3,0,,1,0.6667,,2,,,36,TypeScript
supabase_supabase__37230,paired,supabase/supabase,human,none,substantive,3,0,,0.333333,0.3333,,1,,,310,TypeScript
supabase_supabase__37928,paired,supabase/supabase,agent,agent-trailer,substantive,3,0,,0,0,,0,,,497,YAML
supabase_supabase__37987,paired,supabase/supabase,human,none,substantive,3,0,,1,0.6667,,2,,,4769,TypeScript
supabase_supabase__38669,paired,supabase/supabase,human,none,substantive,3,0,,1,0.3333,,2,,,500,TypeScript
supabase_supabase__38772,paired,supabase/supabase,agent,agent-trailer,substantive,4,0,,0,0,,0.25,,,1434,TypeScript
supabase_supabase__39041,paired,supabase/supabase,human,none,substantive,3,0,,0.666667,0.6667,,1.6667,,,99,TypeScript
supabase_supabase__39141,paired,supabase/supabase,human,none,empty,3,0,,0.666667,0,,1.3333,,,39,TypeScript
supabase_supabase__39296,paired,supabase/supabase,agent,agent-trailer,substantive,2,0,,1,0.5,,2,,,30,TypeScript
supabase_supabase__39351,paired,supabase/supabase,human,none,substantive,3,0,,0.666667,0.3333,,1.6667,,,275,TypeScript
supabase_supabase__39541,paired,supabase/supabase,human,none,empty,2,0,,1,0,,2,,,2556,TypeScript
supabase_supabase__39583,paired,supabase/supabase,human,none,empty,3,0,,0.333333,0,,1.3333,,,66,Other
supabase_supabase__39600,paired,supabase/supabase,human,none,substantive,3,0.333333,,0.333333,1,,1,,,30,TypeScript
supabase_supabase__39730,paired,supabase/supabase,human,none,substantive,3,0,,0.666667,0,,1.6667,,,22,TypeScript
supabase_supabase__39795,paired,supabase/supabase,agent,agent-trailer,substantive,4,0,,0.25,0,,1.25,,,563,TypeScript
supabase_supabase__39834,paired,supabase/supabase,agent,agent-trailer,substantive,4,0,,0.75,0.5,,1.75,,,985,TypeScript
supabase_supabase__39889,paired,supabase/supabase,agent,agent-trailer,substantive,4,0.5,,0.25,1.5,,1.25,,,904,TypeScript
supabase_supabase__39977,paired,supabase/supabase,human,none,substantive,3,0,,0.666667,0.3333,,1.6667,,,278,TypeScript
supabase_supabase__39991,paired,supabase/supabase,agent,agent-trailer,substantive,4,0.25,,0.25,0.75,,1,,,816,TypeScript
supabase_supabase__40015,paired,supabase/supabase,human,none,trivial,4,0,,0.25,0,,1,,,291,TypeScript
supabase_supabase__40026,paired,supabase/supabase,agent,agent-trailer,substantive,3,0,,0.666667,0.3333,,1.6667,,,1948,TypeScript
supabase_supabase__40183,paired,supabase/supabase,human,none,trivial,3,0,,0.666667,0,,1.6667,,,36,TOML
supabase_supabase__40232,paired,supabase/supabase,human,none,trivial,3,0,,0.333333,0,,1.3333,,,50,TypeScript
supabase_supabase__40290,paired,supabase/supabase,human,none,substantive,3,0,,0.666667,0.6667,,1.6667,,,112,TypeScript
supabase_supabase__40294,paired,supabase/supabase,human,none,empty,3,0,,0.666667,0,,1.6667,,,36,TypeScript
supabase_supabase__40323,paired,supabase/supabase,human,none,empty,3,0,,1,0,,2,,,114,TypeScript
supabase_supabase__40903,paired,supabase/supabase,agent,agent-trailer,substantive,3,0,,0.666667,0.3333,,1.6667,,,508,TypeScript
supabase_supabase__40911,paired,supabase/supabase,human,none,substantive,3,0,,0,0,,0.3333,,,320,XML
supabase_supabase__41013,paired,supabase/supabase,human,none,substantive,4,0.5,,0.5,1,,1.5,,,280,TypeScript
supabase_supabase__41305,paired,supabase/supabase,human,none,trivial,3,0,,0.666667,0.3333,,1.6667,,,57,TypeScript
supabase_supabase__41408,paired,supabase/supabase,human,none,empty,4,0,,0.5,0,,1,,,141,Shell
supabase_supabase__41412,paired,supabase/supabase,human,none,trivial,3,0,,1,0,,2,,,25,TypeScript
supabase_supabase__41525,paired,supabase/supabase,human,none,substantive,3,0,,1,0,,2,,,519,TypeScript
supabase_supabase__41558,paired,supabase/supabase,human,none,trivial,3,0,,0.333333,0,,1.3333,,,47,TypeScript
supabase_supabase__41745,paired,supabase/supabase,agent,agent-trailer,substantive,3,0,,1,1,,2,,,47,TypeScript
supabase_supabase__41801,paired,supabase/supabase,agent,agent-trailer,substantive,3,0.666667,,0.666667,1.3333,,1.6667,,,342,TypeScript
supabase_supabase__42021,paired,supabase/supabase,human,none,substantive,4,0,,0,0.5,,1,,,309,TypeScript
supabase_supabase__42071,paired,supabase/supabase,agent,agent-trailer,substantive,3,0,,0.666667,1,,1.6667,,,130,TOML
supabase_supabase__42079,paired,supabase/supabase,agent,agent-trailer,substantive,3,0.333333,,1,1,,2,,,191,TypeScript
supabase_supabase__42148,paired,supabase/supabase,agent,agent-trailer,substantive,3,0,,0.333333,0.3333,,1.3333,,,263,TypeScript
supabase_supabase__42218,paired,supabase/supabase,human,none,substantive,3,0,,0.333333,0,,0.6667,,,55,TypeScript
supabase_supabase__42260,paired,supabase/supabase,human,none,empty,4,0,,0.5,0,,1.25,,,1077,TypeScript
supabase_supabase__42300,paired,supabase/supabase,agent,agent-trailer,substantive,3,0,,0.666667,0.6667,,1.3333,,,291,TypeScript
supabase_supabase__42361,paired,supabase/supabase,human,none,substantive,3,0.666667,,0.666667,1.3333,,1.3333,,,24,TypeScript
supabase_supabase__42428,paired,supabase/supabase,agent,agent-trailer,substantive,3,0,,0.666667,0.3333,,1.6667,,,1611,TypeScript
supabase_supabase__42458,paired,supabase/supabase,human,none,substantive,3,0,,0.333333,0.6667,,1,,,79,TypeScript
supabase_supabase__42638,paired,supabase/supabase,agent,agent-trailer,substantive,3,0,,0.333333,0,,1.3333,,,1036,TypeScript
supabase_supabase__42874,paired,supabase/supabase,agent,agent-trailer,substantive,3,0.333333,,0.333333,1,,1,,,210,YAML
supabase_supabase__43010,paired,supabase/supabase,human,none,substantive,3,0.666667,,0.666667,1.6667,,1.6667,,,141,TypeScript
supabase_supabase__43090,paired,supabase/supabase,human,none,substantive,3,0,,0.666667,0,,1.6667,,,76,TypeScript
supabase_supabase__43109,paired,supabase/supabase,agent,agent-trailer,substantive,3,0,,0.333333,0,,0.6667,,,3519,TypeScript
supabase_supabase__43140,paired,supabase/supabase,agent,agent-trailer,substantive,4,0,,0.5,0.5,,1,,,295,TypeScript
supabase_supabase__43191,paired,supabase/supabase,agent,agent-trailer,substantive,3,0,,0.666667,0.3333,,1.3333,,,95,TypeScript
supabase_supabase__43201,paired,supabase/supabase,human,none,substantive,3,1,,1,2,,2,,,518,TypeScript
supabase_supabase__43210,paired,supabase/supabase,human,none,substantive,3,0,,1,0,,2,,,123,TypeScript
supabase_supabase__43697,paired,supabase/supabase,agent,agent-trailer,substantive,3,0,,1,0,,2,,,350,TypeScript
supabase_supabase__43790,paired,supabase/supabase,agent,agent-trailer,substantive,3,0.666667,,0.666667,1.3333,,1.6667,,,164,TypeScript
supabase_supabase__43804,paired,supabase/supabase,agent,agent-trailer,substantive,3,0,,0.666667,0.6667,,1.6667,,,85,TypeScript
supabase_supabase__43817,paired,supabase/supabase,agent,agent-trailer,substantive,4,0,,0.25,0,,1,,,1764,Vue
supabase_supabase__43862,paired,supabase/supabase,agent,agent-trailer,substantive,3,0.666667,,0.333333,1.6667,,1.3333,,,44,TypeScript
supabase_supabase__43927,paired,supabase/supabase,agent,agent-trailer,substantive,3,0,,1,1,,2,,,28,TypeScript
supabase_supabase__43929,paired,supabase/supabase,agent,agent-trailer,substantive,3,0,,0.666667,0.6667,,1.6667,,,556,TypeScript
supabase_supabase__43967,paired,supabase/supabase,agent,agent-trailer,substantive,3,1,,0,2,,0.6667,,,48,TypeScript
supabase_supabase__44077,paired,supabase/supabase,agent,agent-trailer,substantive,4,0,,1,0,,2,,,125,TypeScript
supabase_supabase__44087,paired,supabase/supabase,human,none,empty,3,0,,0,0,,0.3333,,,87,TypeScript
supabase_supabase__44137,paired,supabase/supabase,human,none,substantive,3,1,,1,2,,2,,,158,TypeScript
supabase_supabase__44198,paired,supabase/supabase,human,none,substantive,3,0.333333,,1,1.3333,,2,,,22,TypeScript
supabase_supabase__44248,paired,supabase/supabase,agent,agent-trailer,substantive,4,0,,0.25,0,,1,,,3643,TypeScript
supabase_supabase__44293,paired,supabase/supabase,human,none,substantive,3,0,,1,0.6667,,2,,,194,TypeScript
supabase_supabase__44296,paired,supabase/supabase,human,none,substantive,3,0.666667,,0.333333,1.6667,,1.3333,,,196,TypeScript
supabase_supabase__44328,paired,supabase/supabase,agent,agent-trailer,substantive,4,0.5,,0.25,1.25,,0.75,,,1973,TypeScript
supabase_supabase__44343,paired,supabase/supabase,agent,agent-trailer,substantive,3,0,,0.333333,1,,1.3333,,,2752,Other
supabase_supabase__44438,paired,supabase/supabase,agent,agent-trailer,substantive,3,0,,0,0.6667,,0.6667,,,279,TypeScript
supabase_supabase__44513,paired,supabase/supabase,agent,agent-trailer,substantive,3,0,,0,0.6667,,0.6667,,,24,TypeScript
supabase_supabase__44519,paired,supabase/supabase,agent,agent-trailer,substantive,3,0.333333,,1,1.3333,,2,,,280,TypeScript
supabase_supabase__44520,paired,supabase/supabase,agent,agent-trailer,substantive,3,1,,0,2,,0.3333,,,1328,TypeScript
supabase_supabase__44621,paired,supabase/supabase,agent,agent-trailer,substantive,3,0.666667,,0.666667,1.6667,,1.3333,,,433,TypeScript
supabase_supabase__44629,paired,supabase/supabase,agent,agent-trailer,substantive,3,0.333333,,0.333333,1,,1,,,170,YAML
supabase_supabase__44655,paired,supabase/supabase,agent,agent-trailer,substantive,3,0.333333,,0.333333,0.6667,,1.3333,,,46,TypeScript
supabase_supabase__44662,paired,supabase/supabase,human,none,substantive,3,0.333333,,0.666667,1.3333,,1.6667,,,49,JSON
supabase_supabase__44702,paired,supabase/supabase,agent,agent-trailer,substantive,3,0.333333,,0,1,,0.6667,,,122,TypeScript
supabase_supabase__44728,paired,supabase/supabase,agent,agent-trailer,substantive,3,0.666667,,1,1.3333,,2,,,109,TypeScript
supabase_supabase__44797,paired,supabase/supabase,agent,agent-trailer,substantive,3,0,,1,1,,2,,,131,TypeScript
supabase_supabase__44857,paired,supabase/supabase,agent,agent-trailer,substantive,3,0.333333,,0,1,,0.6667,,,287,TypeScript
supabase_supabase__44878,paired,supabase/supabase,agent,agent-trailer,substantive,3,0.666667,,0,1.6667,,0.6667,,,51,JavaScript
supabase_supabase__44965,paired,supabase/supabase,agent,agent-trailer,substantive,3,0.666667,,0,1.3333,,1,,,778,TypeScript
supabase_supabase__44973,paired,supabase/supabase,human,none,substantive,3,0,,0.666667,0.3333,,1.6667,,,89,TypeScript
supabase_supabase__44986,paired,supabase/supabase,agent,agent-trailer,substantive,4,0,,0,0.25,,0.25,,,435,TypeScript
supabase_supabase__45034,paired,supabase/supabase,human,none,substantive,3,0.666667,,0.333333,1.3333,,1.3333,,,386,TypeScript
supabase_supabase__45170,paired,supabase/supabase,agent,agent-trailer,substantive,4,0.25,,0,0.75,,0.25,,,338,TypeScript
supabase_supabase__45219,paired,supabase/supabase,agent,agent-trailer,substantive,4,0,,0.25,0.75,,1.25,,,2096,TypeScript
supabase_supabase__45274,paired,supabase/supabase,agent,agent-trailer,substantive,4,0.5,,0.25,1.25,,1.25,,,161,TypeScript
supabase_supabase__45294,paired,supabase/supabase,agent,agent-trailer,substantive,4,0.25,,0.25,0.75,,1,,,182,JSON
supabase_supabase__45326,paired,supabase/supabase,agent,agent-trailer,substantive,3,0.666667,,1,1.6667,,2,,,292,TypeScript
supabase_supabase__45396,paired,supabase/supabase,agent,agent-trailer,substantive,4,0.75,,0.25,1.75,,0.75,,,806,TypeScript
supabase_supabase__45467,paired,supabase/supabase,human,none,substantive,3,0.333333,,0.333333,1.3333,,1.3333,,,733,TypeScript
supabase_supabase__45516,paired,supabase/supabase,agent,agent-trailer,substantive,3,0.333333,,0.333333,1,,1,,,96,TypeScript
supabase_supabase__45523,paired,supabase/supabase,agent,agent-trailer,substantive,3,0.333333,,0.333333,1,,1.3333,,,274,TypeScript
supabase_supabase__45658,paired,supabase/supabase,human,none,substantive,3,0,,1,0.3333,,2,,,144,TypeScript
supabase_supabase__45716,paired,supabase/supabase,agent,agent-trailer,substantive,3,0.333333,,0.333333,1,,1,,,150,YAML
supabase_supabase__45787,paired,supabase/supabase,agent,agent-trailer,substantive,2,0,,1,1,,2,,,26,TypeScript
supabase_supabase__45833,paired,supabase/supabase,agent,agent-trailer,substantive,3,1,,0.666667,2,,1.3333,,,23,TypeScript
supabase_supabase__45941,paired,supabase/supabase,human,none,empty,3,0,,0.333333,0,,1.3333,,,95,Shell
supabase_supabase__46054,paired,supabase/supabase,agent,agent-trailer,substantive,3,0,,0.333333,0.6667,,1,,,59,TypeScript
supabase_supabase__46095,paired,supabase/supabase,agent,agent-trailer,substantive,3,0.333333,,0.333333,1,,1.3333,,,210,TypeScript
supabase_supabase__46138,paired,supabase/supabase,human,none,substantive,3,0,,0.333333,1,,1.3333,,,21,TypeScript
supabase_supabase__46147,paired,supabase/supabase,agent,agent-trailer,substantive,3,0.333333,,0.333333,1,,1,,,90,TypeScript
supabase_supabase__46150,paired,supabase/supabase,agent,agent-trailer,substantive,3,0,,0.666667,0.6667,,1.6667,,,104,TypeScript
supabase_supabase__46168,paired,supabase/supabase,human,none,substantive,3,0.666667,,1,1.6667,,2,,,228,TypeScript
supabase_supabase__46198,paired,supabase/supabase,agent,agent-trailer,substantive,4,0,,0,0.25,,0.5,,,298,TypeScript
supabase_supabase__46232,paired,supabase/supabase,agent,agent-trailer,substantive,3,0.333333,,0.333333,1.3333,,0.6667,,,37,TypeScript
supabase_supabase__46241,paired,supabase/supabase,agent,agent-trailer,substantive,3,0.333333,,0,0.6667,,0.6667,,,260,TypeScript
supabase_supabase__46242,paired,supabase/supabase,agent,agent-trailer,substantive,3,0,,0.666667,0.6667,,1.3333,,,185,TypeScript
supabase_supabase__46245,paired,supabase/supabase,agent,agent-trailer,substantive,3,0.333333,,0.333333,1.3333,,1.3333,,,28,TypeScript
supabase_supabase__46319,paired,supabase/supabase,agent,agent-trailer,substantive,3,0.666667,,1,1.3333,,2,,,705,TypeScript
supabase_supabase__46359,paired,supabase/supabase,agent,agent-trailer,substantive,3,1,,0,2,,1,,,1197,TypeScript
supabase_supabase__46371,paired,supabase/supabase,agent,agent-trailer,substantive,3,0.333333,,1,1.3333,,2,,,97,TypeScript
supabase_supabase__46382,paired,supabase/supabase,agent,agent-trailer,substantive,3,0.666667,,0.666667,1.6667,,1.6667,,,20,TypeScript
supabase_supabase__46499,paired,supabase/supabase,agent,agent-trailer,substantive,3,1,,0.666667,2,,1.6667,,,276,TypeScript
supabase_supabase__46562,paired,supabase/supabase,human,none,substantive,3,0,,1,0,,2,,,112,TypeScript
supabase_supabase__46614,paired,supabase/supabase,agent,agent-trailer,substantive,3,0.666667,,0.333333,1.6667,,0.6667,,,1274,TypeScript
supabase_supabase__46673,paired,supabase/supabase,agent,agent-trailer,substantive,3,0.666667,,0.666667,1.6667,,1.6667,,,36,TypeScript
supabase_supabase__46720,paired,supabase/supabase,agent,agent-trailer,substantive,4,0.25,,0.25,1.25,,1,,,90,TypeScript
supabase_supabase__46729,paired,supabase/supabase,agent,agent-trailer,substantive,3,0.666667,,0.666667,1.6667,,1.6667,,,38,TypeScript
supabase_supabase__46771,paired,supabase/supabase,agent,agent-trailer,substantive,3,1,,0,2,,1,,,28,TypeScript
supabase_supabase__46803,paired,supabase/supabase,agent,agent-trailer,substantive,3,0,,0.333333,1,,1,,,493,TypeScript
supabase_supabase__46830,paired,supabase/supabase,agent,agent-trailer,substantive,3,0.666667,,1,1.6667,,2,,,198,TypeScript
supabase_supabase__46928,paired,supabase/supabase,agent,agent-trailer,substantive,3,0.666667,,1,1.6667,,2,,,50,TypeScript
supabase_supabase__46953,paired,supabase/supabase,agent,agent-trailer,substantive,2,1,,1,2,,2,,,28,TypeScript
supabase_supabase__46960,paired,supabase/supabase,agent,agent-trailer,substantive,3,1,,0.666667,2,,1.6667,,,120,TypeScript
supabase_supabase__46967,paired,supabase/supabase,agent,agent-trailer,substantive,3,0,,0.333333,0.6667,,1.3333,,,1306,TypeScript
supabase_supabase__46977,paired,supabase/supabase,human,none,substantive,4,0.25,,0.75,1.25,,1.75,,,720,TypeScript
supabase_supabase__47002,paired,supabase/supabase,human,none,substantive,3,0.666667,,1,1.6667,,2,,,37,TypeScript
supabase_supabase__47007,paired,supabase/supabase,agent,agent-trailer,substantive,3,0,,0.666667,0.3333,,1.6667,,,501,TypeScript
supabase_supabase__47024,paired,supabase/supabase,agent,agent-trailer,substantive,3,0.666667,,0.333333,1.3333,,1.3333,,,341,YAML
supabase_supabase__47028,paired,supabase/supabase,agent,agent-trailer,substantive,3,0,,0.333333,0.6667,,1,,,52,TypeScript
supabase_supabase__47088,paired,supabase/supabase,agent,agent-trailer,substantive,3,0.333333,,0.666667,1,,1.6667,,,233,TypeScript
supabase_supabase__47104,paired,supabase/supabase,human,none,substantive,3,1,,0,2,,1,,,145,TypeScript
supabase_supabase__47264,paired,supabase/supabase,agent,agent-trailer,substantive,4,0.5,,0.5,1.25,,1.25,,,1302,TypeScript
supabase_supabase__47353,paired,supabase/supabase,agent,agent-trailer,substantive,3,0,,1,1,,2,,,36,TypeScript
supabase_supabase__47363,paired,supabase/supabase,human,none,substantive,4,0.25,,0.75,0.75,,1.75,,,326,TypeScript
supabase_supabase__47406,paired,supabase/supabase,human,none,substantive,4,0.25,,0,0.5,,0.25,,,712,TypeScript
supabase_supabase__47415,paired,supabase/supabase,agent,agent-footer,substantive,3,0,,0,0.3333,,0.3333,,,56,JSON
supabase_supabase__47419,paired,supabase/supabase,agent,agent-trailer,substantive,3,0,,0,0.3333,,0.6667,,,60,JSON
supabase_supabase__47421,paired,supabase/supabase,human,none,substantive,4,0.5,,0.25,1.25,,0.75,,,466,TypeScript
supabase_supabase__47434,paired,supabase/supabase,agent,agent-trailer,substantive,3,1,,0.666667,2,,1.6667,,,56,TypeScript
supabase_supabase__47436,paired,supabase/supabase,agent,agent-trailer,substantive,3,0.666667,,1,1.6667,,2,,,26,TypeScript
supabase_supabase__47489,paired,supabase/supabase,agent,agent-trailer,substantive,4,0.25,,0.75,0.5,,1.75,,,122,TypeScript
supabase_supabase__47494,paired,supabase/supabase,agent,agent-trailer,substantive,3,0.666667,,1,1.6667,,2,,,80,TypeScript
supabase_supabase__47502,paired,supabase/supabase,agent,agent-trailer,substantive,4,0.5,,1,1.25,,2,,,230,TypeScript
supabase_supabase__47532,paired,supabase/supabase,human,none,empty,3,0,,0.666667,0,,1.6667,,,30,TypeScript
supabase_supabase__47560,paired,supabase/supabase,agent,agent-trailer,substantive,3,0.333333,,0.666667,1,,1.6667,,,225,TypeScript
supabase_supabase__47583,paired,supabase/supabase,agent,agent-trailer,substantive,3,0.333333,,0.333333,0.6667,,0.6667,,,122,YAML
supabase_supabase__47631,paired,supabase/supabase,agent,agent-trailer,substantive,4,0.25,,1,1.25,,2,,,54,TypeScript
supabase_supabase__47724,paired,supabase/supabase,human,none,substantive,3,0.333333,,0.666667,1,,1.6667,,,123,JavaScript
supabase_supabase__47864,paired,supabase/supabase,human,none,substantive,3,0.333333,,0,1,,0.6667,,,138,Other
supabase_supabase__47880,paired,supabase/supabase,human,none,substantive,4,0,,0,0.5,,0.75,,,1814,TypeScript
supabase_supabase__48008,paired,supabase/supabase,human,none,substantive,3,0.666667,,1,1.6667,,2,,,250,TypeScript
supabase_supabase__48037,paired,supabase/supabase,agent,agent-trailer,substantive,3,0.666667,,0.333333,1.6667,,1.3333,,,91,JSON
supabase_supabase__48099,paired,supabase/supabase,agent,agent-trailer,substantive,4,0,,0.75,1,,1.75,,,95,TypeScript
supabase_supabase__48140,paired,supabase/supabase,human,none,substantive,3,0.333333,,0.666667,1,,1.6667,,,572,TypeScript
supabase_supabase__48141,paired,supabase/supabase,human,none,substantive,3,0,,1,1,,2,,,38,TypeScript
supabase_supabase__48142,paired,supabase/supabase,agent,bot-author,substantive,3,0.666667,,0,1.6667,,0.3333,,,457,TypeScript
supabase_supabase__48148,paired,supabase/supabase,agent,agent-trailer,substantive,4,1,,0,2,,1,,,1484,TypeScript
supabase_supabase__48170,paired,supabase/supabase,human,none,substantive,3,0,,0,0.3333,,0.6667,,,358,TypeScript
supabase_supabase__48226,paired,supabase/supabase,agent,agent-trailer,substantive,3,0.666667,,0.333333,1.3333,,1,,,149,JavaScript
supabase_supabase__48249,paired,supabase/supabase,agent,agent-trailer,substantive,4,0.25,,1,1,,2,,,341,TypeScript
supabase_supabase__48269,paired,supabase/supabase,agent,bot-author,substantive,3,0.333333,,0.333333,1.3333,,1.3333,,,402,TypeScript
supabase_supabase__48290,paired,supabase/supabase,human,none,substantive,3,0.666667,,0.333333,1.3333,,1.3333,,,224,TypeScript
supabase_supabase__48320,paired,supabase/supabase,agent,agent-trailer,substantive,3,1,,0,2,,1,,,1078,TypeScript
