id,repo,provenance,tier,score_real,score_synthetic
apache_airflow__40457,apache/airflow,human,empty,1,2
apache_airflow__40457,apache/airflow,human,empty,0,2
apache_airflow__40457,apache/airflow,human,empty,0,1
apache_airflow__40491,apache/airflow,human,trivial,0,2
apache_airflow__40491,apache/airflow,human,trivial,0,0
apache_airflow__40491,apache/airflow,human,trivial,0,2
apache_airflow__40558,apache/airflow,human,substantive,0,2
apache_airflow__40558,apache/airflow,human,substantive,0,2
apache_airflow__40558,apache/airflow,human,substantive,0,0
apache_airflow__40558,apache/airflow,human,substantive,1,2
apache_airflow__40802,apache/airflow,human,trivial,0,1
apache_airflow__40802,apache/airflow,human,trivial,0,1
apache_airflow__40802,apache/airflow,human,trivial,0,1
apache_airflow__40802,apache/airflow,human,trivial,0,1
apache_airflow__40809,apache/airflow,human,empty,0,2
apache_airflow__40809,apache/airflow,human,empty,0,2
apache_airflow__40809,apache/airflow,human,empty,0,2
apache_airflow__40854,apache/airflow,human,empty,0,1
apache_airflow__40854,apache/airflow,human,empty,0,0
apache_airflow__40854,apache/airflow,human,empty,0,2
apache_airflow__40854,apache/airflow,human,empty,0,0
apache_airflow__41200,apache/airflow,human,empty,0,1
apache_airflow__41200,apache/airflow,human,empty,0,2
apache_airflow__41200,apache/airflow,human,empty,0,2
apache_airflow__41277,apache/airflow,human,trivial,0,2
apache_airflow__41277,apache/airflow,human,trivial,0,2
apache_airflow__41277,apache/airflow,human,trivial,0,0
apache_airflow__41296,apache/airflow,human,trivial,1,2
apache_airflow__41296,apache/airflow,human,trivial,1,2
apache_airflow__41296,apache/airflow,human,trivial,0,2
apache_airflow__41296,apache/airflow,human,trivial,0,2
apache_airflow__41396,apache/airflow,human,empty,0,0
apache_airflow__41396,apache/airflow,human,empty,0,2
apache_airflow__41396,apache/airflow,human,empty,0,1
apache_airflow__41663,apache/airflow,human,trivial,1,2
apache_airflow__41663,apache/airflow,human,trivial,0,2
apache_airflow__41663,apache/airflow,human,trivial,0,0
apache_airflow__41663,apache/airflow,human,trivial,0,2
apache_airflow__41846,apache/airflow,human,substantive,0,2
apache_airflow__41846,apache/airflow,human,substantive,0,2
apache_airflow__41846,apache/airflow,human,substantive,0,1
apache_airflow__41846,apache/airflow,human,substantive,1,2
apache_airflow__42474,apache/airflow,human,substantive,1,2
apache_airflow__42474,apache/airflow,human,substantive,1,2
apache_airflow__42474,apache/airflow,human,substantive,0,2
apache_airflow__42684,apache/airflow,human,substantive,1,2
apache_airflow__42684,apache/airflow,human,substantive,1,2
apache_airflow__42684,apache/airflow,human,substantive,1,2
apache_airflow__42758,apache/airflow,human,substantive,1,2
apache_airflow__42758,apache/airflow,human,substantive,1,2
apache_airflow__42758,apache/airflow,human,substantive,0,2
apache_airflow__42761,apache/airflow,human,substantive,2,1
apache_airflow__42761,apache/airflow,human,substantive,1,1
apache_airflow__42761,apache/airflow,human,substantive,1,1
apache_airflow__42770,apache/airflow,human,trivial,0,2
apache_airflow__42770,apache/airflow,human,trivial,0,2
apache_airflow__42770,apache/airflow,human,trivial,0,0
apache_airflow__42794,apache/airflow,human,empty,0,1
apache_airflow__42794,apache/airflow,human,empty,0,2
apache_airflow__42794,apache/airflow,human,empty,0,1
apache_airflow__42865,apache/airflow,human,substantive,2,2
apache_airflow__42865,apache/airflow,human,substantive,2,1
apache_airflow__42865,apache/airflow,human,substantive,1,2
apache_airflow__43005,apache/airflow,human,substantive,2,2
apache_airflow__43005,apache/airflow,human,substantive,0,1
apache_airflow__43005,apache/airflow,human,substantive,0,0
apache_airflow__43159,apache/airflow,human,empty,0,2
apache_airflow__43159,apache/airflow,human,empty,0,0
apache_airflow__43159,apache/airflow,human,empty,0,0
apache_airflow__43159,apache/airflow,human,empty,0,2
apache_airflow__43223,apache/airflow,human,empty,0,2
apache_airflow__43223,apache/airflow,human,empty,0,2
apache_airflow__43223,apache/airflow,human,empty,0,2
apache_airflow__43669,apache/airflow,human,trivial,0,2
apache_airflow__43669,apache/airflow,human,trivial,0,2
apache_airflow__43669,apache/airflow,human,trivial,1,2
apache_airflow__44287,apache/airflow,human,empty,0,2
apache_airflow__44287,apache/airflow,human,empty,0,1
apache_airflow__44287,apache/airflow,human,empty,0,0
apache_airflow__44287,apache/airflow,human,empty,0,0
apache_airflow__44433,apache/airflow,agent,substantive,1,2
apache_airflow__44433,apache/airflow,agent,substantive,1,2
apache_airflow__44433,apache/airflow,agent,substantive,0,1
apache_airflow__44493,apache/airflow,human,trivial,0,2
apache_airflow__44493,apache/airflow,human,trivial,0,1
apache_airflow__44493,apache/airflow,human,trivial,0,2
apache_airflow__44627,apache/airflow,human,substantive,0,0
apache_airflow__44627,apache/airflow,human,substantive,0,0
apache_airflow__44627,apache/airflow,human,substantive,0,1
apache_airflow__44704,apache/airflow,human,trivial,0,1
apache_airflow__44704,apache/airflow,human,trivial,0,2
apache_airflow__44704,apache/airflow,human,trivial,1,1
apache_airflow__44745,apache/airflow,human,trivial,0,2
apache_airflow__44745,apache/airflow,human,trivial,0,2
apache_airflow__44745,apache/airflow,human,trivial,0,2
apache_airflow__44778,apache/airflow,human,substantive,1,2
apache_airflow__44778,apache/airflow,human,substantive,2,2
apache_airflow__44778,apache/airflow,human,substantive,0,2
apache_airflow__44880,apache/airflow,human,empty,1,2
apache_airflow__44880,apache/airflow,human,empty,0,0
apache_airflow__44880,apache/airflow,human,empty,1,2
apache_airflow__44939,apache/airflow,human,trivial,1,2
apache_airflow__44939,apache/airflow,human,trivial,0,2
apache_airflow__44939,apache/airflow,human,trivial,1,2
apache_airflow__45075,apache/airflow,human,substantive,1,2
apache_airflow__45075,apache/airflow,human,substantive,0,1
apache_airflow__45075,apache/airflow,human,substantive,1,1
apache_airflow__45075,apache/airflow,human,substantive,0,0
apache_airflow__45209,apache/airflow,human,trivial,1,2
apache_airflow__45209,apache/airflow,human,trivial,0,0
apache_airflow__45209,apache/airflow,human,trivial,0,2
apache_airflow__45397,apache/airflow,human,empty,1,2
apache_airflow__45397,apache/airflow,human,empty,1,1
apache_airflow__45397,apache/airflow,human,empty,0,2
apache_airflow__45397,apache/airflow,human,empty,0,2
apache_airflow__45722,apache/airflow,human,trivial,1,2
apache_airflow__45722,apache/airflow,human,trivial,1,2
apache_airflow__45722,apache/airflow,human,trivial,0,0
apache_airflow__46037,apache/airflow,human,trivial,0,2
apache_airflow__46037,apache/airflow,human,trivial,0,2
apache_airflow__46037,apache/airflow,human,trivial,1,2
apache_airflow__46063,apache/airflow,human,empty,0,1
apache_airflow__46063,apache/airflow,human,empty,0,1
apache_airflow__46063,apache/airflow,human,empty,0,1
apache_airflow__46073,apache/airflow,human,empty,1,2
apache_airflow__46073,apache/airflow,human,empty,0,2
apache_airflow__46073,apache/airflow,human,empty,1,2
apache_airflow__46138,apache/airflow,human,trivial,0,2
apache_airflow__46138,apache/airflow,human,trivial,1,2
apache_airflow__46138,apache/airflow,human,trivial,1,2
apache_airflow__46142,apache/airflow,human,empty,0,1
apache_airflow__46142,apache/airflow,human,empty,0,2
apache_airflow__46142,apache/airflow,human,empty,0,2
apache_airflow__46574,apache/airflow,human,empty,0,2
apache_airflow__46574,apache/airflow,human,empty,0,1
apache_airflow__46574,apache/airflow,human,empty,0,0
apache_airflow__46826,apache/airflow,human,substantive,1,2
apache_airflow__46826,apache/airflow,human,substantive,0,1
apache_airflow__46826,apache/airflow,human,substantive,2,1
apache_airflow__46848,apache/airflow,human,substantive,1,2
apache_airflow__46848,apache/airflow,human,substantive,1,2
apache_airflow__46848,apache/airflow,human,substantive,0,0
apache_airflow__47124,apache/airflow,human,substantive,2,1
apache_airflow__47124,apache/airflow,human,substantive,0,2
apache_airflow__47124,apache/airflow,human,substantive,0,2
apache_airflow__47241,apache/airflow,human,substantive,1,1
apache_airflow__47241,apache/airflow,human,substantive,1,2
apache_airflow__47241,apache/airflow,human,substantive,0,1
apache_airflow__48461,apache/airflow,human,substantive,0,2
apache_airflow__48461,apache/airflow,human,substantive,0,2
apache_airflow__48461,apache/airflow,human,substantive,0,2
apache_airflow__48941,apache/airflow,human,empty,1,2
apache_airflow__48941,apache/airflow,human,empty,0,2
apache_airflow__48941,apache/airflow,human,empty,0,2
apache_airflow__48941,apache/airflow,human,empty,1,2
apache_airflow__48987,apache/airflow,human,substantive,1,2
apache_airflow__48987,apache/airflow,human,substantive,0,0
apache_airflow__48987,apache/airflow,human,substantive,1,2
apache_airflow__49085,apache/airflow,human,empty,0,2
apache_airflow__49085,apache/airflow,human,empty,0,1
apache_airflow__49085,apache/airflow,human,empty,0,2
apache_airflow__49137,apache/airflow,human,trivial,0,2
apache_airflow__49137,apache/airflow,human,trivial,0,2
apache_airflow__49137,apache/airflow,human,trivial,0,0
apache_airflow__49199,apache/airflow,human,trivial,0,0
apache_airflow__49199,apache/airflow,human,trivial,0,1
apache_airflow__49199,apache/airflow,human,trivial,0,1
apache_airflow__49199,apache/airflow,human,trivial,0,2
apache_airflow__49610,apache/airflow,human,trivial,0,2
apache_airflow__49610,apache/airflow,human,trivial,1,2
apache_airflow__49610,apache/airflow,human,trivial,0,0
apache_airflow__49809,apache/airflow,human,empty,1,2
apache_airflow__49809,apache/airflow,human,empty,1,2
apache_airflow__49809,apache/airflow,human,empty,1,2
apache_airflow__50065,apache/airflow,human,trivial,0,2
apache_airflow__50065,apache/airflow,human,trivial,0,2
apache_airflow__50065,apache/airflow,human,trivial,0,0
apache_airflow__50123,apache/airflow,human,empty,0,1
apache_airflow__50123,apache/airflow,human,empty,0,2
apache_airflow__50123,apache/airflow,human,empty,0,1
apache_airflow__50123,apache/airflow,human,empty,0,2
apache_airflow__50511,apache/airflow,human,substantive,0,1
apache_airflow__50511,apache/airflow,human,substantive,0,2
apache_airflow__50511,apache/airflow,human,substantive,1,1
apache_airflow__50532,apache/airflow,human,empty,0,2
apache_airflow__50532,apache/airflow,human,empty,0,2
apache_airflow__50532,apache/airflow,human,empty,0,2
apache_airflow__50670,apache/airflow,human,empty,1,2
apache_airflow__50670,apache/airflow,human,empty,1,2
apache_airflow__50670,apache/airflow,human,empty,0,2
apache_airflow__50670,apache/airflow,human,empty,0,0
apache_airflow__50960,apache/airflow,agent,substantive,0,0
apache_airflow__50960,apache/airflow,agent,substantive,1,1
apache_airflow__50960,apache/airflow,agent,substantive,1,1
apache_airflow__50960,apache/airflow,agent,substantive,2,1
apache_airflow__51297,apache/airflow,human,trivial,0,2
apache_airflow__51297,apache/airflow,human,trivial,0,2
apache_airflow__51297,apache/airflow,human,trivial,0,2
apache_airflow__51404,apache/airflow,human,empty,1,2
apache_airflow__51404,apache/airflow,human,empty,1,2
apache_airflow__51404,apache/airflow,human,empty,0,2
apache_airflow__51650,apache/airflow,human,empty,0,2
apache_airflow__51650,apache/airflow,human,empty,0,0
apache_airflow__51650,apache/airflow,human,empty,0,1
apache_airflow__52262,apache/airflow,human,substantive,0,2
apache_airflow__52262,apache/airflow,human,substantive,0,2
apache_airflow__52262,apache/airflow,human,substantive,0,1
apache_airflow__52302,apache/airflow,human,empty,0,2
apache_airflow__52302,apache/airflow,human,empty,0,2
apache_airflow__52302,apache/airflow,human,empty,0,2
apache_airflow__52404,apache/airflow,human,substantive,0,1
apache_airflow__52404,apache/airflow,human,substantive,0,0
apache_airflow__52404,apache/airflow,human,substantive,0,0
apache_airflow__52404,apache/airflow,human,substantive,0,1
apache_airflow__52564,apache/airflow,human,empty,1,2
apache_airflow__52564,apache/airflow,human,empty,0,2
apache_airflow__52564,apache/airflow,human,empty,0,2
apache_airflow__52591,apache/airflow,human,substantive,1,2
apache_airflow__52591,apache/airflow,human,substantive,2,2
apache_airflow__52591,apache/airflow,human,substantive,0,1
apache_airflow__52737,apache/airflow,human,empty,1,2
apache_airflow__52737,apache/airflow,human,empty,0,2
apache_airflow__52737,apache/airflow,human,empty,0,2
apache_airflow__52800,apache/airflow,human,empty,0,2
apache_airflow__52800,apache/airflow,human,empty,0,2
apache_airflow__52800,apache/airflow,human,empty,0,2
apache_airflow__53153,apache/airflow,agent,substantive,0,1
apache_airflow__53153,apache/airflow,agent,substantive,1,1
apache_airflow__53153,apache/airflow,agent,substantive,0,1
apache_airflow__53314,apache/airflow,human,empty,1,2
apache_airflow__53314,apache/airflow,human,empty,0,2
apache_airflow__53314,apache/airflow,human,empty,0,1
apache_airflow__53350,apache/airflow,human,substantive,0,1
apache_airflow__53350,apache/airflow,human,substantive,0,0
apache_airflow__53350,apache/airflow,human,substantive,0,2
apache_airflow__53390,apache/airflow,human,substantive,1,2
apache_airflow__53390,apache/airflow,human,substantive,1,2
apache_airflow__53390,apache/airflow,human,substantive,0,2
apache_airflow__53420,apache/airflow,human,substantive,1,2
apache_airflow__53420,apache/airflow,human,substantive,0,2
apache_airflow__53420,apache/airflow,human,substantive,0,1
apache_airflow__53420,apache/airflow,human,substantive,0,2
apache_airflow__53514,apache/airflow,human,empty,1,1
apache_airflow__53514,apache/airflow,human,empty,0,0
apache_airflow__53514,apache/airflow,human,empty,1,2
apache_airflow__54487,apache/airflow,human,substantive,1,2
apache_airflow__54487,apache/airflow,human,substantive,0,1
apache_airflow__54487,apache/airflow,human,substantive,0,2
apache_airflow__54679,apache/airflow,human,substantive,1,2
apache_airflow__54679,apache/airflow,human,substantive,0,2
apache_airflow__54679,apache/airflow,human,substantive,1,2
apache_airflow__54679,apache/airflow,human,substantive,1,1
apache_airflow__54731,apache/airflow,human,substantive,0,2
apache_airflow__54731,apache/airflow,human,substantive,0,2
apache_airflow__54731,apache/airflow,human,substantive,0,2
apache_airflow__55090,apache/airflow,human,substantive,0,1
apache_airflow__55090,apache/airflow,human,substantive,0,0
apache_airflow__55090,apache/airflow,human,substantive,0,1
apache_airflow__55114,apache/airflow,human,empty,1,2
apache_airflow__55114,apache/airflow,human,empty,0,1
apache_airflow__55114,apache/airflow,human,empty,1,2
apache_airflow__55118,apache/airflow,human,empty,0,2
apache_airflow__55118,apache/airflow,human,empty,0,2
apache_airflow__55118,apache/airflow,human,empty,0,2
apache_airflow__55486,apache/airflow,human,empty,0,2
apache_airflow__55486,apache/airflow,human,empty,0,2
apache_airflow__55486,apache/airflow,human,empty,1,1
apache_airflow__55499,apache/airflow,human,substantive,1,2
apache_airflow__55499,apache/airflow,human,substantive,1,2
apache_airflow__55499,apache/airflow,human,substantive,0,1
apache_airflow__55972,apache/airflow,human,empty,0,1
apache_airflow__55972,apache/airflow,human,empty,0,1
apache_airflow__55972,apache/airflow,human,empty,0,2
apache_airflow__56007,apache/airflow,human,trivial,0,1
apache_airflow__56007,apache/airflow,human,trivial,1,2
apache_airflow__56007,apache/airflow,human,trivial,0,0
apache_airflow__56077,apache/airflow,human,trivial,1,2
apache_airflow__56077,apache/airflow,human,trivial,0,1
apache_airflow__56077,apache/airflow,human,trivial,0,2
apache_airflow__56608,apache/airflow,human,substantive,0,1
apache_airflow__56608,apache/airflow,human,substantive,0,0
apache_airflow__56608,apache/airflow,human,substantive,0,2
apache_airflow__56692,apache/airflow,human,empty,1,2
apache_airflow__56692,apache/airflow,human,empty,1,2
apache_airflow__56692,apache/airflow,human,empty,1,2
apache_airflow__56695,apache/airflow,human,substantive,2,2
apache_airflow__56695,apache/airflow,human,substantive,1,1
apache_airflow__56695,apache/airflow,human,substantive,2,1
apache_airflow__56936,apache/airflow,human,substantive,0,2
apache_airflow__56936,apache/airflow,human,substantive,2,1
apache_airflow__56936,apache/airflow,human,substantive,0,1
apache_airflow__57010,apache/airflow,human,substantive,1,2
apache_airflow__57010,apache/airflow,human,substantive,1,2
apache_airflow__57010,apache/airflow,human,substantive,0,2
apache_airflow__57103,apache/airflow,human,trivial,0,1
apache_airflow__57103,apache/airflow,human,trivial,0,2
apache_airflow__57103,apache/airflow,human,trivial,0,2
apache_airflow__57228,apache/airflow,human,empty,0,2
apache_airflow__57228,apache/airflow,human,empty,1,2
apache_airflow__57228,apache/airflow,human,empty,0,2
apache_airflow__57667,apache/airflow,agent,substantive,0,2
apache_airflow__57667,apache/airflow,agent,substantive,0,0
apache_airflow__57667,apache/airflow,agent,substantive,0,2
apache_airflow__57741,apache/airflow,agent,substantive,0,1
apache_airflow__57741,apache/airflow,agent,substantive,0,2
apache_airflow__57741,apache/airflow,agent,substantive,0,2
apache_airflow__58292,apache/airflow,human,substantive,0,2
apache_airflow__58292,apache/airflow,human,substantive,1,2
apache_airflow__58292,apache/airflow,human,substantive,0,1
apache_airflow__58733,apache/airflow,human,empty,1,2
apache_airflow__58733,apache/airflow,human,empty,2,2
apache_airflow__58733,apache/airflow,human,empty,1,1
apache_airflow__58733,apache/airflow,human,empty,0,2
apache_airflow__58838,apache/airflow,agent,trivial,0,2
apache_airflow__58838,apache/airflow,agent,trivial,0,2
apache_airflow__58838,apache/airflow,agent,trivial,0,2
apache_airflow__58888,apache/airflow,human,trivial,1,2
apache_airflow__58888,apache/airflow,human,trivial,0,2
apache_airflow__58888,apache/airflow,human,trivial,0,1
apache_airflow__59507,apache/airflow,human,substantive,2,2
apache_airflow__59507,apache/airflow,human,substantive,2,2
apache_airflow__59507,apache/airflow,human,substantive,2,2
apache_airflow__59804,apache/airflow,human,empty,1,2
apache_airflow__59804,apache/airflow,human,empty,0,2
apache_airflow__59804,apache/airflow,human,empty,0,2
apache_airflow__59804,apache/airflow,human,empty,0,2
apache_airflow__59805,apache/airflow,agent,substantive,2,2
apache_airflow__59805,apache/airflow,agent,substantive,2,1
apache_airflow__59805,apache/airflow,agent,substantive,1,0
apache_airflow__59805,apache/airflow,agent,substantive,2,1
apache_airflow__60146,apache/airflow,human,empty,0,2
apache_airflow__60146,apache/airflow,human,empty,0,2
apache_airflow__60146,apache/airflow,human,empty,0,2
apache_airflow__60440,apache/airflow,agent,substantive,0,2
apache_airflow__60440,apache/airflow,agent,substantive,1,2
apache_airflow__60440,apache/airflow,agent,substantive,0,1
apache_airflow__60545,apache/airflow,human,substantive,1,2
apache_airflow__60545,apache/airflow,human,substantive,1,0
apache_airflow__60545,apache/airflow,human,substantive,0,2
apache_airflow__60633,apache/airflow,human,empty,0,0
apache_airflow__60633,apache/airflow,human,empty,0,1
apache_airflow__60633,apache/airflow,human,empty,1,1
apache_airflow__60647,apache/airflow,human,empty,0,2
apache_airflow__60647,apache/airflow,human,empty,0,2
apache_airflow__60647,apache/airflow,human,empty,0,2
apache_airflow__60676,apache/airflow,human,empty,1,2
apache_airflow__60676,apache/airflow,human,empty,0,2
apache_airflow__60676,apache/airflow,human,empty,0,1
apache_airflow__60735,apache/airflow,human,empty,0,2
apache_airflow__60735,apache/airflow,human,empty,0,2
apache_airflow__60735,apache/airflow,human,empty,0,2
apache_airflow__61560,apache/airflow,agent,substantive,2,1
apache_airflow__61560,apache/airflow,agent,substantive,2,2
apache_airflow__61560,apache/airflow,agent,substantive,1,2
apache_airflow__61706,apache/airflow,human,empty,0,2
apache_airflow__61706,apache/airflow,human,empty,0,0
apache_airflow__61706,apache/airflow,human,empty,0,2
apache_airflow__61854,apache/airflow,agent,substantive,2,1
apache_airflow__61854,apache/airflow,agent,substantive,2,1
apache_airflow__61854,apache/airflow,agent,substantive,1,2
apache_airflow__61861,apache/airflow,human,empty,1,2
apache_airflow__61861,apache/airflow,human,empty,0,2
apache_airflow__61861,apache/airflow,human,empty,1,1
apache_airflow__62401,apache/airflow,human,substantive,0,2
apache_airflow__62401,apache/airflow,human,substantive,0,2
apache_airflow__62401,apache/airflow,human,substantive,0,2
apache_airflow__62509,apache/airflow,human,empty,1,2
apache_airflow__62509,apache/airflow,human,empty,1,2
apache_airflow__62509,apache/airflow,human,empty,1,2
apache_airflow__62570,apache/airflow,agent,substantive,1,2
apache_airflow__62570,apache/airflow,agent,substantive,2,1
apache_airflow__62570,apache/airflow,agent,substantive,0,1
apache_airflow__62580,apache/airflow,agent,substantive,1,1
apache_airflow__62580,apache/airflow,agent,substantive,2,2
apache_airflow__62580,apache/airflow,agent,substantive,1,2
apache_airflow__62627,apache/airflow,human,empty,0,2
apache_airflow__62627,apache/airflow,human,empty,0,1
apache_airflow__62627,apache/airflow,human,empty,0,1
apache_airflow__62627,apache/airflow,human,empty,0,1
apache_airflow__62657,apache/airflow,agent,substantive,2,2
apache_airflow__62657,apache/airflow,agent,substantive,0,2
apache_airflow__62657,apache/airflow,agent,substantive,0,0
apache_airflow__62662,apache/airflow,agent,substantive,2,2
apache_airflow__62662,apache/airflow,agent,substantive,2,2
apache_airflow__62662,apache/airflow,agent,substantive,0,1
apache_airflow__62665,apache/airflow,agent,substantive,2,1
apache_airflow__62665,apache/airflow,agent,substantive,2,1
apache_airflow__62665,apache/airflow,agent,substantive,1,1
apache_airflow__62682,apache/airflow,agent,substantive,0,2
apache_airflow__62682,apache/airflow,agent,substantive,0,0
apache_airflow__62682,apache/airflow,agent,substantive,1,0
apache_airflow__62682,apache/airflow,agent,substantive,0,0
apache_airflow__62702,apache/airflow,agent,trivial,0,2
apache_airflow__62702,apache/airflow,agent,trivial,0,0
apache_airflow__62702,apache/airflow,agent,trivial,0,2
apache_airflow__62723,apache/airflow,agent,substantive,2,2
apache_airflow__62723,apache/airflow,agent,substantive,2,1
apache_airflow__62723,apache/airflow,agent,substantive,2,2
apache_airflow__62737,apache/airflow,human,substantive,1,2
apache_airflow__62737,apache/airflow,human,substantive,1,2
apache_airflow__62737,apache/airflow,human,substantive,1,2
apache_airflow__62742,apache/airflow,agent,empty,0,2
apache_airflow__62742,apache/airflow,agent,empty,0,1
apache_airflow__62742,apache/airflow,agent,empty,0,1
apache_airflow__62755,apache/airflow,agent,substantive,0,2
apache_airflow__62755,apache/airflow,agent,substantive,1,2
apache_airflow__62755,apache/airflow,agent,substantive,1,2
apache_airflow__62820,apache/airflow,agent,empty,1,1
apache_airflow__62820,apache/airflow,agent,empty,1,2
apache_airflow__62820,apache/airflow,agent,empty,1,2
apache_airflow__62820,apache/airflow,agent,empty,0,1
apache_airflow__62831,apache/airflow,agent,substantive,1,2
apache_airflow__62831,apache/airflow,agent,substantive,2,2
apache_airflow__62831,apache/airflow,agent,substantive,2,2
apache_airflow__62831,apache/airflow,agent,substantive,2,2
apache_airflow__62835,apache/airflow,agent,substantive,1,2
apache_airflow__62835,apache/airflow,agent,substantive,1,2
apache_airflow__62835,apache/airflow,agent,substantive,0,2
apache_airflow__62907,apache/airflow,agent,substantive,0,1
apache_airflow__62907,apache/airflow,agent,substantive,1,2
apache_airflow__62907,apache/airflow,agent,substantive,1,2
apache_airflow__62983,apache/airflow,agent,substantive,2,2
apache_airflow__62983,apache/airflow,agent,substantive,1,1
apache_airflow__62983,apache/airflow,agent,substantive,2,2
apache_airflow__63016,apache/airflow,human,trivial,0,2
apache_airflow__63016,apache/airflow,human,trivial,1,1
apache_airflow__63016,apache/airflow,human,trivial,0,2
apache_airflow__63016,apache/airflow,human,trivial,1,2
apache_airflow__63048,apache/airflow,agent,substantive,2,2
apache_airflow__63048,apache/airflow,agent,substantive,2,2
apache_airflow__63048,apache/airflow,agent,substantive,1,2
apache_airflow__63210,apache/airflow,human,substantive,0,2
apache_airflow__63210,apache/airflow,human,substantive,1,2
apache_airflow__63210,apache/airflow,human,substantive,0,2
apache_airflow__63300,apache/airflow,agent,substantive,1,2
apache_airflow__63300,apache/airflow,agent,substantive,1,2
apache_airflow__63300,apache/airflow,agent,substantive,0,1
apache_airflow__63315,apache/airflow,agent,substantive,0,1
apache_airflow__63315,apache/airflow,agent,substantive,1,1
apache_airflow__63315,apache/airflow,agent,substantive,1,2
apache_airflow__63315,apache/airflow,agent,substantive,0,2
apache_airflow__63317,apache/airflow,agent,substantive,2,2
apache_airflow__63317,apache/airflow,agent,substantive,2,1
apache_airflow__63317,apache/airflow,agent,substantive,1,1
apache_airflow__63319,apache/airflow,agent,substantive,2,2
apache_airflow__63319,apache/airflow,agent,substantive,2,2
apache_airflow__63319,apache/airflow,agent,substantive,0,2
apache_airflow__63320,apache/airflow,agent,substantive,2,2
apache_airflow__63320,apache/airflow,agent,substantive,0,0
apache_airflow__63320,apache/airflow,agent,substantive,2,2
apache_airflow__63347,apache/airflow,agent,substantive,1,2
apache_airflow__63347,apache/airflow,agent,substantive,0,1
apache_airflow__63347,apache/airflow,agent,substantive,0,0
apache_airflow__63387,apache/airflow,human,trivial,0,2
apache_airflow__63387,apache/airflow,human,trivial,0,2
apache_airflow__63387,apache/airflow,human,trivial,0,2
apache_airflow__63422,apache/airflow,agent,empty,0,2
apache_airflow__63422,apache/airflow,agent,empty,0,2
apache_airflow__63422,apache/airflow,agent,empty,0,0
apache_airflow__63422,apache/airflow,agent,empty,0,0
apache_airflow__63440,apache/airflow,agent,substantive,2,2
apache_airflow__63440,apache/airflow,agent,substantive,1,2
apache_airflow__63440,apache/airflow,agent,substantive,0,0
apache_airflow__63475,apache/airflow,agent,empty,1,2
apache_airflow__63475,apache/airflow,agent,empty,1,1
apache_airflow__63475,apache/airflow,agent,empty,1,2
apache_airflow__63476,apache/airflow,agent,substantive,2,2
apache_airflow__63476,apache/airflow,agent,substantive,2,2
apache_airflow__63476,apache/airflow,agent,substantive,1,2
apache_airflow__63520,apache/airflow,agent,substantive,1,2
apache_airflow__63520,apache/airflow,agent,substantive,2,1
apache_airflow__63520,apache/airflow,agent,substantive,2,1
apache_airflow__63531,apache/airflow,human,empty,1,2
apache_airflow__63531,apache/airflow,human,empty,1,2
apache_airflow__63531,apache/airflow,human,empty,1,0
apache_airflow__63561,apache/airflow,agent,substantive,0,1
apache_airflow__63561,apache/airflow,agent,substantive,0,0
apache_airflow__63561,apache/airflow,agent,substantive,0,1
apache_airflow__63561,apache/airflow,agent,substantive,0,0
apache_airflow__63598,apache/airflow,agent,substantive,2,1
apache_airflow__63598,apache/airflow,agent,substantive,1,1
apache_airflow__63598,apache/airflow,agent,substantive,0,0
apache_airflow__63598,apache/airflow,agent,substantive,0,0
apache_airflow__63606,apache/airflow,agent,substantive,2,2
apache_airflow__63606,apache/airflow,agent,substantive,2,2
apache_airflow__63606,apache/airflow,agent,substantive,2,2
apache_airflow__63901,apache/airflow,agent,substantive,0,1
apache_airflow__63901,apache/airflow,agent,substantive,1,1
apache_airflow__63901,apache/airflow,agent,substantive,1,2
apache_airflow__64164,apache/airflow,agent,substantive,0,2
apache_airflow__64164,apache/airflow,agent,substantive,1,2
apache_airflow__64164,apache/airflow,agent,substantive,1,2
apache_airflow__64189,apache/airflow,agent,substantive,1,2
apache_airflow__64189,apache/airflow,agent,substantive,1,2
apache_airflow__64189,apache/airflow,agent,substantive,0,2
apache_airflow__64246,apache/airflow,human,trivial,0,2
apache_airflow__64246,apache/airflow,human,trivial,1,2
apache_airflow__64246,apache/airflow,human,trivial,0,0
apache_airflow__64285,apache/airflow,human,substantive,1,2
apache_airflow__64285,apache/airflow,human,substantive,0,2
apache_airflow__64285,apache/airflow,human,substantive,2,2
apache_airflow__64384,apache/airflow,agent,substantive,2,2
apache_airflow__64384,apache/airflow,agent,substantive,2,2
apache_airflow__64384,apache/airflow,agent,substantive,1,2
apache_airflow__64425,apache/airflow,human,empty,0,2
apache_airflow__64425,apache/airflow,human,empty,0,1
apache_airflow__64425,apache/airflow,human,empty,0,0
apache_airflow__64471,apache/airflow,human,trivial,1,2
apache_airflow__64471,apache/airflow,human,trivial,0,2
apache_airflow__64471,apache/airflow,human,trivial,0,2
apache_airflow__64725,apache/airflow,human,substantive,2,1
apache_airflow__64725,apache/airflow,human,substantive,2,2
apache_airflow__64725,apache/airflow,human,substantive,0,2
apache_airflow__64725,apache/airflow,human,substantive,0,2
apache_airflow__64804,apache/airflow,agent,substantive,2,1
apache_airflow__64804,apache/airflow,agent,substantive,2,1
apache_airflow__64804,apache/airflow,agent,substantive,0,2
apache_airflow__64994,apache/airflow,agent,substantive,0,2
apache_airflow__64994,apache/airflow,agent,substantive,0,2
apache_airflow__64994,apache/airflow,agent,substantive,0,0
apache_airflow__65161,apache/airflow,human,substantive,0,2
apache_airflow__65161,apache/airflow,human,substantive,1,2
apache_airflow__65161,apache/airflow,human,substantive,0,2
apache_airflow__65422,apache/airflow,agent,substantive,2,2
apache_airflow__65422,apache/airflow,agent,substantive,2,2
apache_airflow__65422,apache/airflow,agent,substantive,2,2
apache_airflow__65493,apache/airflow,human,empty,0,1
apache_airflow__65493,apache/airflow,human,empty,0,2
apache_airflow__65493,apache/airflow,human,empty,0,2
apache_airflow__65550,apache/airflow,human,substantive,2,2
apache_airflow__65550,apache/airflow,human,substantive,2,2
apache_airflow__65550,apache/airflow,human,substantive,1,1
apache_airflow__65690,apache/airflow,human,empty,1,2
apache_airflow__65690,apache/airflow,human,empty,0,1
apache_airflow__65690,apache/airflow,human,empty,0,2
apache_airflow__65852,apache/airflow,agent,substantive,2,2
apache_airflow__65852,apache/airflow,agent,substantive,0,2
apache_airflow__65852,apache/airflow,agent,substantive,0,2
apache_airflow__66013,apache/airflow,agent,substantive,1,0
apache_airflow__66013,apache/airflow,agent,substantive,1,2
apache_airflow__66013,apache/airflow,agent,substantive,2,2
apache_airflow__66013,apache/airflow,agent,substantive,2,1
apache_airflow__66186,apache/airflow,human,empty,0,2
apache_airflow__66186,apache/airflow,human,empty,0,2
apache_airflow__66186,apache/airflow,human,empty,0,1
apache_airflow__66198,apache/airflow,agent,substantive,1,2
apache_airflow__66198,apache/airflow,agent,substantive,2,2
apache_airflow__66198,apache/airflow,agent,substantive,2,2
apache_airflow__66433,apache/airflow,agent,substantive,2,2
apache_airflow__66433,apache/airflow,agent,substantive,2,2
apache_airflow__66433,apache/airflow,agent,substantive,0,1
apache_airflow__66571,apache/airflow,human,substantive,2,0
apache_airflow__66571,apache/airflow,human,substantive,2,1
apache_airflow__66571,apache/airflow,human,substantive,1,1
apache_airflow__66571,apache/airflow,human,substantive,2,2
apache_airflow__66699,apache/airflow,human,empty,0,2
apache_airflow__66699,apache/airflow,human,empty,0,1
apache_airflow__66699,apache/airflow,human,empty,0,1
apache_airflow__66808,apache/airflow,human,substantive,1,2
apache_airflow__66808,apache/airflow,human,substantive,0,0
apache_airflow__66808,apache/airflow,human,substantive,0,0
apache_airflow__67065,apache/airflow,human,substantive,2,1
apache_airflow__67065,apache/airflow,human,substantive,1,2
apache_airflow__67065,apache/airflow,human,substantive,1,2
apache_airflow__67076,apache/airflow,agent,substantive,2,2
apache_airflow__67076,apache/airflow,agent,substantive,1,2
apache_airflow__67076,apache/airflow,agent,substantive,2,2
apache_airflow__67076,apache/airflow,agent,substantive,2,2
apache_airflow__67112,apache/airflow,human,substantive,2,2
apache_airflow__67112,apache/airflow,human,substantive,2,2
apache_airflow__67112,apache/airflow,human,substantive,1,1
apache_airflow__67214,apache/airflow,human,empty,0,2
apache_airflow__67214,apache/airflow,human,empty,1,2
apache_airflow__67214,apache/airflow,human,empty,1,2
apache_airflow__67229,apache/airflow,agent,substantive,2,2
apache_airflow__67229,apache/airflow,agent,substantive,2,2
apache_airflow__67229,apache/airflow,agent,substantive,1,2
apache_airflow__67237,apache/airflow,human,trivial,0,2
apache_airflow__67237,apache/airflow,human,trivial,0,2
apache_airflow__67237,apache/airflow,human,trivial,0,2
apache_airflow__67242,apache/airflow,human,substantive,1,1
apache_airflow__67242,apache/airflow,human,substantive,0,2
apache_airflow__67242,apache/airflow,human,substantive,1,2
apache_airflow__67297,apache/airflow,agent,substantive,2,2
apache_airflow__67297,apache/airflow,agent,substantive,2,1
apache_airflow__67297,apache/airflow,agent,substantive,0,0
apache_airflow__67317,apache/airflow,human,substantive,0,0
apache_airflow__67317,apache/airflow,human,substantive,2,2
apache_airflow__67317,apache/airflow,human,substantive,1,0
apache_airflow__67333,apache/airflow,agent,substantive,2,1
apache_airflow__67333,apache/airflow,agent,substantive,2,1
apache_airflow__67333,apache/airflow,agent,substantive,2,2
apache_airflow__67389,apache/airflow,human,substantive,2,1
apache_airflow__67389,apache/airflow,human,substantive,1,1
apache_airflow__67389,apache/airflow,human,substantive,1,1
apache_airflow__67662,apache/airflow,agent,substantive,2,2
apache_airflow__67662,apache/airflow,agent,substantive,1,1
apache_airflow__67662,apache/airflow,agent,substantive,2,2
apache_airflow__67667,apache/airflow,human,substantive,2,2
apache_airflow__67667,apache/airflow,human,substantive,2,2
apache_airflow__67667,apache/airflow,human,substantive,1,2
apache_airflow__67681,apache/airflow,human,trivial,0,2
apache_airflow__67681,apache/airflow,human,trivial,0,1
apache_airflow__67681,apache/airflow,human,trivial,0,2
apache_airflow__68049,apache/airflow,human,substantive,2,2
apache_airflow__68049,apache/airflow,human,substantive,2,2
apache_airflow__68049,apache/airflow,human,substantive,2,2
apache_airflow__68049,apache/airflow,human,substantive,0,2
apache_airflow__68059,apache/airflow,agent,substantive,2,2
apache_airflow__68059,apache/airflow,agent,substantive,2,2
apache_airflow__68059,apache/airflow,agent,substantive,0,0
apache_airflow__68059,apache/airflow,agent,substantive,0,0
apache_airflow__68109,apache/airflow,agent,substantive,1,1
apache_airflow__68109,apache/airflow,agent,substantive,0,2
apache_airflow__68109,apache/airflow,agent,substantive,0,2
apache_airflow__68133,apache/airflow,human,empty,0,2
apache_airflow__68133,apache/airflow,human,empty,0,2
apache_airflow__68133,apache/airflow,human,empty,0,2
apache_airflow__68133,apache/airflow,human,empty,0,2
apache_airflow__68283,apache/airflow,human,substantive,2,0
apache_airflow__68283,apache/airflow,human,substantive,0,1
apache_airflow__68283,apache/airflow,human,substantive,1,1
apache_airflow__68283,apache/airflow,human,substantive,1,2
apache_airflow__68336,apache/airflow,agent,substantive,1,2
apache_airflow__68336,apache/airflow,agent,substantive,2,2
apache_airflow__68336,apache/airflow,agent,substantive,1,2
apache_airflow__68368,apache/airflow,agent,substantive,2,2
apache_airflow__68368,apache/airflow,agent,substantive,2,1
apache_airflow__68368,apache/airflow,agent,substantive,1,2
apache_airflow__68385,apache/airflow,agent,substantive,0,0
apache_airflow__68385,apache/airflow,agent,substantive,0,0
apache_airflow__68385,apache/airflow,agent,substantive,0,0
apache_airflow__68492,apache/airflow,human,substantive,2,2
apache_airflow__68492,apache/airflow,human,substantive,2,1
apache_airflow__68492,apache/airflow,human,substantive,1,1
apache_airflow__68497,apache/airflow,agent,trivial,1,2
apache_airflow__68497,apache/airflow,agent,trivial,1,2
apache_airflow__68497,apache/airflow,agent,trivial,1,2
apache_airflow__68506,apache/airflow,human,substantive,1,2
apache_airflow__68506,apache/airflow,human,substantive,1,2
apache_airflow__68506,apache/airflow,human,substantive,2,2
apache_airflow__68591,apache/airflow,agent,substantive,2,2
apache_airflow__68591,apache/airflow,agent,substantive,2,2
apache_airflow__68591,apache/airflow,agent,substantive,2,2
apache_airflow__68616,apache/airflow,agent,substantive,0,1
apache_airflow__68616,apache/airflow,agent,substantive,0,2
apache_airflow__68616,apache/airflow,agent,substantive,0,0
apache_airflow__68671,apache/airflow,human,trivial,0,2
apache_airflow__68671,apache/airflow,human,trivial,0,2
apache_airflow__68671,apache/airflow,human,trivial,1,2
apache_airflow__68702,apache/airflow,human,substantive,2,1
apache_airflow__68702,apache/airflow,human,substantive,2,1
apache_airflow__68702,apache/airflow,human,substantive,0,0
apache_airflow__68702,apache/airflow,human,substantive,0,1
apache_airflow__68743,apache/airflow,agent,substantive,0,1
apache_airflow__68743,apache/airflow,agent,substantive,1,1
apache_airflow__68743,apache/airflow,agent,substantive,0,0
apache_airflow__68882,apache/airflow,agent,substantive,2,1
apache_airflow__68882,apache/airflow,agent,substantive,2,1
apache_airflow__68882,apache/airflow,agent,substantive,1,2
apache_airflow__68916,apache/airflow,human,substantive,2,2
apache_airflow__68916,apache/airflow,human,substantive,1,2
apache_airflow__68916,apache/airflow,human,substantive,1,2
apache_airflow__68916,apache/airflow,human,substantive,0,2
apache_airflow__69283,apache/airflow,agent,substantive,2,2
apache_airflow__69283,apache/airflow,agent,substantive,2,2
apache_airflow__69283,apache/airflow,agent,substantive,1,2
apache_airflow__69307,apache/airflow,human,substantive,2,2
apache_airflow__69307,apache/airflow,human,substantive,1,1
apache_airflow__69307,apache/airflow,human,substantive,2,2
apache_airflow__69328,apache/airflow,human,substantive,0,2
apache_airflow__69328,apache/airflow,human,substantive,1,1
apache_airflow__69328,apache/airflow,human,substantive,1,1
apache_airflow__69772,apache/airflow,agent,substantive,1,2
apache_airflow__69772,apache/airflow,agent,substantive,0,2
apache_airflow__69772,apache/airflow,agent,substantive,1,2
apache_airflow__69772,apache/airflow,agent,substantive,0,0
apache_airflow__69780,apache/airflow,agent,substantive,2,2
apache_airflow__69780,apache/airflow,agent,substantive,0,0
apache_airflow__69780,apache/airflow,agent,substantive,2,2
apache_airflow__69830,apache/airflow,agent,trivial,1,2
apache_airflow__69830,apache/airflow,agent,trivial,0,2
apache_airflow__69830,apache/airflow,agent,trivial,1,2
apache_airflow__70007,apache/airflow,agent,substantive,0,2
apache_airflow__70007,apache/airflow,agent,substantive,1,2
apache_airflow__70007,apache/airflow,agent,substantive,0,0
apache_airflow__70432,apache/airflow,human,empty,1,2
apache_airflow__70432,apache/airflow,human,empty,1,2
apache_airflow__70432,apache/airflow,human,empty,0,2
apache_airflow__70650,apache/airflow,human,substantive,2,2
apache_airflow__70650,apache/airflow,human,substantive,2,2
apache_airflow__70650,apache/airflow,human,substantive,0,2
grafana_grafana__100478,grafana/grafana,human,empty,1,2
grafana_grafana__100478,grafana/grafana,human,empty,0,2
grafana_grafana__100478,grafana/grafana,human,empty,1,2
grafana_grafana__100884,grafana/grafana,human,substantive,0,0
grafana_grafana__100884,grafana/grafana,human,substantive,2,1
grafana_grafana__100884,grafana/grafana,human,substantive,1,1
grafana_grafana__101180,grafana/grafana,human,substantive,0,0
grafana_grafana__101180,grafana/grafana,human,substantive,1,0
grafana_grafana__101180,grafana/grafana,human,substantive,2,2
grafana_grafana__101180,grafana/grafana,human,substantive,2,1
grafana_grafana__101215,grafana/grafana,human,substantive,0,2
grafana_grafana__101215,grafana/grafana,human,substantive,1,2
grafana_grafana__101215,grafana/grafana,human,substantive,0,0
grafana_grafana__101428,grafana/grafana,human,trivial,1,2
grafana_grafana__101428,grafana/grafana,human,trivial,1,2
grafana_grafana__101428,grafana/grafana,human,trivial,1,2
grafana_grafana__101428,grafana/grafana,human,trivial,1,2
grafana_grafana__101449,grafana/grafana,human,substantive,1,1
grafana_grafana__101449,grafana/grafana,human,substantive,1,1
grafana_grafana__101449,grafana/grafana,human,substantive,0,1
grafana_grafana__101504,grafana/grafana,human,trivial,1,2
grafana_grafana__101504,grafana/grafana,human,trivial,1,2
grafana_grafana__101504,grafana/grafana,human,trivial,1,2
grafana_grafana__101703,grafana/grafana,human,substantive,1,1
grafana_grafana__101703,grafana/grafana,human,substantive,0,1
grafana_grafana__101703,grafana/grafana,human,substantive,1,2
grafana_grafana__101753,grafana/grafana,human,empty,0,2
grafana_grafana__101753,grafana/grafana,human,empty,0,2
grafana_grafana__101753,grafana/grafana,human,empty,0,2
grafana_grafana__101860,grafana/grafana,human,trivial,1,2
grafana_grafana__101860,grafana/grafana,human,trivial,0,2
grafana_grafana__101860,grafana/grafana,human,trivial,1,2
grafana_grafana__102232,grafana/grafana,human,substantive,1,2
grafana_grafana__102232,grafana/grafana,human,substantive,1,2
grafana_grafana__102232,grafana/grafana,human,substantive,2,2
grafana_grafana__102233,grafana/grafana,human,empty,0,2
grafana_grafana__102233,grafana/grafana,human,empty,0,1
grafana_grafana__102233,grafana/grafana,human,empty,0,2
grafana_grafana__102325,grafana/grafana,human,substantive,2,0
grafana_grafana__102325,grafana/grafana,human,substantive,1,1
grafana_grafana__102325,grafana/grafana,human,substantive,2,0
grafana_grafana__102331,grafana/grafana,human,empty,0,2
grafana_grafana__102331,grafana/grafana,human,empty,0,2
grafana_grafana__102331,grafana/grafana,human,empty,0,2
grafana_grafana__102359,grafana/grafana,human,substantive,1,2
grafana_grafana__102359,grafana/grafana,human,substantive,1,2
grafana_grafana__102359,grafana/grafana,human,substantive,1,2
grafana_grafana__102359,grafana/grafana,human,substantive,0,1
grafana_grafana__102444,grafana/grafana,human,empty,0,1
grafana_grafana__102444,grafana/grafana,human,empty,0,1
grafana_grafana__102444,grafana/grafana,human,empty,0,1
grafana_grafana__102556,grafana/grafana,human,substantive,1,2
grafana_grafana__102556,grafana/grafana,human,substantive,1,2
grafana_grafana__102556,grafana/grafana,human,substantive,0,1
grafana_grafana__102571,grafana/grafana,human,substantive,1,2
grafana_grafana__102571,grafana/grafana,human,substantive,1,2
grafana_grafana__102571,grafana/grafana,human,substantive,1,2
grafana_grafana__102905,grafana/grafana,human,substantive,1,2
grafana_grafana__102905,grafana/grafana,human,substantive,1,2
grafana_grafana__102905,grafana/grafana,human,substantive,1,2
grafana_grafana__103173,grafana/grafana,human,trivial,0,2
grafana_grafana__103173,grafana/grafana,human,trivial,0,0
grafana_grafana__103173,grafana/grafana,human,trivial,0,0
grafana_grafana__103428,grafana/grafana,human,trivial,0,2
grafana_grafana__103428,grafana/grafana,human,trivial,0,2
grafana_grafana__103473,grafana/grafana,human,empty,1,2
grafana_grafana__103473,grafana/grafana,human,empty,0,2
grafana_grafana__103473,grafana/grafana,human,empty,1,2
grafana_grafana__103518,grafana/grafana,human,empty,0,2
grafana_grafana__103518,grafana/grafana,human,empty,0,0
grafana_grafana__103518,grafana/grafana,human,empty,0,1
grafana_grafana__103739,grafana/grafana,human,trivial,0,1
grafana_grafana__103739,grafana/grafana,human,trivial,0,1
grafana_grafana__103739,grafana/grafana,human,trivial,0,1
grafana_grafana__104158,grafana/grafana,human,empty,1,2
grafana_grafana__104158,grafana/grafana,human,empty,0,2
grafana_grafana__104158,grafana/grafana,human,empty,0,2
grafana_grafana__104252,grafana/grafana,human,substantive,0,0
grafana_grafana__104252,grafana/grafana,human,substantive,1,1
grafana_grafana__104252,grafana/grafana,human,substantive,1,1
grafana_grafana__104252,grafana/grafana,human,substantive,1,2
grafana_grafana__104611,grafana/grafana,human,substantive,0,1
grafana_grafana__104611,grafana/grafana,human,substantive,1,1
grafana_grafana__104611,grafana/grafana,human,substantive,1,2
grafana_grafana__104611,grafana/grafana,human,substantive,1,2
grafana_grafana__104778,grafana/grafana,human,trivial,1,2
grafana_grafana__104778,grafana/grafana,human,trivial,0,1
grafana_grafana__104778,grafana/grafana,human,trivial,0,1
grafana_grafana__104891,grafana/grafana,human,trivial,1,2
grafana_grafana__104891,grafana/grafana,human,trivial,1,2
grafana_grafana__104891,grafana/grafana,human,trivial,0,2
grafana_grafana__105006,grafana/grafana,human,empty,0,1
grafana_grafana__105006,grafana/grafana,human,empty,0,0
grafana_grafana__105006,grafana/grafana,human,empty,0,0
grafana_grafana__105011,grafana/grafana,human,substantive,1,1
grafana_grafana__105011,grafana/grafana,human,substantive,1,2
grafana_grafana__105011,grafana/grafana,human,substantive,1,2
grafana_grafana__105280,grafana/grafana,human,substantive,1,2
grafana_grafana__105280,grafana/grafana,human,substantive,0,2
grafana_grafana__105280,grafana/grafana,human,substantive,0,2
grafana_grafana__105280,grafana/grafana,human,substantive,0,2
grafana_grafana__105383,grafana/grafana,human,empty,1,2
grafana_grafana__105383,grafana/grafana,human,empty,1,2
grafana_grafana__105383,grafana/grafana,human,empty,2,2
grafana_grafana__105478,grafana/grafana,human,substantive,1,2
grafana_grafana__105478,grafana/grafana,human,substantive,1,2
grafana_grafana__105478,grafana/grafana,human,substantive,0,2
grafana_grafana__105542,grafana/grafana,human,substantive,0,1
grafana_grafana__105542,grafana/grafana,human,substantive,0,1
grafana_grafana__105542,grafana/grafana,human,substantive,0,2
grafana_grafana__105543,grafana/grafana,human,empty,2,2
grafana_grafana__105543,grafana/grafana,human,empty,1,2
grafana_grafana__105543,grafana/grafana,human,empty,1,2
grafana_grafana__105598,grafana/grafana,human,substantive,0,2
grafana_grafana__105598,grafana/grafana,human,substantive,0,2
grafana_grafana__105598,grafana/grafana,human,substantive,0,1
grafana_grafana__105639,grafana/grafana,human,empty,1,2
grafana_grafana__105639,grafana/grafana,human,empty,1,2
grafana_grafana__105639,grafana/grafana,human,empty,0,0
grafana_grafana__105639,grafana/grafana,human,empty,0,2
grafana_grafana__105718,grafana/grafana,human,empty,0,2
grafana_grafana__105718,grafana/grafana,human,empty,0,2
grafana_grafana__105718,grafana/grafana,human,empty,0,2
grafana_grafana__105860,grafana/grafana,human,empty,1,2
grafana_grafana__105860,grafana/grafana,human,empty,0,2
grafana_grafana__105860,grafana/grafana,human,empty,1,2
grafana_grafana__106299,grafana/grafana,human,substantive,1,2
grafana_grafana__106299,grafana/grafana,human,substantive,0,2
grafana_grafana__106299,grafana/grafana,human,substantive,0,2
grafana_grafana__106338,grafana/grafana,human,substantive,1,2
grafana_grafana__106338,grafana/grafana,human,substantive,1,2
grafana_grafana__106338,grafana/grafana,human,substantive,0,1
grafana_grafana__106365,grafana/grafana,human,empty,0,2
grafana_grafana__106365,grafana/grafana,human,empty,0,1
grafana_grafana__106365,grafana/grafana,human,empty,0,2
grafana_grafana__106604,grafana/grafana,human,substantive,1,2
grafana_grafana__106604,grafana/grafana,human,substantive,1,2
grafana_grafana__106604,grafana/grafana,human,substantive,0,1
grafana_grafana__106604,grafana/grafana,human,substantive,1,2
grafana_grafana__106761,grafana/grafana,human,trivial,0,2
grafana_grafana__106761,grafana/grafana,human,trivial,0,2
grafana_grafana__106761,grafana/grafana,human,trivial,0,2
grafana_grafana__106846,grafana/grafana,human,empty,0,2
grafana_grafana__106846,grafana/grafana,human,empty,0,2
grafana_grafana__106846,grafana/grafana,human,empty,0,1
grafana_grafana__106846,grafana/grafana,human,empty,0,2
grafana_grafana__107047,grafana/grafana,human,trivial,1,2
grafana_grafana__107047,grafana/grafana,human,trivial,0,1
grafana_grafana__107047,grafana/grafana,human,trivial,0,2
grafana_grafana__107193,grafana/grafana,human,trivial,0,2
grafana_grafana__107193,grafana/grafana,human,trivial,0,2
grafana_grafana__107193,grafana/grafana,human,trivial,0,2
grafana_grafana__107592,grafana/grafana,human,substantive,1,2
grafana_grafana__107592,grafana/grafana,human,substantive,0,1
grafana_grafana__107592,grafana/grafana,human,substantive,0,2
grafana_grafana__107667,grafana/grafana,human,substantive,1,2
grafana_grafana__107667,grafana/grafana,human,substantive,1,1
grafana_grafana__107667,grafana/grafana,human,substantive,0,1
grafana_grafana__107808,grafana/grafana,human,substantive,1,2
grafana_grafana__107808,grafana/grafana,human,substantive,0,2
grafana_grafana__107808,grafana/grafana,human,substantive,1,2
grafana_grafana__107953,grafana/grafana,human,substantive,1,2
grafana_grafana__107953,grafana/grafana,human,substantive,1,2
grafana_grafana__107953,grafana/grafana,human,substantive,1,2
grafana_grafana__108090,grafana/grafana,human,empty,0,2
grafana_grafana__108090,grafana/grafana,human,empty,0,2
grafana_grafana__108090,grafana/grafana,human,empty,0,2
grafana_grafana__108134,grafana/grafana,human,substantive,0,1
grafana_grafana__108134,grafana/grafana,human,substantive,0,1
grafana_grafana__108134,grafana/grafana,human,substantive,0,1
grafana_grafana__108134,grafana/grafana,human,substantive,1,1
grafana_grafana__108144,grafana/grafana,agent,substantive,0,2
grafana_grafana__108144,grafana/grafana,agent,substantive,0,2
grafana_grafana__108144,grafana/grafana,agent,substantive,1,2
grafana_grafana__108186,grafana/grafana,human,trivial,1,2
grafana_grafana__108186,grafana/grafana,human,trivial,1,2
grafana_grafana__108186,grafana/grafana,human,trivial,1,2
grafana_grafana__108444,grafana/grafana,human,substantive,1,0
grafana_grafana__108444,grafana/grafana,human,substantive,1,2
grafana_grafana__108444,grafana/grafana,human,substantive,1,2
grafana_grafana__108577,grafana/grafana,human,empty,0,2
grafana_grafana__108577,grafana/grafana,human,empty,0,2
grafana_grafana__108577,grafana/grafana,human,empty,1,2
grafana_grafana__108612,grafana/grafana,human,substantive,0,1
grafana_grafana__108612,grafana/grafana,human,substantive,0,1
grafana_grafana__108612,grafana/grafana,human,substantive,0,1
grafana_grafana__109033,grafana/grafana,human,trivial,1,2
grafana_grafana__109033,grafana/grafana,human,trivial,0,2
grafana_grafana__109033,grafana/grafana,human,trivial,0,2
grafana_grafana__109249,grafana/grafana,human,empty,0,2
grafana_grafana__109249,grafana/grafana,human,empty,0,1
grafana_grafana__109249,grafana/grafana,human,empty,0,1
grafana_grafana__109347,grafana/grafana,human,trivial,1,2
grafana_grafana__109347,grafana/grafana,human,trivial,0,2
grafana_grafana__109347,grafana/grafana,human,trivial,1,2
grafana_grafana__109490,grafana/grafana,human,trivial,0,2
grafana_grafana__109490,grafana/grafana,human,trivial,0,2
grafana_grafana__109490,grafana/grafana,human,trivial,1,2
grafana_grafana__109622,grafana/grafana,human,trivial,1,2
grafana_grafana__109622,grafana/grafana,human,trivial,0,2
grafana_grafana__109622,grafana/grafana,human,trivial,0,0
grafana_grafana__109883,grafana/grafana,human,empty,0,2
grafana_grafana__109883,grafana/grafana,human,empty,0,0
grafana_grafana__109883,grafana/grafana,human,empty,0,1
grafana_grafana__110226,grafana/grafana,human,trivial,0,1
grafana_grafana__110226,grafana/grafana,human,trivial,0,0
grafana_grafana__110226,grafana/grafana,human,trivial,0,1
grafana_grafana__110299,grafana/grafana,human,substantive,1,1
grafana_grafana__110299,grafana/grafana,human,substantive,0,2
grafana_grafana__110299,grafana/grafana,human,substantive,2,1
grafana_grafana__110451,grafana/grafana,human,empty,0,1
grafana_grafana__110451,grafana/grafana,human,empty,0,2
grafana_grafana__110451,grafana/grafana,human,empty,0,1
grafana_grafana__110648,grafana/grafana,human,substantive,1,1
grafana_grafana__110648,grafana/grafana,human,substantive,1,1
grafana_grafana__110648,grafana/grafana,human,substantive,1,1
grafana_grafana__110666,grafana/grafana,agent,substantive,0,0
grafana_grafana__110666,grafana/grafana,agent,substantive,1,2
grafana_grafana__110666,grafana/grafana,agent,substantive,1,2
grafana_grafana__110750,grafana/grafana,human,trivial,1,2
grafana_grafana__110750,grafana/grafana,human,trivial,0,0
grafana_grafana__110750,grafana/grafana,human,trivial,0,2
grafana_grafana__111016,grafana/grafana,human,trivial,1,2
grafana_grafana__111016,grafana/grafana,human,trivial,0,1
grafana_grafana__111016,grafana/grafana,human,trivial,0,2
grafana_grafana__111021,grafana/grafana,human,empty,1,2
grafana_grafana__111021,grafana/grafana,human,empty,1,2
grafana_grafana__111021,grafana/grafana,human,empty,1,2
grafana_grafana__111132,grafana/grafana,human,empty,0,0
grafana_grafana__111132,grafana/grafana,human,empty,0,1
grafana_grafana__111132,grafana/grafana,human,empty,0,1
grafana_grafana__111481,grafana/grafana,human,empty,1,2
grafana_grafana__111481,grafana/grafana,human,empty,1,2
grafana_grafana__111481,grafana/grafana,human,empty,0,2
grafana_grafana__111502,grafana/grafana,human,trivial,0,2
grafana_grafana__111502,grafana/grafana,human,trivial,0,2
grafana_grafana__111502,grafana/grafana,human,trivial,1,2
grafana_grafana__111502,grafana/grafana,human,trivial,0,2
grafana_grafana__111842,grafana/grafana,human,trivial,0,2
grafana_grafana__111842,grafana/grafana,human,trivial,0,2
grafana_grafana__111842,grafana/grafana,human,trivial,0,2
grafana_grafana__112027,grafana/grafana,human,trivial,0,1
grafana_grafana__112027,grafana/grafana,human,trivial,0,0
grafana_grafana__112170,grafana/grafana,human,trivial,0,2
grafana_grafana__112170,grafana/grafana,human,trivial,0,2
grafana_grafana__112170,grafana/grafana,human,trivial,0,2
grafana_grafana__112212,grafana/grafana,human,trivial,0,0
grafana_grafana__112212,grafana/grafana,human,trivial,1,1
grafana_grafana__112212,grafana/grafana,human,trivial,0,0
grafana_grafana__112391,grafana/grafana,human,substantive,1,2
grafana_grafana__112391,grafana/grafana,human,substantive,1,2
grafana_grafana__112391,grafana/grafana,human,substantive,2,1
grafana_grafana__112580,grafana/grafana,human,trivial,1,1
grafana_grafana__112580,grafana/grafana,human,trivial,1,2
grafana_grafana__112580,grafana/grafana,human,trivial,0,1
grafana_grafana__112862,grafana/grafana,human,trivial,2,2
grafana_grafana__112862,grafana/grafana,human,trivial,0,2
grafana_grafana__112862,grafana/grafana,human,trivial,1,1
grafana_grafana__113216,grafana/grafana,human,trivial,1,2
grafana_grafana__113216,grafana/grafana,human,trivial,0,2
grafana_grafana__113216,grafana/grafana,human,trivial,0,2
grafana_grafana__113254,grafana/grafana,human,empty,1,2
grafana_grafana__113254,grafana/grafana,human,empty,0,2
grafana_grafana__113254,grafana/grafana,human,empty,0,2
grafana_grafana__113297,grafana/grafana,agent,substantive,1,2
grafana_grafana__113297,grafana/grafana,agent,substantive,1,2
grafana_grafana__113297,grafana/grafana,agent,substantive,1,1
grafana_grafana__113442,grafana/grafana,human,trivial,1,2
grafana_grafana__113442,grafana/grafana,human,trivial,1,2
grafana_grafana__113442,grafana/grafana,human,trivial,0,2
grafana_grafana__113454,grafana/grafana,agent,substantive,1,2
grafana_grafana__113454,grafana/grafana,agent,substantive,2,2
grafana_grafana__113454,grafana/grafana,agent,substantive,0,2
grafana_grafana__113492,grafana/grafana,human,trivial,0,2
grafana_grafana__113492,grafana/grafana,human,trivial,0,0
grafana_grafana__113492,grafana/grafana,human,trivial,0,0
grafana_grafana__114137,grafana/grafana,human,empty,0,1
grafana_grafana__114137,grafana/grafana,human,empty,1,0
grafana_grafana__114137,grafana/grafana,human,empty,0,2
grafana_grafana__114190,grafana/grafana,human,substantive,1,2
grafana_grafana__114190,grafana/grafana,human,substantive,1,2
grafana_grafana__114190,grafana/grafana,human,substantive,0,2
grafana_grafana__114203,grafana/grafana,human,substantive,1,2
grafana_grafana__114203,grafana/grafana,human,substantive,1,1
grafana_grafana__114203,grafana/grafana,human,substantive,1,1
grafana_grafana__114273,grafana/grafana,human,trivial,1,2
grafana_grafana__114273,grafana/grafana,human,trivial,1,1
grafana_grafana__114273,grafana/grafana,human,trivial,1,2
grafana_grafana__114403,grafana/grafana,human,trivial,1,2
grafana_grafana__114403,grafana/grafana,human,trivial,1,2
grafana_grafana__114403,grafana/grafana,human,trivial,1,2
grafana_grafana__114470,grafana/grafana,human,substantive,0,2
grafana_grafana__114470,grafana/grafana,human,substantive,0,1
grafana_grafana__114470,grafana/grafana,human,substantive,0,2
grafana_grafana__114869,grafana/grafana,human,empty,0,2
grafana_grafana__114869,grafana/grafana,human,empty,0,2
grafana_grafana__114869,grafana/grafana,human,empty,0,1
grafana_grafana__115329,grafana/grafana,agent,substantive,2,1
grafana_grafana__115329,grafana/grafana,agent,substantive,2,1
grafana_grafana__115329,grafana/grafana,agent,substantive,2,1
grafana_grafana__115329,grafana/grafana,agent,substantive,2,2
grafana_grafana__115337,grafana/grafana,agent,substantive,2,2
grafana_grafana__115337,grafana/grafana,agent,substantive,1,1
grafana_grafana__115337,grafana/grafana,agent,substantive,1,1
grafana_grafana__115382,grafana/grafana,human,empty,0,2
grafana_grafana__115382,grafana/grafana,human,empty,0,2
grafana_grafana__115382,grafana/grafana,human,empty,0,1
grafana_grafana__115382,grafana/grafana,human,empty,0,2
grafana_grafana__115471,grafana/grafana,human,substantive,0,1
grafana_grafana__115471,grafana/grafana,human,substantive,0,1
grafana_grafana__115471,grafana/grafana,human,substantive,0,1
grafana_grafana__115595,grafana/grafana,human,empty,1,2
grafana_grafana__115595,grafana/grafana,human,empty,0,2
grafana_grafana__115595,grafana/grafana,human,empty,1,1
grafana_grafana__115627,grafana/grafana,agent,substantive,0,2
grafana_grafana__115627,grafana/grafana,agent,substantive,0,2
grafana_grafana__115627,grafana/grafana,agent,substantive,1,2
grafana_grafana__115746,grafana/grafana,human,substantive,1,2
grafana_grafana__115746,grafana/grafana,human,substantive,0,1
grafana_grafana__115746,grafana/grafana,human,substantive,0,0
grafana_grafana__115895,grafana/grafana,human,substantive,1,2
grafana_grafana__115895,grafana/grafana,human,substantive,0,0
grafana_grafana__115895,grafana/grafana,human,substantive,0,0
grafana_grafana__116050,grafana/grafana,human,empty,0,2
grafana_grafana__116050,grafana/grafana,human,empty,0,2
grafana_grafana__116050,grafana/grafana,human,empty,0,2
grafana_grafana__116063,grafana/grafana,agent,substantive,1,2
grafana_grafana__116063,grafana/grafana,agent,substantive,2,2
grafana_grafana__116063,grafana/grafana,agent,substantive,1,1
grafana_grafana__116063,grafana/grafana,agent,substantive,0,0
grafana_grafana__116104,grafana/grafana,human,substantive,1,2
grafana_grafana__116104,grafana/grafana,human,substantive,0,2
grafana_grafana__116104,grafana/grafana,human,substantive,1,1
grafana_grafana__116256,grafana/grafana,human,empty,0,2
grafana_grafana__116256,grafana/grafana,human,empty,0,0
grafana_grafana__116256,grafana/grafana,human,empty,0,2
grafana_grafana__116313,grafana/grafana,human,empty,1,2
grafana_grafana__116313,grafana/grafana,human,empty,0,1
grafana_grafana__116313,grafana/grafana,human,empty,0,2
grafana_grafana__116542,grafana/grafana,human,trivial,0,2
grafana_grafana__116542,grafana/grafana,human,trivial,0,2
grafana_grafana__116542,grafana/grafana,human,trivial,0,2
grafana_grafana__116551,grafana/grafana,human,empty,0,2
grafana_grafana__116551,grafana/grafana,human,empty,0,2
grafana_grafana__116551,grafana/grafana,human,empty,0,2
grafana_grafana__116555,grafana/grafana,human,substantive,1,1
grafana_grafana__116555,grafana/grafana,human,substantive,1,2
grafana_grafana__116555,grafana/grafana,human,substantive,1,2
grafana_grafana__116668,grafana/grafana,human,substantive,1,2
grafana_grafana__116668,grafana/grafana,human,substantive,2,2
grafana_grafana__116668,grafana/grafana,human,substantive,2,2
grafana_grafana__116668,grafana/grafana,human,substantive,0,1
grafana_grafana__116708,grafana/grafana,agent,substantive,2,2
grafana_grafana__116708,grafana/grafana,agent,substantive,2,1
grafana_grafana__116708,grafana/grafana,agent,substantive,1,1
grafana_grafana__116708,grafana/grafana,agent,substantive,0,2
grafana_grafana__116718,grafana/grafana,agent,substantive,2,2
grafana_grafana__116718,grafana/grafana,agent,substantive,1,1
grafana_grafana__116718,grafana/grafana,agent,substantive,0,0
grafana_grafana__116720,grafana/grafana,agent,substantive,1,2
grafana_grafana__116720,grafana/grafana,agent,substantive,1,2
grafana_grafana__116720,grafana/grafana,agent,substantive,1,2
grafana_grafana__116862,grafana/grafana,agent,substantive,2,2
grafana_grafana__116862,grafana/grafana,agent,substantive,0,0
grafana_grafana__116862,grafana/grafana,agent,substantive,1,1
grafana_grafana__116862,grafana/grafana,agent,substantive,1,2
grafana_grafana__117215,grafana/grafana,human,trivial,1,2
grafana_grafana__117215,grafana/grafana,human,trivial,0,1
grafana_grafana__117215,grafana/grafana,human,trivial,0,2
grafana_grafana__117217,grafana/grafana,human,substantive,0,2
grafana_grafana__117217,grafana/grafana,human,substantive,0,2
grafana_grafana__117217,grafana/grafana,human,substantive,1,2
grafana_grafana__117320,grafana/grafana,agent,substantive,2,2
grafana_grafana__117320,grafana/grafana,agent,substantive,0,1
grafana_grafana__117320,grafana/grafana,agent,substantive,1,1
grafana_grafana__117483,grafana/grafana,agent,substantive,2,2
grafana_grafana__117483,grafana/grafana,agent,substantive,2,2
grafana_grafana__117483,grafana/grafana,agent,substantive,2,2
grafana_grafana__117507,grafana/grafana,human,trivial,1,2
grafana_grafana__117507,grafana/grafana,human,trivial,0,2
grafana_grafana__117507,grafana/grafana,human,trivial,0,2
grafana_grafana__117582,grafana/grafana,human,empty,0,2
grafana_grafana__117582,grafana/grafana,human,empty,0,2
grafana_grafana__117582,grafana/grafana,human,empty,0,2
grafana_grafana__117635,grafana/grafana,human,trivial,0,1
grafana_grafana__117635,grafana/grafana,human,trivial,0,0
grafana_grafana__117655,grafana/grafana,human,empty,0,1
grafana_grafana__117655,grafana/grafana,human,empty,0,1
grafana_grafana__117655,grafana/grafana,human,empty,0,2
grafana_grafana__117850,grafana/grafana,human,substantive,0,2
grafana_grafana__117850,grafana/grafana,human,substantive,0,2
grafana_grafana__117850,grafana/grafana,human,substantive,1,1
grafana_grafana__117882,grafana/grafana,agent,substantive,2,1
grafana_grafana__117882,grafana/grafana,agent,substantive,2,2
grafana_grafana__117882,grafana/grafana,agent,substantive,1,2
grafana_grafana__117882,grafana/grafana,agent,substantive,2,1
grafana_grafana__117889,grafana/grafana,agent,trivial,0,2
grafana_grafana__117889,grafana/grafana,agent,trivial,1,2
grafana_grafana__117889,grafana/grafana,agent,trivial,0,2
grafana_grafana__117897,grafana/grafana,human,trivial,1,2
grafana_grafana__117897,grafana/grafana,human,trivial,0,1
grafana_grafana__117897,grafana/grafana,human,trivial,0,0
grafana_grafana__118013,grafana/grafana,agent,substantive,1,2
grafana_grafana__118013,grafana/grafana,agent,substantive,1,2
grafana_grafana__118013,grafana/grafana,agent,substantive,0,0
grafana_grafana__118017,grafana/grafana,human,trivial,0,2
grafana_grafana__118017,grafana/grafana,human,trivial,0,2
grafana_grafana__118017,grafana/grafana,human,trivial,1,2
grafana_grafana__118080,grafana/grafana,human,empty,0,2
grafana_grafana__118080,grafana/grafana,human,empty,1,2
grafana_grafana__118080,grafana/grafana,human,empty,1,2
grafana_grafana__118084,grafana/grafana,human,trivial,2,2
grafana_grafana__118084,grafana/grafana,human,trivial,2,2
grafana_grafana__118084,grafana/grafana,human,trivial,1,2
grafana_grafana__118224,grafana/grafana,agent,substantive,0,2
grafana_grafana__118224,grafana/grafana,agent,substantive,0,1
grafana_grafana__118224,grafana/grafana,agent,substantive,0,0
grafana_grafana__118231,grafana/grafana,agent,substantive,1,2
grafana_grafana__118231,grafana/grafana,agent,substantive,1,2
grafana_grafana__118231,grafana/grafana,agent,substantive,0,0
grafana_grafana__118283,grafana/grafana,agent,substantive,2,2
grafana_grafana__118283,grafana/grafana,agent,substantive,1,1
grafana_grafana__118283,grafana/grafana,agent,substantive,2,2
grafana_grafana__118320,grafana/grafana,agent,substantive,1,2
grafana_grafana__118320,grafana/grafana,agent,substantive,0,1
grafana_grafana__118320,grafana/grafana,agent,substantive,1,2
grafana_grafana__118371,grafana/grafana,human,empty,0,1
grafana_grafana__118371,grafana/grafana,human,empty,0,0
grafana_grafana__118371,grafana/grafana,human,empty,0,2
grafana_grafana__118443,grafana/grafana,agent,substantive,2,2
grafana_grafana__118443,grafana/grafana,agent,substantive,2,2
grafana_grafana__118443,grafana/grafana,agent,substantive,0,0
grafana_grafana__118528,grafana/grafana,agent,substantive,2,0
grafana_grafana__118528,grafana/grafana,agent,substantive,1,0
grafana_grafana__118528,grafana/grafana,agent,substantive,2,0
grafana_grafana__118535,grafana/grafana,agent,substantive,2,1
grafana_grafana__118535,grafana/grafana,agent,substantive,1,2
grafana_grafana__118535,grafana/grafana,agent,substantive,1,2
grafana_grafana__118559,grafana/grafana,agent,substantive,2,2
grafana_grafana__118559,grafana/grafana,agent,substantive,0,2
grafana_grafana__118559,grafana/grafana,agent,substantive,2,1
grafana_grafana__118565,grafana/grafana,agent,empty,1,2
grafana_grafana__118565,grafana/grafana,agent,empty,0,1
grafana_grafana__118565,grafana/grafana,agent,empty,0,2
grafana_grafana__118674,grafana/grafana,agent,substantive,0,2
grafana_grafana__118674,grafana/grafana,agent,substantive,1,1
grafana_grafana__118674,grafana/grafana,agent,substantive,0,0
grafana_grafana__118676,grafana/grafana,agent,substantive,2,2
grafana_grafana__118676,grafana/grafana,agent,substantive,1,1
grafana_grafana__118676,grafana/grafana,agent,substantive,0,0
grafana_grafana__118729,grafana/grafana,agent,substantive,1,1
grafana_grafana__118729,grafana/grafana,agent,substantive,1,2
grafana_grafana__118729,grafana/grafana,agent,substantive,1,2
grafana_grafana__118729,grafana/grafana,agent,substantive,1,2
grafana_grafana__118739,grafana/grafana,agent,substantive,1,2
grafana_grafana__118739,grafana/grafana,agent,substantive,1,2
grafana_grafana__118739,grafana/grafana,agent,substantive,1,2
grafana_grafana__118837,grafana/grafana,agent,empty,1,2
grafana_grafana__118837,grafana/grafana,agent,empty,1,2
grafana_grafana__118837,grafana/grafana,agent,empty,0,2
grafana_grafana__118840,grafana/grafana,agent,empty,1,2
grafana_grafana__118840,grafana/grafana,agent,empty,1,1
grafana_grafana__118840,grafana/grafana,agent,empty,1,2
grafana_grafana__118853,grafana/grafana,human,empty,1,2
grafana_grafana__118853,grafana/grafana,human,empty,0,2
grafana_grafana__118853,grafana/grafana,human,empty,0,2
grafana_grafana__118853,grafana/grafana,human,empty,0,1
grafana_grafana__118858,grafana/grafana,human,substantive,1,2
grafana_grafana__118858,grafana/grafana,human,substantive,1,1
grafana_grafana__118858,grafana/grafana,human,substantive,0,2
grafana_grafana__118858,grafana/grafana,human,substantive,1,2
grafana_grafana__118941,grafana/grafana,agent,substantive,1,2
grafana_grafana__118941,grafana/grafana,agent,substantive,2,2
grafana_grafana__118941,grafana/grafana,agent,substantive,2,2
grafana_grafana__118952,grafana/grafana,agent,substantive,1,2
grafana_grafana__118952,grafana/grafana,agent,substantive,1,2
grafana_grafana__118952,grafana/grafana,agent,substantive,1,2
grafana_grafana__118982,grafana/grafana,human,substantive,1,2
grafana_grafana__118982,grafana/grafana,human,substantive,0,2
grafana_grafana__118982,grafana/grafana,human,substantive,1,2
grafana_grafana__118982,grafana/grafana,human,substantive,0,0
grafana_grafana__119088,grafana/grafana,human,substantive,2,2
grafana_grafana__119088,grafana/grafana,human,substantive,2,2
grafana_grafana__119088,grafana/grafana,human,substantive,2,2
grafana_grafana__119097,grafana/grafana,agent,substantive,2,2
grafana_grafana__119097,grafana/grafana,agent,substantive,0,0
grafana_grafana__119097,grafana/grafana,agent,substantive,2,1
grafana_grafana__119098,grafana/grafana,agent,substantive,2,2
grafana_grafana__119098,grafana/grafana,agent,substantive,2,2
grafana_grafana__119098,grafana/grafana,agent,substantive,1,1
grafana_grafana__119106,grafana/grafana,agent,substantive,1,2
grafana_grafana__119106,grafana/grafana,agent,substantive,2,1
grafana_grafana__119106,grafana/grafana,agent,substantive,1,2
grafana_grafana__119110,grafana/grafana,agent,substantive,2,2
grafana_grafana__119110,grafana/grafana,agent,substantive,1,1
grafana_grafana__119110,grafana/grafana,agent,substantive,2,1
grafana_grafana__119110,grafana/grafana,agent,substantive,2,2
grafana_grafana__119112,grafana/grafana,agent,substantive,1,1
grafana_grafana__119112,grafana/grafana,agent,substantive,2,2
grafana_grafana__119112,grafana/grafana,agent,substantive,2,2
grafana_grafana__119188,grafana/grafana,agent,substantive,1,2
grafana_grafana__119188,grafana/grafana,agent,substantive,0,0
grafana_grafana__119188,grafana/grafana,agent,substantive,1,2
grafana_grafana__119230,grafana/grafana,agent,substantive,0,2
grafana_grafana__119230,grafana/grafana,agent,substantive,2,2
grafana_grafana__119230,grafana/grafana,agent,substantive,0,1
grafana_grafana__119231,grafana/grafana,agent,substantive,2,1
grafana_grafana__119231,grafana/grafana,agent,substantive,1,1
grafana_grafana__119231,grafana/grafana,agent,substantive,2,1
grafana_grafana__119232,grafana/grafana,agent,substantive,2,1
grafana_grafana__119232,grafana/grafana,agent,substantive,1,1
grafana_grafana__119232,grafana/grafana,agent,substantive,1,1
grafana_grafana__119277,grafana/grafana,agent,substantive,2,1
grafana_grafana__119277,grafana/grafana,agent,substantive,2,2
grafana_grafana__119277,grafana/grafana,agent,substantive,1,2
grafana_grafana__119277,grafana/grafana,agent,substantive,0,0
grafana_grafana__119474,grafana/grafana,agent,substantive,1,2
grafana_grafana__119474,grafana/grafana,agent,substantive,1,2
grafana_grafana__119474,grafana/grafana,agent,substantive,1,1
grafana_grafana__119518,grafana/grafana,agent,substantive,1,2
grafana_grafana__119518,grafana/grafana,agent,substantive,0,2
grafana_grafana__119518,grafana/grafana,agent,substantive,2,2
grafana_grafana__119521,grafana/grafana,agent,substantive,2,2
grafana_grafana__119521,grafana/grafana,agent,substantive,1,2
grafana_grafana__119521,grafana/grafana,agent,substantive,2,1
grafana_grafana__119525,grafana/grafana,human,trivial,0,2
grafana_grafana__119525,grafana/grafana,human,trivial,1,2
grafana_grafana__119525,grafana/grafana,human,trivial,0,2
grafana_grafana__119545,grafana/grafana,human,empty,0,2
grafana_grafana__119545,grafana/grafana,human,empty,1,2
grafana_grafana__119545,grafana/grafana,human,empty,0,1
grafana_grafana__119547,grafana/grafana,agent,substantive,2,2
grafana_grafana__119547,grafana/grafana,agent,substantive,2,2
grafana_grafana__119547,grafana/grafana,agent,substantive,1,1
grafana_grafana__119616,grafana/grafana,human,empty,0,2
grafana_grafana__119616,grafana/grafana,human,empty,0,2
grafana_grafana__119616,grafana/grafana,human,empty,0,1
grafana_grafana__119616,grafana/grafana,human,empty,0,1
grafana_grafana__119717,grafana/grafana,agent,substantive,2,2
grafana_grafana__119717,grafana/grafana,agent,substantive,2,2
grafana_grafana__119717,grafana/grafana,agent,substantive,2,2
grafana_grafana__119776,grafana/grafana,human,trivial,0,1
grafana_grafana__119776,grafana/grafana,human,trivial,0,2
grafana_grafana__119776,grafana/grafana,human,trivial,1,2
grafana_grafana__119840,grafana/grafana,human,trivial,0,2
grafana_grafana__119840,grafana/grafana,human,trivial,0,2
grafana_grafana__119840,grafana/grafana,human,trivial,0,1
grafana_grafana__119865,grafana/grafana,agent,substantive,1,2
grafana_grafana__119865,grafana/grafana,agent,substantive,1,2
grafana_grafana__119865,grafana/grafana,agent,substantive,0,0
grafana_grafana__119909,grafana/grafana,agent,substantive,2,2
grafana_grafana__119909,grafana/grafana,agent,substantive,2,1
grafana_grafana__119909,grafana/grafana,agent,substantive,1,2
grafana_grafana__119926,grafana/grafana,agent,substantive,1,2
grafana_grafana__119926,grafana/grafana,agent,substantive,2,2
grafana_grafana__119926,grafana/grafana,agent,substantive,0,0
grafana_grafana__119940,grafana/grafana,agent,empty,0,2
grafana_grafana__119940,grafana/grafana,agent,empty,0,2
grafana_grafana__119940,grafana/grafana,agent,empty,0,1
grafana_grafana__120051,grafana/grafana,agent,substantive,2,1
grafana_grafana__120051,grafana/grafana,agent,substantive,2,0
grafana_grafana__120051,grafana/grafana,agent,substantive,1,1
grafana_grafana__120051,grafana/grafana,agent,substantive,1,2
grafana_grafana__120167,grafana/grafana,agent,substantive,2,2
grafana_grafana__120167,grafana/grafana,agent,substantive,0,2
grafana_grafana__120167,grafana/grafana,agent,substantive,2,2
grafana_grafana__120418,grafana/grafana,human,substantive,0,2
grafana_grafana__120418,grafana/grafana,human,substantive,0,2
grafana_grafana__120418,grafana/grafana,human,substantive,1,2
grafana_grafana__120564,grafana/grafana,human,substantive,1,1
grafana_grafana__120564,grafana/grafana,human,substantive,0,2
grafana_grafana__120564,grafana/grafana,human,substantive,1,1
grafana_grafana__120577,grafana/grafana,agent,substantive,1,2
grafana_grafana__120577,grafana/grafana,agent,substantive,1,2
grafana_grafana__120577,grafana/grafana,agent,substantive,1,2
grafana_grafana__120643,grafana/grafana,agent,substantive,1,2
grafana_grafana__120643,grafana/grafana,agent,substantive,0,2
grafana_grafana__120643,grafana/grafana,agent,substantive,0,1
grafana_grafana__120689,grafana/grafana,human,substantive,1,2
grafana_grafana__120689,grafana/grafana,human,substantive,1,2
grafana_grafana__120689,grafana/grafana,human,substantive,1,2
grafana_grafana__120689,grafana/grafana,human,substantive,1,1
grafana_grafana__120731,grafana/grafana,agent,substantive,2,2
grafana_grafana__120731,grafana/grafana,agent,substantive,2,1
grafana_grafana__120731,grafana/grafana,agent,substantive,2,1
grafana_grafana__120748,grafana/grafana,human,empty,0,1
grafana_grafana__120748,grafana/grafana,human,empty,0,2
grafana_grafana__120748,grafana/grafana,human,empty,0,1
grafana_grafana__120748,grafana/grafana,human,empty,0,1
grafana_grafana__120853,grafana/grafana,agent,substantive,2,2
grafana_grafana__120853,grafana/grafana,agent,substantive,2,2
grafana_grafana__120853,grafana/grafana,agent,substantive,1,2
grafana_grafana__120860,grafana/grafana,human,trivial,0,2
grafana_grafana__120860,grafana/grafana,human,trivial,1,2
grafana_grafana__120860,grafana/grafana,human,trivial,1,2
grafana_grafana__120917,grafana/grafana,agent,substantive,2,2
grafana_grafana__120917,grafana/grafana,agent,substantive,2,2
grafana_grafana__120917,grafana/grafana,agent,substantive,0,1
grafana_grafana__120917,grafana/grafana,agent,substantive,0,0
grafana_grafana__120954,grafana/grafana,human,substantive,2,2
grafana_grafana__120954,grafana/grafana,human,substantive,2,2
grafana_grafana__120954,grafana/grafana,human,substantive,1,1
grafana_grafana__120954,grafana/grafana,human,substantive,0,2
grafana_grafana__120961,grafana/grafana,agent,substantive,2,2
grafana_grafana__120961,grafana/grafana,agent,substantive,2,2
grafana_grafana__120961,grafana/grafana,agent,substantive,2,0
grafana_grafana__121002,grafana/grafana,agent,substantive,2,2
grafana_grafana__121002,grafana/grafana,agent,substantive,2,2
grafana_grafana__121002,grafana/grafana,agent,substantive,2,2
grafana_grafana__121007,grafana/grafana,agent,substantive,0,2
grafana_grafana__121007,grafana/grafana,agent,substantive,0,2
grafana_grafana__121007,grafana/grafana,agent,substantive,0,2
grafana_grafana__121023,grafana/grafana,agent,substantive,2,2
grafana_grafana__121023,grafana/grafana,agent,substantive,0,0
grafana_grafana__121023,grafana/grafana,agent,substantive,0,2
grafana_grafana__121085,grafana/grafana,human,substantive,1,2
grafana_grafana__121085,grafana/grafana,human,substantive,0,2
grafana_grafana__121085,grafana/grafana,human,substantive,0,1
grafana_grafana__121102,grafana/grafana,human,empty,0,2
grafana_grafana__121102,grafana/grafana,human,empty,0,1
grafana_grafana__121102,grafana/grafana,human,empty,0,1
grafana_grafana__121140,grafana/grafana,agent,substantive,2,0
grafana_grafana__121140,grafana/grafana,agent,substantive,0,1
grafana_grafana__121140,grafana/grafana,agent,substantive,0,1
grafana_grafana__121330,grafana/grafana,agent,substantive,2,2
grafana_grafana__121330,grafana/grafana,agent,substantive,0,1
grafana_grafana__121330,grafana/grafana,agent,substantive,0,1
grafana_grafana__121331,grafana/grafana,agent,substantive,2,1
grafana_grafana__121331,grafana/grafana,agent,substantive,1,1
grafana_grafana__121331,grafana/grafana,agent,substantive,2,1
grafana_grafana__121342,grafana/grafana,human,substantive,2,2
grafana_grafana__121342,grafana/grafana,human,substantive,1,2
grafana_grafana__121342,grafana/grafana,human,substantive,2,0
grafana_grafana__121342,grafana/grafana,human,substantive,2,1
grafana_grafana__121379,grafana/grafana,human,substantive,1,2
grafana_grafana__121379,grafana/grafana,human,substantive,0,2
grafana_grafana__121379,grafana/grafana,human,substantive,0,0
grafana_grafana__121411,grafana/grafana,human,trivial,1,2
grafana_grafana__121411,grafana/grafana,human,trivial,0,2
grafana_grafana__121411,grafana/grafana,human,trivial,0,2
grafana_grafana__121411,grafana/grafana,human,trivial,0,2
grafana_grafana__121548,grafana/grafana,human,trivial,0,2
grafana_grafana__121548,grafana/grafana,human,trivial,0,0
grafana_grafana__121548,grafana/grafana,human,trivial,0,2
grafana_grafana__121570,grafana/grafana,human,substantive,1,1
grafana_grafana__121570,grafana/grafana,human,substantive,1,2
grafana_grafana__121570,grafana/grafana,human,substantive,0,1
grafana_grafana__121570,grafana/grafana,human,substantive,1,1
grafana_grafana__121575,grafana/grafana,agent,substantive,1,2
grafana_grafana__121575,grafana/grafana,agent,substantive,1,2
grafana_grafana__121575,grafana/grafana,agent,substantive,0,2
grafana_grafana__121612,grafana/grafana,agent,substantive,2,2
grafana_grafana__121612,grafana/grafana,agent,substantive,2,2
grafana_grafana__121612,grafana/grafana,agent,substantive,1,2
grafana_grafana__121646,grafana/grafana,agent,substantive,1,2
grafana_grafana__121646,grafana/grafana,agent,substantive,0,1
grafana_grafana__121646,grafana/grafana,agent,substantive,0,1
grafana_grafana__121646,grafana/grafana,agent,substantive,0,1
grafana_grafana__121776,grafana/grafana,agent,substantive,1,2
grafana_grafana__121776,grafana/grafana,agent,substantive,1,2
grafana_grafana__121776,grafana/grafana,agent,substantive,1,1
grafana_grafana__121829,grafana/grafana,human,substantive,1,2
grafana_grafana__121829,grafana/grafana,human,substantive,1,2
grafana_grafana__121829,grafana/grafana,human,substantive,2,1
grafana_grafana__121870,grafana/grafana,agent,substantive,1,2
grafana_grafana__121870,grafana/grafana,agent,substantive,2,2
grafana_grafana__121870,grafana/grafana,agent,substantive,1,1
grafana_grafana__122016,grafana/grafana,agent,substantive,2,1
grafana_grafana__122016,grafana/grafana,agent,substantive,2,2
grafana_grafana__122016,grafana/grafana,agent,substantive,0,0
grafana_grafana__122085,grafana/grafana,human,substantive,1,2
grafana_grafana__122085,grafana/grafana,human,substantive,0,0
grafana_grafana__122085,grafana/grafana,human,substantive,0,2
grafana_grafana__122276,grafana/grafana,human,substantive,1,2
grafana_grafana__122276,grafana/grafana,human,substantive,1,2
grafana_grafana__122276,grafana/grafana,human,substantive,0,2
grafana_grafana__122326,grafana/grafana,agent,substantive,2,1
grafana_grafana__122326,grafana/grafana,agent,substantive,2,1
grafana_grafana__122326,grafana/grafana,agent,substantive,1,1
grafana_grafana__122361,grafana/grafana,agent,substantive,2,0
grafana_grafana__122361,grafana/grafana,agent,substantive,2,1
grafana_grafana__122361,grafana/grafana,agent,substantive,0,0
grafana_grafana__122431,grafana/grafana,agent,substantive,1,2
grafana_grafana__122431,grafana/grafana,agent,substantive,2,1
grafana_grafana__122431,grafana/grafana,agent,substantive,0,1
grafana_grafana__122450,grafana/grafana,human,substantive,1,2
grafana_grafana__122450,grafana/grafana,human,substantive,1,2
grafana_grafana__122450,grafana/grafana,human,substantive,1,2
grafana_grafana__122479,grafana/grafana,agent,substantive,1,2
grafana_grafana__122479,grafana/grafana,agent,substantive,1,2
grafana_grafana__122479,grafana/grafana,agent,substantive,1,2
grafana_grafana__122549,grafana/grafana,agent,substantive,2,1
grafana_grafana__122549,grafana/grafana,agent,substantive,2,1
grafana_grafana__122549,grafana/grafana,agent,substantive,2,1
grafana_grafana__122556,grafana/grafana,agent,substantive,2,2
grafana_grafana__122556,grafana/grafana,agent,substantive,1,2
grafana_grafana__122556,grafana/grafana,agent,substantive,2,2
grafana_grafana__122658,grafana/grafana,agent,substantive,1,2
grafana_grafana__122658,grafana/grafana,agent,substantive,1,0
grafana_grafana__122658,grafana/grafana,agent,substantive,0,2
grafana_grafana__122666,grafana/grafana,agent,substantive,2,2
grafana_grafana__122666,grafana/grafana,agent,substantive,2,1
grafana_grafana__122666,grafana/grafana,agent,substantive,2,2
grafana_grafana__122666,grafana/grafana,agent,substantive,2,2
grafana_grafana__122677,grafana/grafana,agent,substantive,2,1
grafana_grafana__122677,grafana/grafana,agent,substantive,1,2
grafana_grafana__122677,grafana/grafana,agent,substantive,2,2
grafana_grafana__122677,grafana/grafana,agent,substantive,2,2
grafana_grafana__122719,grafana/grafana,agent,substantive,1,2
grafana_grafana__122719,grafana/grafana,agent,substantive,1,2
grafana_grafana__122719,grafana/grafana,agent,substantive,1,1
grafana_grafana__122719,grafana/grafana,agent,substantive,2,2
grafana_grafana__122797,grafana/grafana,agent,substantive,2,1
grafana_grafana__122797,grafana/grafana,agent,substantive,0,2
grafana_grafana__122797,grafana/grafana,agent,substantive,0,2
grafana_grafana__122797,grafana/grafana,agent,substantive,1,1
grafana_grafana__122826,grafana/grafana,agent,substantive,2,1
grafana_grafana__122826,grafana/grafana,agent,substantive,2,1
grafana_grafana__122826,grafana/grafana,agent,substantive,2,1
grafana_grafana__122873,grafana/grafana,agent,substantive,2,1
grafana_grafana__122873,grafana/grafana,agent,substantive,2,2
grafana_grafana__122873,grafana/grafana,agent,substantive,2,1
grafana_grafana__123047,grafana/grafana,human,trivial,1,2
grafana_grafana__123047,grafana/grafana,human,trivial,1,2
grafana_grafana__123047,grafana/grafana,human,trivial,0,2
grafana_grafana__123076,grafana/grafana,agent,substantive,2,2
grafana_grafana__123076,grafana/grafana,agent,substantive,2,2
grafana_grafana__123076,grafana/grafana,agent,substantive,2,2
grafana_grafana__123166,grafana/grafana,agent,substantive,1,2
grafana_grafana__123166,grafana/grafana,agent,substantive,1,1
grafana_grafana__123166,grafana/grafana,agent,substantive,1,2
grafana_grafana__123173,grafana/grafana,agent,substantive,1,2
grafana_grafana__123173,grafana/grafana,agent,substantive,1,2
grafana_grafana__123173,grafana/grafana,agent,substantive,0,2
grafana_grafana__123173,grafana/grafana,agent,substantive,1,2
grafana_grafana__123197,grafana/grafana,agent,substantive,2,2
grafana_grafana__123197,grafana/grafana,agent,substantive,2,2
grafana_grafana__123197,grafana/grafana,agent,substantive,1,1
grafana_grafana__123256,grafana/grafana,human,substantive,0,1
grafana_grafana__123256,grafana/grafana,human,substantive,1,2
grafana_grafana__123256,grafana/grafana,human,substantive,0,1
grafana_grafana__123256,grafana/grafana,human,substantive,1,2
grafana_grafana__123336,grafana/grafana,agent,substantive,2,1
grafana_grafana__123336,grafana/grafana,agent,substantive,2,0
grafana_grafana__123336,grafana/grafana,agent,substantive,2,1
grafana_grafana__123362,grafana/grafana,agent,substantive,2,2
grafana_grafana__123362,grafana/grafana,agent,substantive,0,1
grafana_grafana__123362,grafana/grafana,agent,substantive,1,1
grafana_grafana__123373,grafana/grafana,agent,substantive,2,2
grafana_grafana__123373,grafana/grafana,agent,substantive,2,2
grafana_grafana__123373,grafana/grafana,agent,substantive,1,2
grafana_grafana__123425,grafana/grafana,agent,substantive,2,2
grafana_grafana__123425,grafana/grafana,agent,substantive,2,2
grafana_grafana__123425,grafana/grafana,agent,substantive,2,1
grafana_grafana__123425,grafana/grafana,agent,substantive,2,2
grafana_grafana__123430,grafana/grafana,agent,substantive,2,2
grafana_grafana__123430,grafana/grafana,agent,substantive,0,1
grafana_grafana__123430,grafana/grafana,agent,substantive,0,1
grafana_grafana__123457,grafana/grafana,agent,substantive,1,2
grafana_grafana__123457,grafana/grafana,agent,substantive,0,2
grafana_grafana__123457,grafana/grafana,agent,substantive,0,2
grafana_grafana__123492,grafana/grafana,agent,substantive,2,2
grafana_grafana__123492,grafana/grafana,agent,substantive,2,1
grafana_grafana__123492,grafana/grafana,agent,substantive,2,2
grafana_grafana__123497,grafana/grafana,agent,substantive,2,2
grafana_grafana__123497,grafana/grafana,agent,substantive,2,2
grafana_grafana__123497,grafana/grafana,agent,substantive,0,2
grafana_grafana__123498,grafana/grafana,agent,substantive,2,2
grafana_grafana__123498,grafana/grafana,agent,substantive,1,1
grafana_grafana__123498,grafana/grafana,agent,substantive,0,2
grafana_grafana__123555,grafana/grafana,human,substantive,1,1
grafana_grafana__123555,grafana/grafana,human,substantive,1,1
grafana_grafana__123555,grafana/grafana,human,substantive,0,1
grafana_grafana__123568,grafana/grafana,agent,substantive,0,1
grafana_grafana__123568,grafana/grafana,agent,substantive,0,2
grafana_grafana__123568,grafana/grafana,agent,substantive,0,1
grafana_grafana__123577,grafana/grafana,human,substantive,1,2
grafana_grafana__123577,grafana/grafana,human,substantive,0,2
grafana_grafana__123577,grafana/grafana,human,substantive,1,1
grafana_grafana__123577,grafana/grafana,human,substantive,0,1
grafana_grafana__123613,grafana/grafana,agent,substantive,2,1
grafana_grafana__123613,grafana/grafana,agent,substantive,2,2
grafana_grafana__123613,grafana/grafana,agent,substantive,2,1
grafana_grafana__123675,grafana/grafana,agent,substantive,2,2
grafana_grafana__123675,grafana/grafana,agent,substantive,2,1
grafana_grafana__123675,grafana/grafana,agent,substantive,1,2
grafana_grafana__123675,grafana/grafana,agent,substantive,2,1
grafana_grafana__123709,grafana/grafana,agent,substantive,2,2
grafana_grafana__123709,grafana/grafana,agent,substantive,2,2
grafana_grafana__123709,grafana/grafana,agent,substantive,1,1
grafana_grafana__123709,grafana/grafana,agent,substantive,1,1
grafana_grafana__123722,grafana/grafana,agent,substantive,0,0
grafana_grafana__123722,grafana/grafana,agent,substantive,2,1
grafana_grafana__123722,grafana/grafana,agent,substantive,2,1
grafana_grafana__123755,grafana/grafana,agent,substantive,2,2
grafana_grafana__123755,grafana/grafana,agent,substantive,2,1
grafana_grafana__123755,grafana/grafana,agent,substantive,2,1
grafana_grafana__123793,grafana/grafana,agent,substantive,2,2
grafana_grafana__123793,grafana/grafana,agent,substantive,2,2
grafana_grafana__123793,grafana/grafana,agent,substantive,0,0
grafana_grafana__123793,grafana/grafana,agent,substantive,2,1
grafana_grafana__123797,grafana/grafana,agent,substantive,2,2
grafana_grafana__123797,grafana/grafana,agent,substantive,2,2
grafana_grafana__123797,grafana/grafana,agent,substantive,1,1
grafana_grafana__123806,grafana/grafana,human,substantive,0,2
grafana_grafana__123806,grafana/grafana,human,substantive,0,2
grafana_grafana__123806,grafana/grafana,human,substantive,1,2
grafana_grafana__123872,grafana/grafana,agent,substantive,2,2
grafana_grafana__123872,grafana/grafana,agent,substantive,1,1
grafana_grafana__123872,grafana/grafana,agent,substantive,2,2
grafana_grafana__123873,grafana/grafana,agent,substantive,2,2
grafana_grafana__123873,grafana/grafana,agent,substantive,2,2
grafana_grafana__123873,grafana/grafana,agent,substantive,1,2
grafana_grafana__123893,grafana/grafana,agent,substantive,2,2
grafana_grafana__123893,grafana/grafana,agent,substantive,2,2
grafana_grafana__123893,grafana/grafana,agent,substantive,2,2
grafana_grafana__123893,grafana/grafana,agent,substantive,1,2
grafana_grafana__123939,grafana/grafana,human,substantive,2,0
grafana_grafana__123939,grafana/grafana,human,substantive,2,2
grafana_grafana__123939,grafana/grafana,human,substantive,1,0
grafana_grafana__123977,grafana/grafana,agent,substantive,2,2
grafana_grafana__123977,grafana/grafana,agent,substantive,2,2
grafana_grafana__123977,grafana/grafana,agent,substantive,2,2
grafana_grafana__123986,grafana/grafana,agent,substantive,2,2
grafana_grafana__123986,grafana/grafana,agent,substantive,0,1
grafana_grafana__123986,grafana/grafana,agent,substantive,1,2
grafana_grafana__124046,grafana/grafana,agent,substantive,2,2
grafana_grafana__124046,grafana/grafana,agent,substantive,1,1
grafana_grafana__124046,grafana/grafana,agent,substantive,2,2
grafana_grafana__124084,grafana/grafana,agent,substantive,2,2
grafana_grafana__124084,grafana/grafana,agent,substantive,2,1
grafana_grafana__124084,grafana/grafana,agent,substantive,2,0
grafana_grafana__124084,grafana/grafana,agent,substantive,0,1
grafana_grafana__124104,grafana/grafana,agent,substantive,1,2
grafana_grafana__124104,grafana/grafana,agent,substantive,1,1
grafana_grafana__124104,grafana/grafana,agent,substantive,0,1
grafana_grafana__124104,grafana/grafana,agent,substantive,2,0
grafana_grafana__124118,grafana/grafana,agent,substantive,2,2
grafana_grafana__124118,grafana/grafana,agent,substantive,2,2
grafana_grafana__124118,grafana/grafana,agent,substantive,2,1
grafana_grafana__124151,grafana/grafana,agent,substantive,1,2
grafana_grafana__124151,grafana/grafana,agent,substantive,1,1
grafana_grafana__124151,grafana/grafana,agent,substantive,2,2
grafana_grafana__124157,grafana/grafana,agent,substantive,0,0
grafana_grafana__124157,grafana/grafana,agent,substantive,2,2
grafana_grafana__124162,grafana/grafana,agent,substantive,1,2
grafana_grafana__124162,grafana/grafana,agent,substantive,0,1
grafana_grafana__124162,grafana/grafana,agent,substantive,1,2
grafana_grafana__124390,grafana/grafana,agent,empty,0,2
grafana_grafana__124390,grafana/grafana,agent,empty,0,2
grafana_grafana__124390,grafana/grafana,agent,empty,0,2
grafana_grafana__124425,grafana/grafana,agent,substantive,0,2
grafana_grafana__124425,grafana/grafana,agent,substantive,1,1
grafana_grafana__124425,grafana/grafana,agent,substantive,0,2
grafana_grafana__124568,grafana/grafana,agent,substantive,2,1
grafana_grafana__124568,grafana/grafana,agent,substantive,2,1
grafana_grafana__124568,grafana/grafana,agent,substantive,1,2
grafana_grafana__124568,grafana/grafana,agent,substantive,1,0
grafana_grafana__124593,grafana/grafana,agent,substantive,2,2
grafana_grafana__124593,grafana/grafana,agent,substantive,1,2
grafana_grafana__124593,grafana/grafana,agent,substantive,2,2
grafana_grafana__124601,grafana/grafana,agent,trivial,0,2
grafana_grafana__124601,grafana/grafana,agent,trivial,0,2
grafana_grafana__124601,grafana/grafana,agent,trivial,0,2
grafana_grafana__124625,grafana/grafana,human,trivial,0,1
grafana_grafana__124625,grafana/grafana,human,trivial,1,1
grafana_grafana__124625,grafana/grafana,human,trivial,0,0
grafana_grafana__124725,grafana/grafana,agent,substantive,0,2
grafana_grafana__124725,grafana/grafana,agent,substantive,1,1
grafana_grafana__124725,grafana/grafana,agent,substantive,2,0
grafana_grafana__124727,grafana/grafana,agent,substantive,2,2
grafana_grafana__124727,grafana/grafana,agent,substantive,0,0
grafana_grafana__124727,grafana/grafana,agent,substantive,2,1
grafana_grafana__124727,grafana/grafana,agent,substantive,2,1
grafana_grafana__124732,grafana/grafana,agent,substantive,2,2
grafana_grafana__124732,grafana/grafana,agent,substantive,2,2
grafana_grafana__124732,grafana/grafana,agent,substantive,1,2
grafana_grafana__124774,grafana/grafana,human,trivial,0,2
grafana_grafana__124774,grafana/grafana,human,trivial,0,2
grafana_grafana__124774,grafana/grafana,human,trivial,0,2
grafana_grafana__124842,grafana/grafana,agent,substantive,2,2
grafana_grafana__124842,grafana/grafana,agent,substantive,2,1
grafana_grafana__124842,grafana/grafana,agent,substantive,2,1
grafana_grafana__124842,grafana/grafana,agent,substantive,1,1
grafana_grafana__124844,grafana/grafana,agent,substantive,2,1
grafana_grafana__124844,grafana/grafana,agent,substantive,2,2
grafana_grafana__124844,grafana/grafana,agent,substantive,2,2
grafana_grafana__124844,grafana/grafana,agent,substantive,1,2
grafana_grafana__124968,grafana/grafana,human,trivial,0,2
grafana_grafana__124968,grafana/grafana,human,trivial,1,2
grafana_grafana__124968,grafana/grafana,human,trivial,0,2
grafana_grafana__125010,grafana/grafana,human,trivial,0,0
grafana_grafana__125010,grafana/grafana,human,trivial,0,1
grafana_grafana__125010,grafana/grafana,human,trivial,0,2
grafana_grafana__125013,grafana/grafana,human,empty,0,1
grafana_grafana__125013,grafana/grafana,human,empty,1,1
grafana_grafana__125013,grafana/grafana,human,empty,0,1
grafana_grafana__125303,grafana/grafana,agent,substantive,1,2
grafana_grafana__125303,grafana/grafana,agent,substantive,1,2
grafana_grafana__125303,grafana/grafana,agent,substantive,2,1
grafana_grafana__125316,grafana/grafana,agent,substantive,2,2
grafana_grafana__125316,grafana/grafana,agent,substantive,0,1
grafana_grafana__125316,grafana/grafana,agent,substantive,2,1
grafana_grafana__125319,grafana/grafana,agent,substantive,2,2
grafana_grafana__125319,grafana/grafana,agent,substantive,2,1
grafana_grafana__125319,grafana/grafana,agent,substantive,2,2
grafana_grafana__125365,grafana/grafana,human,empty,1,2
grafana_grafana__125365,grafana/grafana,human,empty,0,2
grafana_grafana__125365,grafana/grafana,human,empty,0,2
grafana_grafana__125550,grafana/grafana,agent,substantive,2,2
grafana_grafana__125550,grafana/grafana,agent,substantive,1,2
grafana_grafana__125550,grafana/grafana,agent,substantive,2,1
grafana_grafana__125661,grafana/grafana,human,trivial,0,2
grafana_grafana__125661,grafana/grafana,human,trivial,0,2
grafana_grafana__125661,grafana/grafana,human,trivial,0,2
grafana_grafana__125716,grafana/grafana,agent,substantive,1,1
grafana_grafana__125716,grafana/grafana,agent,substantive,0,0
grafana_grafana__125716,grafana/grafana,agent,substantive,1,2
grafana_grafana__125719,grafana/grafana,human,substantive,1,2
grafana_grafana__125719,grafana/grafana,human,substantive,0,0
grafana_grafana__125719,grafana/grafana,human,substantive,0,0
grafana_grafana__125719,grafana/grafana,human,substantive,1,2
grafana_grafana__125780,grafana/grafana,agent,substantive,2,2
grafana_grafana__125780,grafana/grafana,agent,substantive,2,1
grafana_grafana__125780,grafana/grafana,agent,substantive,2,2
grafana_grafana__125796,grafana/grafana,human,substantive,2,2
grafana_grafana__125796,grafana/grafana,human,substantive,2,2
grafana_grafana__125796,grafana/grafana,human,substantive,0,2
grafana_grafana__125809,grafana/grafana,agent,substantive,2,2
grafana_grafana__125809,grafana/grafana,agent,substantive,2,2
grafana_grafana__125809,grafana/grafana,agent,substantive,2,2
grafana_grafana__125811,grafana/grafana,agent,substantive,0,1
grafana_grafana__125811,grafana/grafana,agent,substantive,2,1
grafana_grafana__125811,grafana/grafana,agent,substantive,0,1
grafana_grafana__125811,grafana/grafana,agent,substantive,0,1
grafana_grafana__125813,grafana/grafana,agent,substantive,2,2
grafana_grafana__125813,grafana/grafana,agent,substantive,1,1
grafana_grafana__125813,grafana/grafana,agent,substantive,2,1
grafana_grafana__125813,grafana/grafana,agent,substantive,2,2
grafana_grafana__125816,grafana/grafana,agent,substantive,2,1
grafana_grafana__125816,grafana/grafana,agent,substantive,2,1
grafana_grafana__125816,grafana/grafana,agent,substantive,2,1
grafana_grafana__125816,grafana/grafana,agent,substantive,2,2
grafana_grafana__125864,grafana/grafana,human,substantive,1,2
grafana_grafana__125864,grafana/grafana,human,substantive,2,2
grafana_grafana__125864,grafana/grafana,human,substantive,0,0
grafana_grafana__125926,grafana/grafana,agent,substantive,1,1
grafana_grafana__125926,grafana/grafana,agent,substantive,2,1
grafana_grafana__125926,grafana/grafana,agent,substantive,1,1
grafana_grafana__125945,grafana/grafana,agent,substantive,2,1
grafana_grafana__125945,grafana/grafana,agent,substantive,2,1
grafana_grafana__125945,grafana/grafana,agent,substantive,2,2
grafana_grafana__125972,grafana/grafana,agent,substantive,1,2
grafana_grafana__125972,grafana/grafana,agent,substantive,2,2
grafana_grafana__125972,grafana/grafana,agent,substantive,1,1
grafana_grafana__125978,grafana/grafana,agent,substantive,2,2
grafana_grafana__125978,grafana/grafana,agent,substantive,1,2
grafana_grafana__125978,grafana/grafana,agent,substantive,0,2
grafana_grafana__125986,grafana/grafana,agent,substantive,0,2
grafana_grafana__125986,grafana/grafana,agent,substantive,0,1
grafana_grafana__125986,grafana/grafana,agent,substantive,0,1
grafana_grafana__126002,grafana/grafana,human,empty,0,2
grafana_grafana__126002,grafana/grafana,human,empty,0,0
grafana_grafana__126002,grafana/grafana,human,empty,0,1
grafana_grafana__126042,grafana/grafana,agent,substantive,1,2
grafana_grafana__126042,grafana/grafana,agent,substantive,2,1
grafana_grafana__126042,grafana/grafana,agent,substantive,2,0
grafana_grafana__126104,grafana/grafana,agent,substantive,2,2
grafana_grafana__126104,grafana/grafana,agent,substantive,2,2
grafana_grafana__126104,grafana/grafana,agent,substantive,1,1
grafana_grafana__126109,grafana/grafana,agent,substantive,1,2
grafana_grafana__126109,grafana/grafana,agent,substantive,1,1
grafana_grafana__126109,grafana/grafana,agent,substantive,1,2
grafana_grafana__126122,grafana/grafana,agent,substantive,2,2
grafana_grafana__126122,grafana/grafana,agent,substantive,1,2
grafana_grafana__126122,grafana/grafana,agent,substantive,1,1
grafana_grafana__126126,grafana/grafana,agent,substantive,2,2
grafana_grafana__126126,grafana/grafana,agent,substantive,2,2
grafana_grafana__126126,grafana/grafana,agent,substantive,0,1
grafana_grafana__126126,grafana/grafana,agent,substantive,0,1
grafana_grafana__126197,grafana/grafana,agent,substantive,2,2
grafana_grafana__126197,grafana/grafana,agent,substantive,2,1
grafana_grafana__126197,grafana/grafana,agent,substantive,2,2
grafana_grafana__126198,grafana/grafana,agent,empty,0,2
grafana_grafana__126198,grafana/grafana,agent,empty,1,2
grafana_grafana__126198,grafana/grafana,agent,empty,0,1
grafana_grafana__126201,grafana/grafana,human,substantive,1,2
grafana_grafana__126201,grafana/grafana,human,substantive,0,0
grafana_grafana__126201,grafana/grafana,human,substantive,1,2
grafana_grafana__126264,grafana/grafana,agent,substantive,2,1
grafana_grafana__126264,grafana/grafana,agent,substantive,2,2
grafana_grafana__126264,grafana/grafana,agent,substantive,1,2
grafana_grafana__126268,grafana/grafana,human,substantive,2,0
grafana_grafana__126268,grafana/grafana,human,substantive,0,0
grafana_grafana__126268,grafana/grafana,human,substantive,2,2
grafana_grafana__126296,grafana/grafana,human,substantive,1,2
grafana_grafana__126296,grafana/grafana,human,substantive,1,2
grafana_grafana__126296,grafana/grafana,human,substantive,0,2
grafana_grafana__126307,grafana/grafana,agent,substantive,1,1
grafana_grafana__126307,grafana/grafana,agent,substantive,1,2
grafana_grafana__126307,grafana/grafana,agent,substantive,2,1
grafana_grafana__126319,grafana/grafana,agent,substantive,1,2
grafana_grafana__126319,grafana/grafana,agent,substantive,1,2
grafana_grafana__126319,grafana/grafana,agent,substantive,2,1
grafana_grafana__126319,grafana/grafana,agent,substantive,1,0
grafana_grafana__126380,grafana/grafana,agent,substantive,1,2
grafana_grafana__126380,grafana/grafana,agent,substantive,1,2
grafana_grafana__126380,grafana/grafana,agent,substantive,1,1
grafana_grafana__126390,grafana/grafana,agent,substantive,2,1
grafana_grafana__126390,grafana/grafana,agent,substantive,1,2
grafana_grafana__126390,grafana/grafana,agent,substantive,1,2
grafana_grafana__126404,grafana/grafana,agent,substantive,2,2
grafana_grafana__126404,grafana/grafana,agent,substantive,1,2
grafana_grafana__126404,grafana/grafana,agent,substantive,1,2
grafana_grafana__126416,grafana/grafana,agent,substantive,2,2
grafana_grafana__126416,grafana/grafana,agent,substantive,2,2
grafana_grafana__126416,grafana/grafana,agent,substantive,2,1
grafana_grafana__126416,grafana/grafana,agent,substantive,0,2
grafana_grafana__126566,grafana/grafana,agent,substantive,2,2
grafana_grafana__126566,grafana/grafana,agent,substantive,0,2
grafana_grafana__126566,grafana/grafana,agent,substantive,2,1
grafana_grafana__126593,grafana/grafana,human,empty,1,2
grafana_grafana__126593,grafana/grafana,human,empty,0,2
grafana_grafana__126593,grafana/grafana,human,empty,0,1
grafana_grafana__126602,grafana/grafana,agent,substantive,1,2
grafana_grafana__126602,grafana/grafana,agent,substantive,1,1
grafana_grafana__126602,grafana/grafana,agent,substantive,1,2
grafana_grafana__126626,grafana/grafana,human,trivial,0,1
grafana_grafana__126626,grafana/grafana,human,trivial,0,0
grafana_grafana__126626,grafana/grafana,human,trivial,0,1
grafana_grafana__126642,grafana/grafana,agent,substantive,1,2
grafana_grafana__126642,grafana/grafana,agent,substantive,2,2
grafana_grafana__126642,grafana/grafana,agent,substantive,2,1
grafana_grafana__126655,grafana/grafana,agent,substantive,1,2
grafana_grafana__126655,grafana/grafana,agent,substantive,0,2
grafana_grafana__126655,grafana/grafana,agent,substantive,1,2
grafana_grafana__126660,grafana/grafana,agent,substantive,2,2
grafana_grafana__126660,grafana/grafana,agent,substantive,2,2
grafana_grafana__126660,grafana/grafana,agent,substantive,2,2
grafana_grafana__126740,grafana/grafana,agent,substantive,2,2
grafana_grafana__126740,grafana/grafana,agent,substantive,0,2
grafana_grafana__126740,grafana/grafana,agent,substantive,0,1
grafana_grafana__126740,grafana/grafana,agent,substantive,1,1
grafana_grafana__126781,grafana/grafana,agent,substantive,2,2
grafana_grafana__126781,grafana/grafana,agent,substantive,2,1
grafana_grafana__126781,grafana/grafana,agent,substantive,2,1
grafana_grafana__126810,grafana/grafana,human,empty,1,1
grafana_grafana__126810,grafana/grafana,human,empty,0,1
grafana_grafana__126810,grafana/grafana,human,empty,0,2
grafana_grafana__126822,grafana/grafana,agent,substantive,2,2
grafana_grafana__126822,grafana/grafana,agent,substantive,2,1
grafana_grafana__126822,grafana/grafana,agent,substantive,2,2
grafana_grafana__126822,grafana/grafana,agent,substantive,1,2
grafana_grafana__126860,grafana/grafana,agent,substantive,1,2
grafana_grafana__126860,grafana/grafana,agent,substantive,2,2
grafana_grafana__126860,grafana/grafana,agent,substantive,1,1
grafana_grafana__126927,grafana/grafana,agent,substantive,2,2
grafana_grafana__126927,grafana/grafana,agent,substantive,2,1
grafana_grafana__126927,grafana/grafana,agent,substantive,2,1
grafana_grafana__126947,grafana/grafana,agent,substantive,2,2
grafana_grafana__126947,grafana/grafana,agent,substantive,0,0
grafana_grafana__126947,grafana/grafana,agent,substantive,0,1
grafana_grafana__127123,grafana/grafana,agent,substantive,2,2
grafana_grafana__127123,grafana/grafana,agent,substantive,1,2
grafana_grafana__127123,grafana/grafana,agent,substantive,1,2
grafana_grafana__127128,grafana/grafana,agent,substantive,2,1
grafana_grafana__127128,grafana/grafana,agent,substantive,2,1
grafana_grafana__127128,grafana/grafana,agent,substantive,2,1
grafana_grafana__127207,grafana/grafana,agent,trivial,0,2
grafana_grafana__127207,grafana/grafana,agent,trivial,0,2
grafana_grafana__127207,grafana/grafana,agent,trivial,1,2
grafana_grafana__127226,grafana/grafana,human,empty,1,2
grafana_grafana__127226,grafana/grafana,human,empty,1,2
grafana_grafana__127226,grafana/grafana,human,empty,1,1
grafana_grafana__127226,grafana/grafana,human,empty,1,2
grafana_grafana__127231,grafana/grafana,agent,substantive,2,2
grafana_grafana__127231,grafana/grafana,agent,substantive,0,0
grafana_grafana__127231,grafana/grafana,agent,substantive,1,2
grafana_grafana__127240,grafana/grafana,human,substantive,1,0
grafana_grafana__127240,grafana/grafana,human,substantive,1,2
grafana_grafana__127240,grafana/grafana,human,substantive,1,2
grafana_grafana__127258,grafana/grafana,agent,substantive,2,2
grafana_grafana__127258,grafana/grafana,agent,substantive,2,2
grafana_grafana__127258,grafana/grafana,agent,substantive,2,2
grafana_grafana__127262,grafana/grafana,agent,substantive,1,1
grafana_grafana__127262,grafana/grafana,agent,substantive,2,1
grafana_grafana__127262,grafana/grafana,agent,substantive,0,0
grafana_grafana__127262,grafana/grafana,agent,substantive,1,1
grafana_grafana__127275,grafana/grafana,agent,trivial,1,2
grafana_grafana__127275,grafana/grafana,agent,trivial,1,2
grafana_grafana__127275,grafana/grafana,agent,trivial,1,2
grafana_grafana__127318,grafana/grafana,agent,substantive,2,1
grafana_grafana__127318,grafana/grafana,agent,substantive,2,1
grafana_grafana__127318,grafana/grafana,agent,substantive,2,1
grafana_grafana__127349,grafana/grafana,agent,substantive,0,1
grafana_grafana__127349,grafana/grafana,agent,substantive,1,1
grafana_grafana__127349,grafana/grafana,agent,substantive,0,1
grafana_grafana__127455,grafana/grafana,agent,substantive,0,1
grafana_grafana__127455,grafana/grafana,agent,substantive,0,1
grafana_grafana__127455,grafana/grafana,agent,substantive,1,2
grafana_grafana__127474,grafana/grafana,agent,substantive,1,1
grafana_grafana__127474,grafana/grafana,agent,substantive,1,1
grafana_grafana__127474,grafana/grafana,agent,substantive,0,1
grafana_grafana__127523,grafana/grafana,agent,substantive,2,2
grafana_grafana__127523,grafana/grafana,agent,substantive,2,2
grafana_grafana__127523,grafana/grafana,agent,substantive,2,2
grafana_grafana__127528,grafana/grafana,agent,substantive,2,1
grafana_grafana__127528,grafana/grafana,agent,substantive,2,1
grafana_grafana__127528,grafana/grafana,agent,substantive,2,0
grafana_grafana__127552,grafana/grafana,agent,substantive,2,2
grafana_grafana__127552,grafana/grafana,agent,substantive,2,2
grafana_grafana__127552,grafana/grafana,agent,substantive,1,2
grafana_grafana__127640,grafana/grafana,human,empty,0,2
grafana_grafana__127640,grafana/grafana,human,empty,0,2
grafana_grafana__127640,grafana/grafana,human,empty,0,2
grafana_grafana__127641,grafana/grafana,agent,substantive,2,2
grafana_grafana__127641,grafana/grafana,agent,substantive,1,2
grafana_grafana__127641,grafana/grafana,agent,substantive,2,2
grafana_grafana__127702,grafana/grafana,agent,substantive,1,2
grafana_grafana__127702,grafana/grafana,agent,substantive,0,2
grafana_grafana__127702,grafana/grafana,agent,substantive,2,2
grafana_grafana__127739,grafana/grafana,agent,substantive,2,2
grafana_grafana__127739,grafana/grafana,agent,substantive,2,1
grafana_grafana__127739,grafana/grafana,agent,substantive,2,2
grafana_grafana__127754,grafana/grafana,agent,substantive,2,2
grafana_grafana__127754,grafana/grafana,agent,substantive,2,2
grafana_grafana__127754,grafana/grafana,agent,substantive,0,2
grafana_grafana__127762,grafana/grafana,agent,substantive,1,1
grafana_grafana__127762,grafana/grafana,agent,substantive,2,1
grafana_grafana__127762,grafana/grafana,agent,substantive,0,0
grafana_grafana__127778,grafana/grafana,agent,substantive,2,2
grafana_grafana__127778,grafana/grafana,agent,substantive,2,2
grafana_grafana__127778,grafana/grafana,agent,substantive,2,2
grafana_grafana__127783,grafana/grafana,agent,substantive,2,2
grafana_grafana__127783,grafana/grafana,agent,substantive,2,2
grafana_grafana__127783,grafana/grafana,agent,substantive,2,2
grafana_grafana__127871,grafana/grafana,agent,substantive,0,0
grafana_grafana__127871,grafana/grafana,agent,substantive,1,2
grafana_grafana__127902,grafana/grafana,agent,substantive,2,2
grafana_grafana__127902,grafana/grafana,agent,substantive,2,2
grafana_grafana__127902,grafana/grafana,agent,substantive,2,2
grafana_grafana__127936,grafana/grafana,agent,substantive,2,2
grafana_grafana__127936,grafana/grafana,agent,substantive,2,1
grafana_grafana__127936,grafana/grafana,agent,substantive,2,2
grafana_grafana__127972,grafana/grafana,agent,substantive,0,1
grafana_grafana__127972,grafana/grafana,agent,substantive,0,2
grafana_grafana__127972,grafana/grafana,agent,substantive,1,2
grafana_grafana__127972,grafana/grafana,agent,substantive,1,2
grafana_grafana__128068,grafana/grafana,agent,substantive,0,2
grafana_grafana__128068,grafana/grafana,agent,substantive,0,2
grafana_grafana__128068,grafana/grafana,agent,substantive,0,2
grafana_grafana__128080,grafana/grafana,agent,substantive,2,2
grafana_grafana__128080,grafana/grafana,agent,substantive,2,1
grafana_grafana__128080,grafana/grafana,agent,substantive,2,2
grafana_grafana__128100,grafana/grafana,agent,substantive,2,1
grafana_grafana__128100,grafana/grafana,agent,substantive,2,2
grafana_grafana__128100,grafana/grafana,agent,substantive,1,2
grafana_grafana__128114,grafana/grafana,agent,substantive,2,2
grafana_grafana__128114,grafana/grafana,agent,substantive,2,2
grafana_grafana__128114,grafana/grafana,agent,substantive,2,2
grafana_grafana__128130,grafana/grafana,agent,substantive,2,2
grafana_grafana__128130,grafana/grafana,agent,substantive,2,2
grafana_grafana__128130,grafana/grafana,agent,substantive,2,1
grafana_grafana__128135,grafana/grafana,agent,substantive,2,2
grafana_grafana__128135,grafana/grafana,agent,substantive,1,1
grafana_grafana__128135,grafana/grafana,agent,substantive,2,2
grafana_grafana__128181,grafana/grafana,agent,substantive,2,1
grafana_grafana__128181,grafana/grafana,agent,substantive,0,2
grafana_grafana__128181,grafana/grafana,agent,substantive,0,0
grafana_grafana__128195,grafana/grafana,agent,substantive,2,2
grafana_grafana__128195,grafana/grafana,agent,substantive,2,2
grafana_grafana__128195,grafana/grafana,agent,substantive,0,1
grafana_grafana__128353,grafana/grafana,agent,substantive,2,2
grafana_grafana__128353,grafana/grafana,agent,substantive,1,2
grafana_grafana__128353,grafana/grafana,agent,substantive,2,2
grafana_grafana__128354,grafana/grafana,agent,substantive,2,1
grafana_grafana__128354,grafana/grafana,agent,substantive,2,2
grafana_grafana__128354,grafana/grafana,agent,substantive,2,2
grafana_grafana__128429,grafana/grafana,agent,substantive,1,1
grafana_grafana__128429,grafana/grafana,agent,substantive,1,2
grafana_grafana__128429,grafana/grafana,agent,substantive,2,2
grafana_grafana__128429,grafana/grafana,agent,substantive,0,0
grafana_grafana__128501,grafana/grafana,agent,substantive,1,2
grafana_grafana__128501,grafana/grafana,agent,substantive,1,2
grafana_grafana__128501,grafana/grafana,agent,substantive,0,0
grafana_grafana__128522,grafana/grafana,agent,substantive,2,2
grafana_grafana__128522,grafana/grafana,agent,substantive,2,2
grafana_grafana__128522,grafana/grafana,agent,substantive,2,2
grafana_grafana__128523,grafana/grafana,agent,substantive,2,2
grafana_grafana__128523,grafana/grafana,agent,substantive,2,2
grafana_grafana__128523,grafana/grafana,agent,substantive,2,1
grafana_grafana__128532,grafana/grafana,agent,substantive,1,2
grafana_grafana__128532,grafana/grafana,agent,substantive,1,2
grafana_grafana__128532,grafana/grafana,agent,substantive,2,2
grafana_grafana__128549,grafana/grafana,agent,substantive,2,2
grafana_grafana__128549,grafana/grafana,agent,substantive,1,1
grafana_grafana__128549,grafana/grafana,agent,substantive,1,2
grafana_grafana__128628,grafana/grafana,agent,substantive,2,2
grafana_grafana__128628,grafana/grafana,agent,substantive,1,2
grafana_grafana__128628,grafana/grafana,agent,substantive,2,1
grafana_grafana__128658,grafana/grafana,agent,substantive,2,2
grafana_grafana__128658,grafana/grafana,agent,substantive,1,2
grafana_grafana__128658,grafana/grafana,agent,substantive,1,2
grafana_grafana__128665,grafana/grafana,agent,substantive,0,0
grafana_grafana__128665,grafana/grafana,agent,substantive,1,2
grafana_grafana__128665,grafana/grafana,agent,substantive,0,0
grafana_grafana__128689,grafana/grafana,agent,substantive,2,2
grafana_grafana__128689,grafana/grafana,agent,substantive,0,2
grafana_grafana__128689,grafana/grafana,agent,substantive,0,2
grafana_grafana__128706,grafana/grafana,agent,substantive,2,0
grafana_grafana__128706,grafana/grafana,agent,substantive,1,1
grafana_grafana__128706,grafana/grafana,agent,substantive,0,1
grafana_grafana__128724,grafana/grafana,agent,substantive,2,1
grafana_grafana__128724,grafana/grafana,agent,substantive,2,2
grafana_grafana__128724,grafana/grafana,agent,substantive,2,1
grafana_grafana__128766,grafana/grafana,agent,substantive,2,2
grafana_grafana__128766,grafana/grafana,agent,substantive,2,2
grafana_grafana__128766,grafana/grafana,agent,substantive,1,1
grafana_grafana__128790,grafana/grafana,agent,substantive,0,2
grafana_grafana__128790,grafana/grafana,agent,substantive,0,2
grafana_grafana__128790,grafana/grafana,agent,substantive,1,1
grafana_grafana__128796,grafana/grafana,agent,substantive,2,2
grafana_grafana__128796,grafana/grafana,agent,substantive,2,2
grafana_grafana__128796,grafana/grafana,agent,substantive,2,2
grafana_grafana__128845,grafana/grafana,agent,substantive,2,1
grafana_grafana__128845,grafana/grafana,agent,substantive,0,2
grafana_grafana__128845,grafana/grafana,agent,substantive,0,0
grafana_grafana__128881,grafana/grafana,human,substantive,1,2
grafana_grafana__128881,grafana/grafana,human,substantive,0,1
grafana_grafana__128881,grafana/grafana,human,substantive,0,0
grafana_grafana__128950,grafana/grafana,agent,substantive,2,1
grafana_grafana__128950,grafana/grafana,agent,substantive,2,1
grafana_grafana__128950,grafana/grafana,agent,substantive,1,0
grafana_grafana__129038,grafana/grafana,agent,substantive,2,2
grafana_grafana__129038,grafana/grafana,agent,substantive,1,1
grafana_grafana__129038,grafana/grafana,agent,substantive,1,2
grafana_grafana__129058,grafana/grafana,agent,trivial,1,2
grafana_grafana__129058,grafana/grafana,agent,trivial,1,2
grafana_grafana__129058,grafana/grafana,agent,trivial,1,2
grafana_grafana__129131,grafana/grafana,human,substantive,2,2
grafana_grafana__129131,grafana/grafana,human,substantive,1,2
grafana_grafana__129131,grafana/grafana,human,substantive,0,2
grafana_grafana__129185,grafana/grafana,agent,substantive,0,0
grafana_grafana__129185,grafana/grafana,agent,substantive,0,0
grafana_grafana__129185,grafana/grafana,agent,substantive,1,1
grafana_grafana__129206,grafana/grafana,agent,substantive,2,2
grafana_grafana__129206,grafana/grafana,agent,substantive,2,2
grafana_grafana__129206,grafana/grafana,agent,substantive,1,2
grafana_grafana__129207,grafana/grafana,human,substantive,1,2
grafana_grafana__129207,grafana/grafana,human,substantive,1,2
grafana_grafana__129207,grafana/grafana,human,substantive,1,2
grafana_grafana__129229,grafana/grafana,human,trivial,1,2
grafana_grafana__129229,grafana/grafana,human,trivial,1,2
grafana_grafana__129229,grafana/grafana,human,trivial,1,2
grafana_grafana__129298,grafana/grafana,agent,substantive,2,2
grafana_grafana__129298,grafana/grafana,agent,substantive,2,1
grafana_grafana__129298,grafana/grafana,agent,substantive,1,1
grafana_grafana__129387,grafana/grafana,agent,trivial,0,2
grafana_grafana__129387,grafana/grafana,agent,trivial,0,2
grafana_grafana__129387,grafana/grafana,agent,trivial,0,0
grafana_grafana__129390,grafana/grafana,agent,substantive,2,1
grafana_grafana__129390,grafana/grafana,agent,substantive,2,2
grafana_grafana__129390,grafana/grafana,agent,substantive,1,1
grafana_grafana__129394,grafana/grafana,agent,substantive,2,2
grafana_grafana__129394,grafana/grafana,agent,substantive,1,1
grafana_grafana__129394,grafana/grafana,agent,substantive,1,2
grafana_grafana__129441,grafana/grafana,agent,substantive,1,1
grafana_grafana__129441,grafana/grafana,agent,substantive,2,1
grafana_grafana__129441,grafana/grafana,agent,substantive,2,0
grafana_grafana__129441,grafana/grafana,agent,substantive,1,1
grafana_grafana__129458,grafana/grafana,agent,substantive,2,2
grafana_grafana__129458,grafana/grafana,agent,substantive,2,1
grafana_grafana__129458,grafana/grafana,agent,substantive,2,1
grafana_grafana__129512,grafana/grafana,human,trivial,0,2
grafana_grafana__129512,grafana/grafana,human,trivial,0,2
grafana_grafana__129512,grafana/grafana,human,trivial,0,2
grafana_grafana__129530,grafana/grafana,human,substantive,2,2
grafana_grafana__129530,grafana/grafana,human,substantive,1,2
grafana_grafana__129530,grafana/grafana,human,substantive,1,2
grafana_grafana__89766,grafana/grafana,human,empty,0,0
grafana_grafana__89766,grafana/grafana,human,empty,0,1
grafana_grafana__89766,grafana/grafana,human,empty,0,1
grafana_grafana__90369,grafana/grafana,human,empty,0,1
grafana_grafana__90369,grafana/grafana,human,empty,0,2
grafana_grafana__90369,grafana/grafana,human,empty,0,2
grafana_grafana__90418,grafana/grafana,human,empty,0,2
grafana_grafana__90418,grafana/grafana,human,empty,1,2
grafana_grafana__90418,grafana/grafana,human,empty,0,1
grafana_grafana__90536,grafana/grafana,human,empty,1,2
grafana_grafana__90536,grafana/grafana,human,empty,0,2
grafana_grafana__90536,grafana/grafana,human,empty,1,0
grafana_grafana__90563,grafana/grafana,human,substantive,1,2
grafana_grafana__90563,grafana/grafana,human,substantive,1,2
grafana_grafana__90563,grafana/grafana,human,substantive,1,2
grafana_grafana__90991,grafana/grafana,human,trivial,0,2
grafana_grafana__90991,grafana/grafana,human,trivial,0,2
grafana_grafana__90991,grafana/grafana,human,trivial,1,2
grafana_grafana__91548,grafana/grafana,human,empty,1,2
grafana_grafana__91548,grafana/grafana,human,empty,1,2
grafana_grafana__91548,grafana/grafana,human,empty,0,2
grafana_grafana__91688,grafana/grafana,human,trivial,0,2
grafana_grafana__91688,grafana/grafana,human,trivial,0,1
grafana_grafana__91849,grafana/grafana,human,empty,0,2
grafana_grafana__91849,grafana/grafana,human,empty,0,1
grafana_grafana__91849,grafana/grafana,human,empty,1,2
grafana_grafana__92006,grafana/grafana,human,empty,0,1
grafana_grafana__92006,grafana/grafana,human,empty,0,1
grafana_grafana__92006,grafana/grafana,human,empty,0,1
grafana_grafana__92572,grafana/grafana,human,substantive,0,2
grafana_grafana__92572,grafana/grafana,human,substantive,0,0
grafana_grafana__92572,grafana/grafana,human,substantive,0,0
grafana_grafana__92649,grafana/grafana,human,trivial,1,2
grafana_grafana__92649,grafana/grafana,human,trivial,0,2
grafana_grafana__92649,grafana/grafana,human,trivial,0,1
grafana_grafana__92759,grafana/grafana,human,substantive,1,2
grafana_grafana__92759,grafana/grafana,human,substantive,0,2
grafana_grafana__92759,grafana/grafana,human,substantive,0,2
grafana_grafana__92995,grafana/grafana,human,substantive,2,2
grafana_grafana__92995,grafana/grafana,human,substantive,0,2
grafana_grafana__92995,grafana/grafana,human,substantive,0,0
grafana_grafana__93000,grafana/grafana,human,trivial,1,2
grafana_grafana__93000,grafana/grafana,human,trivial,0,2
grafana_grafana__93000,grafana/grafana,human,trivial,1,2
grafana_grafana__93032,grafana/grafana,human,trivial,1,2
grafana_grafana__93032,grafana/grafana,human,trivial,0,2
grafana_grafana__93032,grafana/grafana,human,trivial,0,2
grafana_grafana__93032,grafana/grafana,human,trivial,1,2
grafana_grafana__93448,grafana/grafana,human,empty,0,2
grafana_grafana__93448,grafana/grafana,human,empty,0,2
grafana_grafana__93448,grafana/grafana,human,empty,0,2
grafana_grafana__93622,grafana/grafana,human,empty,0,2
grafana_grafana__93622,grafana/grafana,human,empty,0,2
grafana_grafana__93622,grafana/grafana,human,empty,1,2
grafana_grafana__93744,grafana/grafana,human,trivial,0,2
grafana_grafana__93744,grafana/grafana,human,trivial,0,1
grafana_grafana__93744,grafana/grafana,human,trivial,0,1
grafana_grafana__93753,grafana/grafana,human,substantive,1,2
grafana_grafana__93753,grafana/grafana,human,substantive,1,2
grafana_grafana__93753,grafana/grafana,human,substantive,1,2
grafana_grafana__93861,grafana/grafana,human,trivial,0,2
grafana_grafana__93861,grafana/grafana,human,trivial,0,1
grafana_grafana__93861,grafana/grafana,human,trivial,0,2
grafana_grafana__94086,grafana/grafana,human,trivial,0,2
grafana_grafana__94086,grafana/grafana,human,trivial,0,1
grafana_grafana__94086,grafana/grafana,human,trivial,0,2
grafana_grafana__94366,grafana/grafana,human,trivial,0,2
grafana_grafana__94366,grafana/grafana,human,trivial,0,2
grafana_grafana__94366,grafana/grafana,human,trivial,0,0
grafana_grafana__94366,grafana/grafana,human,trivial,1,2
grafana_grafana__94633,grafana/grafana,human,empty,0,1
grafana_grafana__94633,grafana/grafana,human,empty,0,2
grafana_grafana__94680,grafana/grafana,human,trivial,0,2
grafana_grafana__94680,grafana/grafana,human,trivial,0,1
grafana_grafana__94680,grafana/grafana,human,trivial,0,0
grafana_grafana__95215,grafana/grafana,human,trivial,0,2
grafana_grafana__95215,grafana/grafana,human,trivial,0,1
grafana_grafana__95215,grafana/grafana,human,trivial,1,1
grafana_grafana__95215,grafana/grafana,human,trivial,0,0
grafana_grafana__95239,grafana/grafana,human,substantive,0,2
grafana_grafana__95239,grafana/grafana,human,substantive,1,2
grafana_grafana__95239,grafana/grafana,human,substantive,0,2
grafana_grafana__95631,grafana/grafana,human,trivial,0,2
grafana_grafana__95631,grafana/grafana,human,trivial,0,2
grafana_grafana__95631,grafana/grafana,human,trivial,0,1
grafana_grafana__95691,grafana/grafana,human,empty,0,1
grafana_grafana__95691,grafana/grafana,human,empty,0,1
grafana_grafana__95691,grafana/grafana,human,empty,0,1
grafana_grafana__95691,grafana/grafana,human,empty,0,1
grafana_grafana__95891,grafana/grafana,human,trivial,0,2
grafana_grafana__95891,grafana/grafana,human,trivial,0,2
grafana_grafana__96057,grafana/grafana,human,trivial,1,2
grafana_grafana__96057,grafana/grafana,human,trivial,0,2
grafana_grafana__96057,grafana/grafana,human,trivial,0,2
grafana_grafana__96523,grafana/grafana,human,substantive,1,2
grafana_grafana__96523,grafana/grafana,human,substantive,1,1
grafana_grafana__96523,grafana/grafana,human,substantive,0,2
grafana_grafana__96609,grafana/grafana,human,trivial,1,2
grafana_grafana__96609,grafana/grafana,human,trivial,0,2
grafana_grafana__96609,grafana/grafana,human,trivial,1,2
grafana_grafana__96827,grafana/grafana,human,trivial,0,1
grafana_grafana__96827,grafana/grafana,human,trivial,0,2
grafana_grafana__96827,grafana/grafana,human,trivial,1,2
grafana_grafana__96922,grafana/grafana,human,trivial,0,2
grafana_grafana__96922,grafana/grafana,human,trivial,0,2
grafana_grafana__96922,grafana/grafana,human,trivial,0,2
grafana_grafana__97103,grafana/grafana,human,empty,1,2
grafana_grafana__97103,grafana/grafana,human,empty,1,2
grafana_grafana__97103,grafana/grafana,human,empty,1,2
grafana_grafana__97136,grafana/grafana,human,substantive,1,2
grafana_grafana__97136,grafana/grafana,human,substantive,0,2
grafana_grafana__97136,grafana/grafana,human,substantive,1,2
grafana_grafana__97151,grafana/grafana,human,trivial,0,2
grafana_grafana__97151,grafana/grafana,human,trivial,1,2
grafana_grafana__97151,grafana/grafana,human,trivial,1,1
grafana_grafana__97176,grafana/grafana,human,substantive,0,1
grafana_grafana__97176,grafana/grafana,human,substantive,0,2
grafana_grafana__97176,grafana/grafana,human,substantive,0,0
grafana_grafana__97534,grafana/grafana,human,empty,0,2
grafana_grafana__97534,grafana/grafana,human,empty,0,1
grafana_grafana__97534,grafana/grafana,human,empty,0,1
grafana_grafana__98406,grafana/grafana,human,empty,0,1
grafana_grafana__98406,grafana/grafana,human,empty,0,1
grafana_grafana__98406,grafana/grafana,human,empty,0,1
grafana_grafana__98406,grafana/grafana,human,empty,0,1
grafana_grafana__98509,grafana/grafana,human,empty,0,1
grafana_grafana__98509,grafana/grafana,human,empty,0,1
grafana_grafana__98509,grafana/grafana,human,empty,0,1
grafana_grafana__98510,grafana/grafana,human,empty,1,2
grafana_grafana__98510,grafana/grafana,human,empty,0,2
grafana_grafana__98510,grafana/grafana,human,empty,0,1
grafana_grafana__98888,grafana/grafana,human,substantive,1,1
grafana_grafana__98888,grafana/grafana,human,substantive,1,2
grafana_grafana__98888,grafana/grafana,human,substantive,1,1
grafana_grafana__99331,grafana/grafana,human,substantive,2,2
grafana_grafana__99331,grafana/grafana,human,substantive,0,2
grafana_grafana__99331,grafana/grafana,human,substantive,0,1
grafana_grafana__99331,grafana/grafana,human,substantive,0,2
grafana_grafana__99359,grafana/grafana,human,substantive,0,2
grafana_grafana__99359,grafana/grafana,human,substantive,0,2
grafana_grafana__99359,grafana/grafana,human,substantive,1,1
grafana_grafana__99368,grafana/grafana,human,empty,0,1
grafana_grafana__99368,grafana/grafana,human,empty,0,0
grafana_grafana__99368,grafana/grafana,human,empty,0,1
grafana_grafana__99370,grafana/grafana,human,substantive,0,1
grafana_grafana__99370,grafana/grafana,human,substantive,0,1
grafana_grafana__99370,grafana/grafana,human,substantive,0,0
grafana_grafana__99612,grafana/grafana,human,empty,0,2
grafana_grafana__99612,grafana/grafana,human,empty,0,2
grafana_grafana__99612,grafana/grafana,human,empty,1,0
langchain-ai_langchain__23876,langchain-ai/langchain,human,substantive,1,2
langchain-ai_langchain__23876,langchain-ai/langchain,human,substantive,0,1
langchain-ai_langchain__23876,langchain-ai/langchain,human,substantive,0,1
langchain-ai_langchain__24552,langchain-ai/langchain,human,substantive,0,0
langchain-ai_langchain__24552,langchain-ai/langchain,human,substantive,0,1
langchain-ai_langchain__24552,langchain-ai/langchain,human,substantive,0,2
langchain-ai_langchain__24585,langchain-ai/langchain,human,substantive,1,1
langchain-ai_langchain__24585,langchain-ai/langchain,human,substantive,1,1
langchain-ai_langchain__24585,langchain-ai/langchain,human,substantive,1,2
langchain-ai_langchain__24585,langchain-ai/langchain,human,substantive,0,0
langchain-ai_langchain__24733,langchain-ai/langchain,human,substantive,0,2
langchain-ai_langchain__24733,langchain-ai/langchain,human,substantive,1,2
langchain-ai_langchain__24733,langchain-ai/langchain,human,substantive,0,2
langchain-ai_langchain__24733,langchain-ai/langchain,human,substantive,1,2
langchain-ai_langchain__25078,langchain-ai/langchain,human,empty,0,2
langchain-ai_langchain__25078,langchain-ai/langchain,human,empty,0,2
langchain-ai_langchain__25078,langchain-ai/langchain,human,empty,0,0
langchain-ai_langchain__25189,langchain-ai/langchain,human,substantive,1,2
langchain-ai_langchain__25189,langchain-ai/langchain,human,substantive,0,0
langchain-ai_langchain__25189,langchain-ai/langchain,human,substantive,0,2
langchain-ai_langchain__25189,langchain-ai/langchain,human,substantive,0,0
langchain-ai_langchain__25362,langchain-ai/langchain,human,trivial,0,1
langchain-ai_langchain__25362,langchain-ai/langchain,human,trivial,0,1
langchain-ai_langchain__25362,langchain-ai/langchain,human,trivial,0,0
langchain-ai_langchain__25362,langchain-ai/langchain,human,trivial,0,1
langchain-ai_langchain__25430,langchain-ai/langchain,human,substantive,0,0
langchain-ai_langchain__25430,langchain-ai/langchain,human,substantive,1,0
langchain-ai_langchain__25430,langchain-ai/langchain,human,substantive,0,1
langchain-ai_langchain__25500,langchain-ai/langchain,human,empty,0,2
langchain-ai_langchain__25500,langchain-ai/langchain,human,empty,1,2
langchain-ai_langchain__25500,langchain-ai/langchain,human,empty,1,2
langchain-ai_langchain__26443,langchain-ai/langchain,human,empty,1,2
langchain-ai_langchain__26443,langchain-ai/langchain,human,empty,1,2
langchain-ai_langchain__26443,langchain-ai/langchain,human,empty,0,1
langchain-ai_langchain__26802,langchain-ai/langchain,human,trivial,0,0
langchain-ai_langchain__26802,langchain-ai/langchain,human,trivial,0,0
langchain-ai_langchain__26802,langchain-ai/langchain,human,trivial,0,0
langchain-ai_langchain__27805,langchain-ai/langchain,human,empty,0,1
langchain-ai_langchain__27805,langchain-ai/langchain,human,empty,0,2
langchain-ai_langchain__27805,langchain-ai/langchain,human,empty,0,2
langchain-ai_langchain__27866,langchain-ai/langchain,human,substantive,0,2
langchain-ai_langchain__27866,langchain-ai/langchain,human,substantive,0,1
langchain-ai_langchain__27866,langchain-ai/langchain,human,substantive,1,1
langchain-ai_langchain__27967,langchain-ai/langchain,human,substantive,0,2
langchain-ai_langchain__27967,langchain-ai/langchain,human,substantive,0,1
langchain-ai_langchain__27967,langchain-ai/langchain,human,substantive,0,2
langchain-ai_langchain__27967,langchain-ai/langchain,human,substantive,1,2
langchain-ai_langchain__28639,langchain-ai/langchain,human,empty,0,2
langchain-ai_langchain__28639,langchain-ai/langchain,human,empty,0,2
langchain-ai_langchain__28639,langchain-ai/langchain,human,empty,0,0
langchain-ai_langchain__28972,langchain-ai/langchain,human,substantive,1,1
langchain-ai_langchain__28972,langchain-ai/langchain,human,substantive,1,1
langchain-ai_langchain__28972,langchain-ai/langchain,human,substantive,1,1
langchain-ai_langchain__28972,langchain-ai/langchain,human,substantive,0,0
langchain-ai_langchain__29120,langchain-ai/langchain,human,empty,0,0
langchain-ai_langchain__29120,langchain-ai/langchain,human,empty,0,0
langchain-ai_langchain__29120,langchain-ai/langchain,human,empty,0,0
langchain-ai_langchain__29120,langchain-ai/langchain,human,empty,0,1
langchain-ai_langchain__29230,langchain-ai/langchain,human,empty,0,2
langchain-ai_langchain__29230,langchain-ai/langchain,human,empty,0,2
langchain-ai_langchain__29230,langchain-ai/langchain,human,empty,0,1
langchain-ai_langchain__30187,langchain-ai/langchain,human,substantive,1,2
langchain-ai_langchain__30187,langchain-ai/langchain,human,substantive,1,1
langchain-ai_langchain__30187,langchain-ai/langchain,human,substantive,1,2
langchain-ai_langchain__30370,langchain-ai/langchain,human,substantive,2,2
langchain-ai_langchain__30370,langchain-ai/langchain,human,substantive,2,1
langchain-ai_langchain__30370,langchain-ai/langchain,human,substantive,0,1
langchain-ai_langchain__30449,langchain-ai/langchain,human,substantive,1,1
langchain-ai_langchain__30449,langchain-ai/langchain,human,substantive,2,1
langchain-ai_langchain__30449,langchain-ai/langchain,human,substantive,0,2
langchain-ai_langchain__30628,langchain-ai/langchain,human,substantive,1,2
langchain-ai_langchain__30628,langchain-ai/langchain,human,substantive,1,1
langchain-ai_langchain__30628,langchain-ai/langchain,human,substantive,0,2
langchain-ai_langchain__30887,langchain-ai/langchain,human,substantive,1,2
langchain-ai_langchain__30887,langchain-ai/langchain,human,substantive,1,2
langchain-ai_langchain__30887,langchain-ai/langchain,human,substantive,1,2
langchain-ai_langchain__30951,langchain-ai/langchain,human,trivial,1,2
langchain-ai_langchain__30951,langchain-ai/langchain,human,trivial,0,2
langchain-ai_langchain__30951,langchain-ai/langchain,human,trivial,0,2
langchain-ai_langchain__31468,langchain-ai/langchain,agent,substantive,2,1
langchain-ai_langchain__31468,langchain-ai/langchain,agent,substantive,0,0
langchain-ai_langchain__31468,langchain-ai/langchain,agent,substantive,0,1
langchain-ai_langchain__31898,langchain-ai/langchain,human,substantive,1,2
langchain-ai_langchain__31898,langchain-ai/langchain,human,substantive,0,0
langchain-ai_langchain__31898,langchain-ai/langchain,human,substantive,0,0
langchain-ai_langchain__32074,langchain-ai/langchain,agent,substantive,2,2
langchain-ai_langchain__32074,langchain-ai/langchain,agent,substantive,2,2
langchain-ai_langchain__32074,langchain-ai/langchain,agent,substantive,2,2
langchain-ai_langchain__32153,langchain-ai/langchain,agent,substantive,2,2
langchain-ai_langchain__32153,langchain-ai/langchain,agent,substantive,1,0
langchain-ai_langchain__32153,langchain-ai/langchain,agent,substantive,2,1
langchain-ai_langchain__32156,langchain-ai/langchain,agent,substantive,2,2
langchain-ai_langchain__32156,langchain-ai/langchain,agent,substantive,2,2
langchain-ai_langchain__32156,langchain-ai/langchain,agent,substantive,1,2
langchain-ai_langchain__32157,langchain-ai/langchain,agent,substantive,2,2
langchain-ai_langchain__32157,langchain-ai/langchain,agent,substantive,2,2
langchain-ai_langchain__32157,langchain-ai/langchain,agent,substantive,2,1
langchain-ai_langchain__32160,langchain-ai/langchain,agent,substantive,2,2
langchain-ai_langchain__32160,langchain-ai/langchain,agent,substantive,2,2
langchain-ai_langchain__32160,langchain-ai/langchain,agent,substantive,2,2
langchain-ai_langchain__32161,langchain-ai/langchain,agent,substantive,1,2
langchain-ai_langchain__32161,langchain-ai/langchain,agent,substantive,2,2
langchain-ai_langchain__32162,langchain-ai/langchain,agent,substantive,2,2
langchain-ai_langchain__32162,langchain-ai/langchain,agent,substantive,1,1
langchain-ai_langchain__32162,langchain-ai/langchain,agent,substantive,0,2
langchain-ai_langchain__32228,langchain-ai/langchain,human,substantive,1,2
langchain-ai_langchain__32228,langchain-ai/langchain,human,substantive,0,0
langchain-ai_langchain__32228,langchain-ai/langchain,human,substantive,0,2
langchain-ai_langchain__32236,langchain-ai/langchain,agent,substantive,1,2
langchain-ai_langchain__32236,langchain-ai/langchain,agent,substantive,2,2
langchain-ai_langchain__32236,langchain-ai/langchain,agent,substantive,1,2
langchain-ai_langchain__32237,langchain-ai/langchain,agent,substantive,1,1
langchain-ai_langchain__32237,langchain-ai/langchain,agent,substantive,0,1
langchain-ai_langchain__32237,langchain-ai/langchain,agent,substantive,0,0
langchain-ai_langchain__32237,langchain-ai/langchain,agent,substantive,0,0
langchain-ai_langchain__32331,langchain-ai/langchain,human,trivial,0,1
langchain-ai_langchain__32331,langchain-ai/langchain,human,trivial,0,0
langchain-ai_langchain__32331,langchain-ai/langchain,human,trivial,0,2
langchain-ai_langchain__32368,langchain-ai/langchain,agent,substantive,1,2
langchain-ai_langchain__32368,langchain-ai/langchain,agent,substantive,0,2
langchain-ai_langchain__32368,langchain-ai/langchain,agent,substantive,1,2
langchain-ai_langchain__32445,langchain-ai/langchain,agent,substantive,0,2
langchain-ai_langchain__32445,langchain-ai/langchain,agent,substantive,0,0
langchain-ai_langchain__32445,langchain-ai/langchain,agent,substantive,0,0
langchain-ai_langchain__32551,langchain-ai/langchain,human,empty,0,2
langchain-ai_langchain__32551,langchain-ai/langchain,human,empty,0,1
langchain-ai_langchain__32551,langchain-ai/langchain,human,empty,0,2
langchain-ai_langchain__32688,langchain-ai/langchain,human,substantive,1,2
langchain-ai_langchain__32688,langchain-ai/langchain,human,substantive,1,2
langchain-ai_langchain__32688,langchain-ai/langchain,human,substantive,0,2
langchain-ai_langchain__32910,langchain-ai/langchain,agent,trivial,0,1
langchain-ai_langchain__32910,langchain-ai/langchain,agent,trivial,0,2
langchain-ai_langchain__32910,langchain-ai/langchain,agent,trivial,0,2
langchain-ai_langchain__32919,langchain-ai/langchain,human,substantive,0,2
langchain-ai_langchain__32919,langchain-ai/langchain,human,substantive,0,2
langchain-ai_langchain__32919,langchain-ai/langchain,human,substantive,0,2
langchain-ai_langchain__32919,langchain-ai/langchain,human,substantive,0,1
langchain-ai_langchain__34106,langchain-ai/langchain,human,empty,0,1
langchain-ai_langchain__34106,langchain-ai/langchain,human,empty,0,1
langchain-ai_langchain__34268,langchain-ai/langchain,human,empty,1,2
langchain-ai_langchain__34268,langchain-ai/langchain,human,empty,1,2
langchain-ai_langchain__34268,langchain-ai/langchain,human,empty,1,2
langchain-ai_langchain__34464,langchain-ai/langchain,human,empty,1,2
langchain-ai_langchain__34464,langchain-ai/langchain,human,empty,1,2
langchain-ai_langchain__34464,langchain-ai/langchain,human,empty,0,2
langchain-ai_langchain__35034,langchain-ai/langchain,human,empty,0,2
langchain-ai_langchain__35034,langchain-ai/langchain,human,empty,0,1
langchain-ai_langchain__35034,langchain-ai/langchain,human,empty,0,2
langchain-ai_langchain__35039,langchain-ai/langchain,human,empty,0,1
langchain-ai_langchain__35039,langchain-ai/langchain,human,empty,0,0
langchain-ai_langchain__35039,langchain-ai/langchain,human,empty,0,0
langchain-ai_langchain__35317,langchain-ai/langchain,human,empty,1,2
langchain-ai_langchain__35317,langchain-ai/langchain,human,empty,1,2
langchain-ai_langchain__35317,langchain-ai/langchain,human,empty,1,2
langchain-ai_langchain__35469,langchain-ai/langchain,agent,substantive,2,2
langchain-ai_langchain__35469,langchain-ai/langchain,agent,substantive,2,2
langchain-ai_langchain__35469,langchain-ai/langchain,agent,substantive,1,2
langchain-ai_langchain__35469,langchain-ai/langchain,agent,substantive,1,2
langchain-ai_langchain__35588,langchain-ai/langchain,agent,substantive,2,2
langchain-ai_langchain__35588,langchain-ai/langchain,agent,substantive,2,2
langchain-ai_langchain__36725,langchain-ai/langchain,human,empty,1,2
langchain-ai_langchain__36725,langchain-ai/langchain,human,empty,0,2
langchain-ai_langchain__36725,langchain-ai/langchain,human,empty,1,2
langchain-ai_langchain__36960,langchain-ai/langchain,agent,substantive,2,2
langchain-ai_langchain__36960,langchain-ai/langchain,agent,substantive,2,2
langchain-ai_langchain__36960,langchain-ai/langchain,agent,substantive,1,2
langchain-ai_langchain__37064,langchain-ai/langchain,agent,empty,1,2
langchain-ai_langchain__37064,langchain-ai/langchain,agent,empty,1,2
langchain-ai_langchain__37064,langchain-ai/langchain,agent,empty,0,2
langchain-ai_langchain__37095,langchain-ai/langchain,agent,substantive,1,1
langchain-ai_langchain__37095,langchain-ai/langchain,agent,substantive,2,2
langchain-ai_langchain__37095,langchain-ai/langchain,agent,substantive,1,2
langchain-ai_langchain__37456,langchain-ai/langchain,human,empty,0,2
langchain-ai_langchain__37456,langchain-ai/langchain,human,empty,0,2
langchain-ai_langchain__37456,langchain-ai/langchain,human,empty,0,2
langchain-ai_langchain__37602,langchain-ai/langchain,human,substantive,2,2
langchain-ai_langchain__37602,langchain-ai/langchain,human,substantive,2,2
langchain-ai_langchain__37602,langchain-ai/langchain,human,substantive,2,0
langchain-ai_langchain__37710,langchain-ai/langchain,agent,substantive,1,2
langchain-ai_langchain__37710,langchain-ai/langchain,agent,substantive,0,2
langchain-ai_langchain__37710,langchain-ai/langchain,agent,substantive,0,1
langchain-ai_langchain__37911,langchain-ai/langchain,agent,substantive,2,2
langchain-ai_langchain__37911,langchain-ai/langchain,agent,substantive,2,2
langchain-ai_langchain__37911,langchain-ai/langchain,agent,substantive,2,2
langchain-ai_langchain__38118,langchain-ai/langchain,human,substantive,2,2
langchain-ai_langchain__38118,langchain-ai/langchain,human,substantive,2,2
langchain-ai_langchain__38118,langchain-ai/langchain,human,substantive,0,0
langchain-ai_langchain__38363,langchain-ai/langchain,agent,substantive,2,2
langchain-ai_langchain__38363,langchain-ai/langchain,agent,substantive,0,2
langchain-ai_langchain__38363,langchain-ai/langchain,agent,substantive,0,1
langchain-ai_langchain__38664,langchain-ai/langchain,agent,substantive,2,2
langchain-ai_langchain__38664,langchain-ai/langchain,agent,substantive,1,2
langchain-ai_langchain__38664,langchain-ai/langchain,agent,substantive,2,1
langchain-ai_langchain__38664,langchain-ai/langchain,agent,substantive,1,1
langchain-ai_langchain__38665,langchain-ai/langchain,agent,substantive,2,2
langchain-ai_langchain__38665,langchain-ai/langchain,agent,substantive,2,1
langchain-ai_langchain__38665,langchain-ai/langchain,agent,substantive,0,0
prisma_prisma__1018,prisma/prisma,agent,substantive,2,0
prisma_prisma__1018,prisma/prisma,agent,substantive,0,0
prisma_prisma__1018,prisma/prisma,agent,substantive,1,1
prisma_prisma__1018,prisma/prisma,agent,substantive,0,2
prisma_prisma__1019,prisma/prisma,agent,substantive,2,1
prisma_prisma__1019,prisma/prisma,agent,substantive,0,0
prisma_prisma__1019,prisma/prisma,agent,substantive,0,0
prisma_prisma__1024,prisma/prisma,agent,substantive,2,1
prisma_prisma__1024,prisma/prisma,agent,substantive,2,1
prisma_prisma__1024,prisma/prisma,agent,substantive,2,1
prisma_prisma__1024,prisma/prisma,agent,substantive,2,1
prisma_prisma__1028,prisma/prisma,agent,substantive,2,2
prisma_prisma__1028,prisma/prisma,agent,substantive,1,1
prisma_prisma__1028,prisma/prisma,agent,substantive,1,2
prisma_prisma__1035,prisma/prisma,agent,substantive,2,1
prisma_prisma__1035,prisma/prisma,agent,substantive,2,1
prisma_prisma__1035,prisma/prisma,agent,substantive,2,1
prisma_prisma__1038,prisma/prisma,human,substantive,2,1
prisma_prisma__1038,prisma/prisma,human,substantive,2,1
prisma_prisma__1038,prisma/prisma,human,substantive,2,1
prisma_prisma__1038,prisma/prisma,human,substantive,2,1
prisma_prisma__1042,prisma/prisma,agent,substantive,1,0
prisma_prisma__1042,prisma/prisma,agent,substantive,1,0
prisma_prisma__1042,prisma/prisma,agent,substantive,0,0
prisma_prisma__1042,prisma/prisma,agent,substantive,1,0
prisma_prisma__1048,prisma/prisma,agent,substantive,1,0
prisma_prisma__1048,prisma/prisma,agent,substantive,2,1
prisma_prisma__1048,prisma/prisma,agent,substantive,2,1
prisma_prisma__1048,prisma/prisma,agent,substantive,2,1
prisma_prisma__137,prisma/prisma,agent,substantive,2,1
prisma_prisma__137,prisma/prisma,agent,substantive,2,2
prisma_prisma__137,prisma/prisma,agent,substantive,2,2
prisma_prisma__145,prisma/prisma,agent,substantive,2,2
prisma_prisma__145,prisma/prisma,agent,substantive,1,1
prisma_prisma__145,prisma/prisma,agent,substantive,1,1
prisma_prisma__147,prisma/prisma,agent,substantive,2,2
prisma_prisma__147,prisma/prisma,agent,substantive,2,2
prisma_prisma__147,prisma/prisma,agent,substantive,1,2
prisma_prisma__200,prisma/prisma,agent,substantive,2,0
prisma_prisma__200,prisma/prisma,agent,substantive,2,1
prisma_prisma__200,prisma/prisma,agent,substantive,1,0
prisma_prisma__200,prisma/prisma,agent,substantive,1,1
prisma_prisma__201,prisma/prisma,agent,substantive,2,2
prisma_prisma__201,prisma/prisma,agent,substantive,2,1
prisma_prisma__201,prisma/prisma,agent,substantive,2,1
prisma_prisma__224,prisma/prisma,agent,substantive,2,2
prisma_prisma__224,prisma/prisma,agent,substantive,1,2
prisma_prisma__224,prisma/prisma,agent,substantive,1,1
prisma_prisma__270,prisma/prisma,human,substantive,2,2
prisma_prisma__270,prisma/prisma,human,substantive,2,2
prisma_prisma__270,prisma/prisma,human,substantive,0,2
prisma_prisma__310,prisma/prisma,human,substantive,0,0
prisma_prisma__310,prisma/prisma,human,substantive,0,0
prisma_prisma__32,prisma/prisma,human,substantive,0,2
prisma_prisma__32,prisma/prisma,human,substantive,0,1
prisma_prisma__32,prisma/prisma,human,substantive,0,0
prisma_prisma__323,prisma/prisma,agent,substantive,2,1
prisma_prisma__323,prisma/prisma,agent,substantive,1,2
prisma_prisma__323,prisma/prisma,agent,substantive,2,1
prisma_prisma__404,prisma/prisma,agent,substantive,2,1
prisma_prisma__404,prisma/prisma,agent,substantive,1,1
prisma_prisma__404,prisma/prisma,agent,substantive,2,1
prisma_prisma__404,prisma/prisma,agent,substantive,2,1
prisma_prisma__417,prisma/prisma,agent,substantive,1,1
prisma_prisma__417,prisma/prisma,agent,substantive,1,1
prisma_prisma__417,prisma/prisma,agent,substantive,1,1
prisma_prisma__428,prisma/prisma,agent,substantive,2,2
prisma_prisma__428,prisma/prisma,agent,substantive,1,1
prisma_prisma__428,prisma/prisma,agent,substantive,2,0
prisma_prisma__553,prisma/prisma,agent,substantive,1,1
prisma_prisma__553,prisma/prisma,agent,substantive,1,1
prisma_prisma__553,prisma/prisma,agent,substantive,2,1
prisma_prisma__553,prisma/prisma,agent,substantive,2,2
prisma_prisma__653,prisma/prisma,human,substantive,0,1
prisma_prisma__653,prisma/prisma,human,substantive,1,2
prisma_prisma__653,prisma/prisma,human,substantive,1,1
prisma_prisma__726,prisma/prisma,agent,substantive,2,2
prisma_prisma__726,prisma/prisma,agent,substantive,2,1
prisma_prisma__726,prisma/prisma,agent,substantive,0,0
prisma_prisma__732,prisma/prisma,agent,substantive,1,1
prisma_prisma__732,prisma/prisma,agent,substantive,2,2
prisma_prisma__732,prisma/prisma,agent,substantive,2,2
prisma_prisma__750,prisma/prisma,agent,substantive,2,2
prisma_prisma__750,prisma/prisma,agent,substantive,2,2
prisma_prisma__750,prisma/prisma,agent,substantive,2,2
prisma_prisma__751,prisma/prisma,agent,substantive,0,0
prisma_prisma__751,prisma/prisma,agent,substantive,2,1
prisma_prisma__751,prisma/prisma,agent,substantive,1,1
prisma_prisma__751,prisma/prisma,agent,substantive,2,0
prisma_prisma__753,prisma/prisma,agent,substantive,2,1
prisma_prisma__753,prisma/prisma,agent,substantive,2,1
prisma_prisma__753,prisma/prisma,agent,substantive,2,1
prisma_prisma__754,prisma/prisma,agent,substantive,1,2
prisma_prisma__754,prisma/prisma,agent,substantive,2,2
prisma_prisma__754,prisma/prisma,agent,substantive,1,1
prisma_prisma__755,prisma/prisma,agent,substantive,2,0
prisma_prisma__755,prisma/prisma,agent,substantive,2,1
prisma_prisma__755,prisma/prisma,agent,substantive,2,0
prisma_prisma__755,prisma/prisma,agent,substantive,2,1
prisma_prisma__768,prisma/prisma,agent,substantive,1,1
prisma_prisma__768,prisma/prisma,agent,substantive,2,2
prisma_prisma__768,prisma/prisma,agent,substantive,2,1
prisma_prisma__768,prisma/prisma,agent,substantive,2,1
prisma_prisma__769,prisma/prisma,agent,substantive,2,1
prisma_prisma__769,prisma/prisma,agent,substantive,2,1
prisma_prisma__769,prisma/prisma,agent,substantive,2,1
prisma_prisma__770,prisma/prisma,agent,substantive,1,0
prisma_prisma__770,prisma/prisma,agent,substantive,2,1
prisma_prisma__770,prisma/prisma,agent,substantive,1,2
prisma_prisma__770,prisma/prisma,agent,substantive,1,2
prisma_prisma__775,prisma/prisma,agent,substantive,1,2
prisma_prisma__775,prisma/prisma,agent,substantive,1,1
prisma_prisma__775,prisma/prisma,agent,substantive,2,0
prisma_prisma__775,prisma/prisma,agent,substantive,2,2
prisma_prisma__792,prisma/prisma,agent,substantive,2,1
prisma_prisma__792,prisma/prisma,agent,substantive,2,1
prisma_prisma__792,prisma/prisma,agent,substantive,1,2
prisma_prisma__792,prisma/prisma,agent,substantive,2,1
prisma_prisma__795,prisma/prisma,agent,substantive,2,0
prisma_prisma__795,prisma/prisma,agent,substantive,2,1
prisma_prisma__795,prisma/prisma,agent,substantive,0,0
prisma_prisma__795,prisma/prisma,agent,substantive,2,1
prisma_prisma__797,prisma/prisma,agent,substantive,2,2
prisma_prisma__797,prisma/prisma,agent,substantive,2,2
prisma_prisma__797,prisma/prisma,agent,substantive,1,0
prisma_prisma__800,prisma/prisma,agent,substantive,2,2
prisma_prisma__800,prisma/prisma,agent,substantive,2,2
prisma_prisma__800,prisma/prisma,agent,substantive,1,2
prisma_prisma__801,prisma/prisma,agent,substantive,2,2
prisma_prisma__801,prisma/prisma,agent,substantive,1,1
prisma_prisma__801,prisma/prisma,agent,substantive,1,1
prisma_prisma__802,prisma/prisma,agent,substantive,2,2
prisma_prisma__802,prisma/prisma,agent,substantive,1,2
prisma_prisma__802,prisma/prisma,agent,substantive,1,2
prisma_prisma__808,prisma/prisma,agent,substantive,2,2
prisma_prisma__808,prisma/prisma,agent,substantive,2,1
prisma_prisma__808,prisma/prisma,agent,substantive,1,1
prisma_prisma__808,prisma/prisma,agent,substantive,2,2
prisma_prisma__809,prisma/prisma,agent,substantive,2,2
prisma_prisma__809,prisma/prisma,agent,substantive,2,2
prisma_prisma__809,prisma/prisma,agent,substantive,1,2
prisma_prisma__810,prisma/prisma,agent,substantive,2,1
prisma_prisma__810,prisma/prisma,agent,substantive,2,1
prisma_prisma__810,prisma/prisma,agent,substantive,1,1
prisma_prisma__812,prisma/prisma,agent,substantive,2,1
prisma_prisma__812,prisma/prisma,agent,substantive,2,1
prisma_prisma__812,prisma/prisma,agent,substantive,2,0
prisma_prisma__812,prisma/prisma,agent,substantive,2,0
prisma_prisma__813,prisma/prisma,agent,substantive,0,1
prisma_prisma__813,prisma/prisma,agent,substantive,2,1
prisma_prisma__813,prisma/prisma,agent,substantive,0,0
prisma_prisma__813,prisma/prisma,agent,substantive,0,2
prisma_prisma__816,prisma/prisma,agent,substantive,2,1
prisma_prisma__816,prisma/prisma,agent,substantive,2,1
prisma_prisma__816,prisma/prisma,agent,substantive,2,1
prisma_prisma__816,prisma/prisma,agent,substantive,1,1
prisma_prisma__825,prisma/prisma,agent,substantive,2,1
prisma_prisma__825,prisma/prisma,agent,substantive,1,0
prisma_prisma__825,prisma/prisma,agent,substantive,0,0
prisma_prisma__825,prisma/prisma,agent,substantive,2,0
prisma_prisma__826,prisma/prisma,agent,substantive,2,1
prisma_prisma__826,prisma/prisma,agent,substantive,2,1
prisma_prisma__826,prisma/prisma,agent,substantive,1,0
prisma_prisma__826,prisma/prisma,agent,substantive,1,1
prisma_prisma__829,prisma/prisma,agent,substantive,2,1
prisma_prisma__829,prisma/prisma,agent,substantive,2,2
prisma_prisma__829,prisma/prisma,agent,substantive,2,1
prisma_prisma__829,prisma/prisma,agent,substantive,1,1
prisma_prisma__834,prisma/prisma,agent,substantive,2,1
prisma_prisma__834,prisma/prisma,agent,substantive,2,1
prisma_prisma__834,prisma/prisma,agent,substantive,2,1
prisma_prisma__838,prisma/prisma,agent,substantive,2,0
prisma_prisma__838,prisma/prisma,agent,substantive,2,0
prisma_prisma__838,prisma/prisma,agent,substantive,2,0
prisma_prisma__841,prisma/prisma,agent,substantive,2,1
prisma_prisma__841,prisma/prisma,agent,substantive,2,1
prisma_prisma__841,prisma/prisma,agent,substantive,2,1
prisma_prisma__870,prisma/prisma,agent,substantive,0,1
prisma_prisma__870,prisma/prisma,agent,substantive,2,1
prisma_prisma__870,prisma/prisma,agent,substantive,1,1
prisma_prisma__870,prisma/prisma,agent,substantive,2,0
prisma_prisma__879,prisma/prisma,agent,substantive,1,1
prisma_prisma__879,prisma/prisma,agent,substantive,2,1
prisma_prisma__879,prisma/prisma,agent,substantive,1,1
prisma_prisma__896,prisma/prisma,agent,substantive,2,1
prisma_prisma__896,prisma/prisma,agent,substantive,2,0
prisma_prisma__896,prisma/prisma,agent,substantive,2,1
prisma_prisma__896,prisma/prisma,agent,substantive,2,0
prisma_prisma__897,prisma/prisma,agent,substantive,2,2
prisma_prisma__897,prisma/prisma,agent,substantive,2,2
prisma_prisma__897,prisma/prisma,agent,substantive,2,2
prisma_prisma__905,prisma/prisma,agent,substantive,2,1
prisma_prisma__905,prisma/prisma,agent,substantive,2,1
prisma_prisma__905,prisma/prisma,agent,substantive,1,1
prisma_prisma__906,prisma/prisma,agent,substantive,2,1
prisma_prisma__906,prisma/prisma,agent,substantive,2,1
prisma_prisma__906,prisma/prisma,agent,substantive,0,0
prisma_prisma__906,prisma/prisma,agent,substantive,2,1
prisma_prisma__908,prisma/prisma,agent,substantive,2,1
prisma_prisma__908,prisma/prisma,agent,substantive,2,1
prisma_prisma__908,prisma/prisma,agent,substantive,2,1
prisma_prisma__908,prisma/prisma,agent,substantive,2,2
prisma_prisma__912,prisma/prisma,agent,substantive,1,1
prisma_prisma__912,prisma/prisma,agent,substantive,2,1
prisma_prisma__912,prisma/prisma,agent,substantive,1,1
prisma_prisma__921,prisma/prisma,agent,substantive,2,1
prisma_prisma__921,prisma/prisma,agent,substantive,2,1
prisma_prisma__921,prisma/prisma,agent,substantive,2,1
prisma_prisma__921,prisma/prisma,agent,substantive,2,1
prisma_prisma__935,prisma/prisma,agent,substantive,2,1
prisma_prisma__935,prisma/prisma,agent,substantive,1,1
prisma_prisma__935,prisma/prisma,agent,substantive,2,1
prisma_prisma__935,prisma/prisma,agent,substantive,2,1
prisma_prisma__944,prisma/prisma,agent,substantive,2,0
prisma_prisma__944,prisma/prisma,agent,substantive,2,1
prisma_prisma__944,prisma/prisma,agent,substantive,2,1
prisma_prisma__944,prisma/prisma,agent,substantive,2,1
prisma_prisma__945,prisma/prisma,agent,substantive,2,0
prisma_prisma__945,prisma/prisma,agent,substantive,2,1
prisma_prisma__945,prisma/prisma,agent,substantive,2,1
prisma_prisma__946,prisma/prisma,agent,substantive,2,1
prisma_prisma__946,prisma/prisma,agent,substantive,2,2
prisma_prisma__946,prisma/prisma,agent,substantive,2,1
prisma_prisma__960,prisma/prisma,agent,substantive,1,1
prisma_prisma__960,prisma/prisma,agent,substantive,2,0
prisma_prisma__960,prisma/prisma,agent,substantive,2,2
prisma_prisma__960,prisma/prisma,agent,substantive,2,2
prisma_prisma__969,prisma/prisma,agent,substantive,2,2
prisma_prisma__969,prisma/prisma,agent,substantive,2,2
prisma_prisma__969,prisma/prisma,agent,substantive,2,2
prisma_prisma__985,prisma/prisma,agent,substantive,2,2
prisma_prisma__985,prisma/prisma,agent,substantive,0,0
prisma_prisma__985,prisma/prisma,agent,substantive,1,0
prisma_prisma__988,prisma/prisma,agent,substantive,2,1
prisma_prisma__988,prisma/prisma,agent,substantive,0,0
prisma_prisma__988,prisma/prisma,agent,substantive,0,1
prisma_prisma__988,prisma/prisma,agent,substantive,0,0
prisma_prisma__990,prisma/prisma,agent,substantive,2,1
prisma_prisma__990,prisma/prisma,agent,substantive,1,1
prisma_prisma__990,prisma/prisma,agent,substantive,1,0
prisma_prisma__990,prisma/prisma,agent,substantive,1,2
prisma_prisma__991,prisma/prisma,agent,substantive,2,2
prisma_prisma__991,prisma/prisma,agent,substantive,2,2
prisma_prisma__991,prisma/prisma,agent,substantive,2,2
prisma_prisma__997,prisma/prisma,agent,substantive,2,1
prisma_prisma__997,prisma/prisma,agent,substantive,2,1
prisma_prisma__997,prisma/prisma,agent,substantive,2,1
supabase_supabase__27834,supabase/supabase,human,substantive,0,1
supabase_supabase__27834,supabase/supabase,human,substantive,0,0
supabase_supabase__27834,supabase/supabase,human,substantive,0,1
supabase_supabase__27834,supabase/supabase,human,substantive,0,1
supabase_supabase__28048,supabase/supabase,human,substantive,1,1
supabase_supabase__28048,supabase/supabase,human,substantive,1,2
supabase_supabase__28048,supabase/supabase,human,substantive,1,2
supabase_supabase__28048,supabase/supabase,human,substantive,1,2
supabase_supabase__28208,supabase/supabase,human,substantive,1,2
supabase_supabase__28208,supabase/supabase,human,substantive,1,2
supabase_supabase__28208,supabase/supabase,human,substantive,0,2
supabase_supabase__28714,supabase/supabase,human,empty,0,1
supabase_supabase__28714,supabase/supabase,human,empty,0,2
supabase_supabase__28714,supabase/supabase,human,empty,0,1
supabase_supabase__28730,supabase/supabase,human,empty,0,2
supabase_supabase__28730,supabase/supabase,human,empty,0,1
supabase_supabase__28730,supabase/supabase,human,empty,0,1
supabase_supabase__28761,supabase/supabase,human,empty,1,2
supabase_supabase__28761,supabase/supabase,human,empty,1,1
supabase_supabase__28761,supabase/supabase,human,empty,0,2
supabase_supabase__29038,supabase/supabase,human,substantive,1,1
supabase_supabase__29038,supabase/supabase,human,substantive,0,0
supabase_supabase__29038,supabase/supabase,human,substantive,0,1
supabase_supabase__29219,supabase/supabase,human,substantive,1,0
supabase_supabase__29219,supabase/supabase,human,substantive,1,1
supabase_supabase__29219,supabase/supabase,human,substantive,1,1
supabase_supabase__29219,supabase/supabase,human,substantive,1,2
supabase_supabase__30280,supabase/supabase,human,substantive,0,1
supabase_supabase__30280,supabase/supabase,human,substantive,0,1
supabase_supabase__30280,supabase/supabase,human,substantive,0,2
supabase_supabase__30280,supabase/supabase,human,substantive,0,2
supabase_supabase__30736,supabase/supabase,human,substantive,1,2
supabase_supabase__30736,supabase/supabase,human,substantive,1,2
supabase_supabase__30736,supabase/supabase,human,substantive,1,2
supabase_supabase__31229,supabase/supabase,human,substantive,1,2
supabase_supabase__31229,supabase/supabase,human,substantive,1,0
supabase_supabase__31229,supabase/supabase,human,substantive,0,0
supabase_supabase__32632,supabase/supabase,human,substantive,0,2
supabase_supabase__32632,supabase/supabase,human,substantive,0,2
supabase_supabase__32632,supabase/supabase,human,substantive,1,2
supabase_supabase__32679,supabase/supabase,human,substantive,1,1
supabase_supabase__32679,supabase/supabase,human,substantive,0,0
supabase_supabase__32679,supabase/supabase,human,substantive,1,0
supabase_supabase__33228,supabase/supabase,human,empty,1,2
supabase_supabase__33228,supabase/supabase,human,empty,0,2
supabase_supabase__33228,supabase/supabase,human,empty,0,2
supabase_supabase__33252,supabase/supabase,human,substantive,1,1
supabase_supabase__33252,supabase/supabase,human,substantive,1,1
supabase_supabase__33252,supabase/supabase,human,substantive,1,1
supabase_supabase__33252,supabase/supabase,human,substantive,1,2
supabase_supabase__33335,supabase/supabase,human,substantive,1,1
supabase_supabase__33335,supabase/supabase,human,substantive,0,0
supabase_supabase__33335,supabase/supabase,human,substantive,1,2
supabase_supabase__33698,supabase/supabase,human,substantive,0,1
supabase_supabase__33698,supabase/supabase,human,substantive,0,2
supabase_supabase__33698,supabase/supabase,human,substantive,0,1
supabase_supabase__33698,supabase/supabase,human,substantive,0,0
supabase_supabase__33996,supabase/supabase,human,substantive,1,2
supabase_supabase__33996,supabase/supabase,human,substantive,0,1
supabase_supabase__33996,supabase/supabase,human,substantive,0,2
supabase_supabase__34804,supabase/supabase,human,trivial,1,2
supabase_supabase__34804,supabase/supabase,human,trivial,0,2
supabase_supabase__34804,supabase/supabase,human,trivial,0,2
supabase_supabase__34905,supabase/supabase,human,trivial,0,2
supabase_supabase__34905,supabase/supabase,human,trivial,0,1
supabase_supabase__34905,supabase/supabase,human,trivial,0,1
supabase_supabase__35674,supabase/supabase,human,substantive,2,2
supabase_supabase__35674,supabase/supabase,human,substantive,1,2
supabase_supabase__35674,supabase/supabase,human,substantive,1,1
supabase_supabase__36002,supabase/supabase,human,substantive,0,2
supabase_supabase__36002,supabase/supabase,human,substantive,2,2
supabase_supabase__36002,supabase/supabase,human,substantive,2,2
supabase_supabase__36793,supabase/supabase,agent,substantive,2,2
supabase_supabase__36793,supabase/supabase,agent,substantive,1,2
supabase_supabase__36793,supabase/supabase,agent,substantive,1,2
supabase_supabase__36970,supabase/supabase,human,empty,1,2
supabase_supabase__36970,supabase/supabase,human,empty,1,2
supabase_supabase__36970,supabase/supabase,human,empty,0,2
supabase_supabase__37230,supabase/supabase,human,substantive,1,2
supabase_supabase__37230,supabase/supabase,human,substantive,0,0
supabase_supabase__37230,supabase/supabase,human,substantive,0,1
supabase_supabase__37928,supabase/supabase,agent,substantive,0,0
supabase_supabase__37928,supabase/supabase,agent,substantive,0,0
supabase_supabase__37928,supabase/supabase,agent,substantive,0,0
supabase_supabase__37987,supabase/supabase,human,substantive,1,2
supabase_supabase__37987,supabase/supabase,human,substantive,1,2
supabase_supabase__37987,supabase/supabase,human,substantive,0,2
supabase_supabase__38669,supabase/supabase,human,substantive,1,2
supabase_supabase__38669,supabase/supabase,human,substantive,0,2
supabase_supabase__38669,supabase/supabase,human,substantive,0,2
supabase_supabase__38772,supabase/supabase,agent,substantive,0,0
supabase_supabase__38772,supabase/supabase,agent,substantive,0,0
supabase_supabase__38772,supabase/supabase,agent,substantive,0,0
supabase_supabase__38772,supabase/supabase,agent,substantive,0,1
supabase_supabase__39041,supabase/supabase,human,substantive,0,1
supabase_supabase__39041,supabase/supabase,human,substantive,1,2
supabase_supabase__39041,supabase/supabase,human,substantive,1,2
supabase_supabase__39141,supabase/supabase,human,empty,0,2
supabase_supabase__39141,supabase/supabase,human,empty,0,2
supabase_supabase__39141,supabase/supabase,human,empty,0,0
supabase_supabase__39296,supabase/supabase,agent,substantive,1,2
supabase_supabase__39296,supabase/supabase,agent,substantive,0,2
supabase_supabase__39351,supabase/supabase,human,substantive,0,2
supabase_supabase__39351,supabase/supabase,human,substantive,1,2
supabase_supabase__39351,supabase/supabase,human,substantive,0,1
supabase_supabase__39541,supabase/supabase,human,empty,0,2
supabase_supabase__39541,supabase/supabase,human,empty,0,2
supabase_supabase__39583,supabase/supabase,human,empty,0,2
supabase_supabase__39583,supabase/supabase,human,empty,0,1
supabase_supabase__39583,supabase/supabase,human,empty,0,1
supabase_supabase__39600,supabase/supabase,human,substantive,1,1
supabase_supabase__39600,supabase/supabase,human,substantive,2,2
supabase_supabase__39600,supabase/supabase,human,substantive,0,0
supabase_supabase__39730,supabase/supabase,human,substantive,0,2
supabase_supabase__39730,supabase/supabase,human,substantive,0,1
supabase_supabase__39730,supabase/supabase,human,substantive,0,2
supabase_supabase__39795,supabase/supabase,agent,substantive,0,2
supabase_supabase__39795,supabase/supabase,agent,substantive,0,1
supabase_supabase__39795,supabase/supabase,agent,substantive,0,1
supabase_supabase__39795,supabase/supabase,agent,substantive,0,1
supabase_supabase__39834,supabase/supabase,agent,substantive,0,2
supabase_supabase__39834,supabase/supabase,agent,substantive,1,2
supabase_supabase__39834,supabase/supabase,agent,substantive,0,1
supabase_supabase__39834,supabase/supabase,agent,substantive,1,2
supabase_supabase__39889,supabase/supabase,agent,substantive,2,1
supabase_supabase__39889,supabase/supabase,agent,substantive,2,1
supabase_supabase__39889,supabase/supabase,agent,substantive,1,2
supabase_supabase__39889,supabase/supabase,agent,substantive,1,1
supabase_supabase__39977,supabase/supabase,human,substantive,0,1
supabase_supabase__39977,supabase/supabase,human,substantive,0,2
supabase_supabase__39977,supabase/supabase,human,substantive,1,2
supabase_supabase__39991,supabase/supabase,agent,substantive,1,2
supabase_supabase__39991,supabase/supabase,agent,substantive,2,1
supabase_supabase__39991,supabase/supabase,agent,substantive,0,1
supabase_supabase__39991,supabase/supabase,agent,substantive,0,0
supabase_supabase__40015,supabase/supabase,human,trivial,0,2
supabase_supabase__40015,supabase/supabase,human,trivial,0,0
supabase_supabase__40015,supabase/supabase,human,trivial,0,1
supabase_supabase__40015,supabase/supabase,human,trivial,0,1
supabase_supabase__40026,supabase/supabase,agent,substantive,0,2
supabase_supabase__40026,supabase/supabase,agent,substantive,0,1
supabase_supabase__40026,supabase/supabase,agent,substantive,1,2
supabase_supabase__40183,supabase/supabase,human,trivial,0,2
supabase_supabase__40183,supabase/supabase,human,trivial,0,2
supabase_supabase__40183,supabase/supabase,human,trivial,0,1
supabase_supabase__40232,supabase/supabase,human,trivial,0,2
supabase_supabase__40232,supabase/supabase,human,trivial,0,1
supabase_supabase__40232,supabase/supabase,human,trivial,0,1
supabase_supabase__40290,supabase/supabase,human,substantive,1,2
supabase_supabase__40290,supabase/supabase,human,substantive,1,2
supabase_supabase__40290,supabase/supabase,human,substantive,0,1
supabase_supabase__40294,supabase/supabase,human,empty,0,2
supabase_supabase__40294,supabase/supabase,human,empty,0,2
supabase_supabase__40294,supabase/supabase,human,empty,0,1
supabase_supabase__40323,supabase/supabase,human,empty,0,2
supabase_supabase__40323,supabase/supabase,human,empty,0,2
supabase_supabase__40323,supabase/supabase,human,empty,0,2
supabase_supabase__40903,supabase/supabase,agent,substantive,0,1
supabase_supabase__40903,supabase/supabase,agent,substantive,1,2
supabase_supabase__40903,supabase/supabase,agent,substantive,0,2
supabase_supabase__40911,supabase/supabase,human,substantive,0,1
supabase_supabase__40911,supabase/supabase,human,substantive,0,0
supabase_supabase__40911,supabase/supabase,human,substantive,0,0
supabase_supabase__41013,supabase/supabase,human,substantive,2,2
supabase_supabase__41013,supabase/supabase,human,substantive,0,1
supabase_supabase__41013,supabase/supabase,human,substantive,2,1
supabase_supabase__41013,supabase/supabase,human,substantive,0,2
supabase_supabase__41305,supabase/supabase,human,trivial,1,2
supabase_supabase__41305,supabase/supabase,human,trivial,0,2
supabase_supabase__41305,supabase/supabase,human,trivial,0,1
supabase_supabase__41408,supabase/supabase,human,empty,0,0
supabase_supabase__41408,supabase/supabase,human,empty,0,0
supabase_supabase__41408,supabase/supabase,human,empty,0,2
supabase_supabase__41408,supabase/supabase,human,empty,0,2
supabase_supabase__41412,supabase/supabase,human,trivial,0,2
supabase_supabase__41412,supabase/supabase,human,trivial,0,2
supabase_supabase__41412,supabase/supabase,human,trivial,0,2
supabase_supabase__41525,supabase/supabase,human,substantive,0,2
supabase_supabase__41525,supabase/supabase,human,substantive,0,2
supabase_supabase__41525,supabase/supabase,human,substantive,0,2
supabase_supabase__41558,supabase/supabase,human,trivial,0,1
supabase_supabase__41558,supabase/supabase,human,trivial,0,2
supabase_supabase__41558,supabase/supabase,human,trivial,0,1
supabase_supabase__41745,supabase/supabase,agent,substantive,1,2
supabase_supabase__41745,supabase/supabase,agent,substantive,1,2
supabase_supabase__41745,supabase/supabase,agent,substantive,1,2
supabase_supabase__41801,supabase/supabase,agent,substantive,2,2
supabase_supabase__41801,supabase/supabase,agent,substantive,2,1
supabase_supabase__41801,supabase/supabase,agent,substantive,0,2
supabase_supabase__42021,supabase/supabase,human,substantive,1,1
supabase_supabase__42021,supabase/supabase,human,substantive,1,1
supabase_supabase__42021,supabase/supabase,human,substantive,0,1
supabase_supabase__42021,supabase/supabase,human,substantive,0,1
supabase_supabase__42071,supabase/supabase,agent,substantive,1,1
supabase_supabase__42071,supabase/supabase,agent,substantive,1,2
supabase_supabase__42071,supabase/supabase,agent,substantive,1,2
supabase_supabase__42079,supabase/supabase,agent,substantive,1,2
supabase_supabase__42079,supabase/supabase,agent,substantive,0,2
supabase_supabase__42079,supabase/supabase,agent,substantive,2,2
supabase_supabase__42148,supabase/supabase,agent,substantive,1,1
supabase_supabase__42148,supabase/supabase,agent,substantive,0,2
supabase_supabase__42148,supabase/supabase,agent,substantive,0,1
supabase_supabase__42218,supabase/supabase,human,substantive,0,2
supabase_supabase__42218,supabase/supabase,human,substantive,0,0
supabase_supabase__42218,supabase/supabase,human,substantive,0,0
supabase_supabase__42260,supabase/supabase,human,empty,0,0
supabase_supabase__42260,supabase/supabase,human,empty,0,2
supabase_supabase__42260,supabase/supabase,human,empty,0,2
supabase_supabase__42260,supabase/supabase,human,empty,0,1
supabase_supabase__42300,supabase/supabase,agent,substantive,1,2
supabase_supabase__42300,supabase/supabase,agent,substantive,0,0
supabase_supabase__42300,supabase/supabase,agent,substantive,1,2
supabase_supabase__42361,supabase/supabase,human,substantive,2,2
supabase_supabase__42361,supabase/supabase,human,substantive,0,0
supabase_supabase__42361,supabase/supabase,human,substantive,2,2
supabase_supabase__42428,supabase/supabase,agent,substantive,0,2
supabase_supabase__42428,supabase/supabase,agent,substantive,1,2
supabase_supabase__42428,supabase/supabase,agent,substantive,0,1
supabase_supabase__42458,supabase/supabase,human,substantive,1,2
supabase_supabase__42458,supabase/supabase,human,substantive,0,0
supabase_supabase__42458,supabase/supabase,human,substantive,1,1
supabase_supabase__42638,supabase/supabase,agent,substantive,0,2
supabase_supabase__42638,supabase/supabase,agent,substantive,0,1
supabase_supabase__42638,supabase/supabase,agent,substantive,0,1
supabase_supabase__42874,supabase/supabase,agent,substantive,2,2
supabase_supabase__42874,supabase/supabase,agent,substantive,1,1
supabase_supabase__42874,supabase/supabase,agent,substantive,0,0
supabase_supabase__43010,supabase/supabase,human,substantive,1,2
supabase_supabase__43010,supabase/supabase,human,substantive,2,2
supabase_supabase__43010,supabase/supabase,human,substantive,2,1
supabase_supabase__43090,supabase/supabase,human,substantive,0,2
supabase_supabase__43090,supabase/supabase,human,substantive,0,2
supabase_supabase__43090,supabase/supabase,human,substantive,0,1
supabase_supabase__43109,supabase/supabase,agent,substantive,0,0
supabase_supabase__43109,supabase/supabase,agent,substantive,0,2
supabase_supabase__43109,supabase/supabase,agent,substantive,0,0
supabase_supabase__43140,supabase/supabase,agent,substantive,1,2
supabase_supabase__43140,supabase/supabase,agent,substantive,0,2
supabase_supabase__43140,supabase/supabase,agent,substantive,0,0
supabase_supabase__43140,supabase/supabase,agent,substantive,1,0
supabase_supabase__43191,supabase/supabase,agent,substantive,0,2
supabase_supabase__43191,supabase/supabase,agent,substantive,1,2
supabase_supabase__43191,supabase/supabase,agent,substantive,0,0
supabase_supabase__43201,supabase/supabase,human,substantive,2,2
supabase_supabase__43201,supabase/supabase,human,substantive,2,2
supabase_supabase__43201,supabase/supabase,human,substantive,2,2
supabase_supabase__43210,supabase/supabase,human,substantive,0,2
supabase_supabase__43210,supabase/supabase,human,substantive,0,2
supabase_supabase__43210,supabase/supabase,human,substantive,0,2
supabase_supabase__43697,supabase/supabase,agent,substantive,0,2
supabase_supabase__43697,supabase/supabase,agent,substantive,0,2
supabase_supabase__43697,supabase/supabase,agent,substantive,0,2
supabase_supabase__43790,supabase/supabase,agent,substantive,2,2
supabase_supabase__43790,supabase/supabase,agent,substantive,2,1
supabase_supabase__43790,supabase/supabase,agent,substantive,0,2
supabase_supabase__43804,supabase/supabase,agent,substantive,1,2
supabase_supabase__43804,supabase/supabase,agent,substantive,1,2
supabase_supabase__43804,supabase/supabase,agent,substantive,0,1
supabase_supabase__43817,supabase/supabase,agent,substantive,0,0
supabase_supabase__43817,supabase/supabase,agent,substantive,0,1
supabase_supabase__43817,supabase/supabase,agent,substantive,0,1
supabase_supabase__43817,supabase/supabase,agent,substantive,0,2
supabase_supabase__43862,supabase/supabase,agent,substantive,2,2
supabase_supabase__43862,supabase/supabase,agent,substantive,1,1
supabase_supabase__43862,supabase/supabase,agent,substantive,2,1
supabase_supabase__43927,supabase/supabase,agent,substantive,1,2
supabase_supabase__43927,supabase/supabase,agent,substantive,1,2
supabase_supabase__43927,supabase/supabase,agent,substantive,1,2
supabase_supabase__43929,supabase/supabase,agent,substantive,1,2
supabase_supabase__43929,supabase/supabase,agent,substantive,0,2
supabase_supabase__43929,supabase/supabase,agent,substantive,1,1
supabase_supabase__43967,supabase/supabase,agent,substantive,2,1
supabase_supabase__43967,supabase/supabase,agent,substantive,2,1
supabase_supabase__43967,supabase/supabase,agent,substantive,2,0
supabase_supabase__44077,supabase/supabase,agent,substantive,0,2
supabase_supabase__44077,supabase/supabase,agent,substantive,0,2
supabase_supabase__44077,supabase/supabase,agent,substantive,0,2
supabase_supabase__44077,supabase/supabase,agent,substantive,0,2
supabase_supabase__44087,supabase/supabase,human,empty,0,0
supabase_supabase__44087,supabase/supabase,human,empty,0,0
supabase_supabase__44087,supabase/supabase,human,empty,0,1
supabase_supabase__44137,supabase/supabase,human,substantive,2,2
supabase_supabase__44137,supabase/supabase,human,substantive,2,2
supabase_supabase__44137,supabase/supabase,human,substantive,2,2
supabase_supabase__44198,supabase/supabase,human,substantive,1,2
supabase_supabase__44198,supabase/supabase,human,substantive,2,2
supabase_supabase__44198,supabase/supabase,human,substantive,1,2
supabase_supabase__44248,supabase/supabase,agent,substantive,0,0
supabase_supabase__44248,supabase/supabase,agent,substantive,0,2
supabase_supabase__44248,supabase/supabase,agent,substantive,0,1
supabase_supabase__44248,supabase/supabase,agent,substantive,0,1
supabase_supabase__44293,supabase/supabase,human,substantive,0,2
supabase_supabase__44293,supabase/supabase,human,substantive,1,2
supabase_supabase__44293,supabase/supabase,human,substantive,1,2
supabase_supabase__44296,supabase/supabase,human,substantive,2,1
supabase_supabase__44296,supabase/supabase,human,substantive,1,1
supabase_supabase__44296,supabase/supabase,human,substantive,2,2
supabase_supabase__44328,supabase/supabase,agent,substantive,2,1
supabase_supabase__44328,supabase/supabase,agent,substantive,1,0
supabase_supabase__44328,supabase/supabase,agent,substantive,2,2
supabase_supabase__44328,supabase/supabase,agent,substantive,0,0
supabase_supabase__44343,supabase/supabase,agent,substantive,1,2
supabase_supabase__44343,supabase/supabase,agent,substantive,1,1
supabase_supabase__44343,supabase/supabase,agent,substantive,1,1
supabase_supabase__44438,supabase/supabase,agent,substantive,1,1
supabase_supabase__44438,supabase/supabase,agent,substantive,1,1
supabase_supabase__44438,supabase/supabase,agent,substantive,0,0
supabase_supabase__44513,supabase/supabase,agent,substantive,1,1
supabase_supabase__44513,supabase/supabase,agent,substantive,0,0
supabase_supabase__44513,supabase/supabase,agent,substantive,1,1
supabase_supabase__44519,supabase/supabase,agent,substantive,1,2
supabase_supabase__44519,supabase/supabase,agent,substantive,1,2
supabase_supabase__44519,supabase/supabase,agent,substantive,2,2
supabase_supabase__44520,supabase/supabase,agent,substantive,2,1
supabase_supabase__44520,supabase/supabase,agent,substantive,2,0
supabase_supabase__44520,supabase/supabase,agent,substantive,2,0
supabase_supabase__44621,supabase/supabase,agent,substantive,2,0
supabase_supabase__44621,supabase/supabase,agent,substantive,2,2
supabase_supabase__44621,supabase/supabase,agent,substantive,1,2
supabase_supabase__44629,supabase/supabase,agent,substantive,1,1
supabase_supabase__44629,supabase/supabase,agent,substantive,2,2
supabase_supabase__44629,supabase/supabase,agent,substantive,0,0
supabase_supabase__44655,supabase/supabase,agent,substantive,2,1
supabase_supabase__44655,supabase/supabase,agent,substantive,0,2
supabase_supabase__44655,supabase/supabase,agent,substantive,0,1
supabase_supabase__44662,supabase/supabase,human,substantive,1,1
supabase_supabase__44662,supabase/supabase,human,substantive,2,2
supabase_supabase__44662,supabase/supabase,human,substantive,1,2
supabase_supabase__44702,supabase/supabase,agent,substantive,1,1
supabase_supabase__44702,supabase/supabase,agent,substantive,2,1
supabase_supabase__44702,supabase/supabase,agent,substantive,0,0
supabase_supabase__44728,supabase/supabase,agent,substantive,2,2
supabase_supabase__44728,supabase/supabase,agent,substantive,2,2
supabase_supabase__44728,supabase/supabase,agent,substantive,0,2
supabase_supabase__44797,supabase/supabase,agent,substantive,1,2
supabase_supabase__44797,supabase/supabase,agent,substantive,1,2
supabase_supabase__44797,supabase/supabase,agent,substantive,1,2
supabase_supabase__44857,supabase/supabase,agent,substantive,2,1
supabase_supabase__44857,supabase/supabase,agent,substantive,1,1
supabase_supabase__44857,supabase/supabase,agent,substantive,0,0
supabase_supabase__44878,supabase/supabase,agent,substantive,1,0
supabase_supabase__44878,supabase/supabase,agent,substantive,2,1
supabase_supabase__44878,supabase/supabase,agent,substantive,2,1
supabase_supabase__44965,supabase/supabase,agent,substantive,2,1
supabase_supabase__44965,supabase/supabase,agent,substantive,2,1
supabase_supabase__44965,supabase/supabase,agent,substantive,0,1
supabase_supabase__44973,supabase/supabase,human,substantive,0,2
supabase_supabase__44973,supabase/supabase,human,substantive,0,1
supabase_supabase__44973,supabase/supabase,human,substantive,1,2
supabase_supabase__44986,supabase/supabase,agent,substantive,0,0
supabase_supabase__44986,supabase/supabase,agent,substantive,1,1
supabase_supabase__44986,supabase/supabase,agent,substantive,0,0
supabase_supabase__44986,supabase/supabase,agent,substantive,0,0
supabase_supabase__45034,supabase/supabase,human,substantive,2,1
supabase_supabase__45034,supabase/supabase,human,substantive,0,2
supabase_supabase__45034,supabase/supabase,human,substantive,2,1
supabase_supabase__45170,supabase/supabase,agent,substantive,1,0
supabase_supabase__45170,supabase/supabase,agent,substantive,0,0
supabase_supabase__45170,supabase/supabase,agent,substantive,0,0
supabase_supabase__45170,supabase/supabase,agent,substantive,2,1
supabase_supabase__45219,supabase/supabase,agent,substantive,0,1
supabase_supabase__45219,supabase/supabase,agent,substantive,1,2
supabase_supabase__45219,supabase/supabase,agent,substantive,1,1
supabase_supabase__45219,supabase/supabase,agent,substantive,1,1
supabase_supabase__45274,supabase/supabase,agent,substantive,0,2
supabase_supabase__45274,supabase/supabase,agent,substantive,2,1
supabase_supabase__45274,supabase/supabase,agent,substantive,2,1
supabase_supabase__45274,supabase/supabase,agent,substantive,1,1
supabase_supabase__45294,supabase/supabase,agent,substantive,0,0
supabase_supabase__45294,supabase/supabase,agent,substantive,2,1
supabase_supabase__45294,supabase/supabase,agent,substantive,0,1
supabase_supabase__45294,supabase/supabase,agent,substantive,1,2
supabase_supabase__45326,supabase/supabase,agent,substantive,2,2
supabase_supabase__45326,supabase/supabase,agent,substantive,1,2
supabase_supabase__45326,supabase/supabase,agent,substantive,2,2
supabase_supabase__45396,supabase/supabase,agent,substantive,2,0
supabase_supabase__45396,supabase/supabase,agent,substantive,2,0
supabase_supabase__45396,supabase/supabase,agent,substantive,2,1
supabase_supabase__45396,supabase/supabase,agent,substantive,1,2
supabase_supabase__45467,supabase/supabase,human,substantive,1,1
supabase_supabase__45467,supabase/supabase,human,substantive,1,1
supabase_supabase__45467,supabase/supabase,human,substantive,2,2
supabase_supabase__45516,supabase/supabase,agent,substantive,2,1
supabase_supabase__45516,supabase/supabase,agent,substantive,0,0
supabase_supabase__45516,supabase/supabase,agent,substantive,1,2
supabase_supabase__45523,supabase/supabase,agent,substantive,1,1
supabase_supabase__45523,supabase/supabase,agent,substantive,0,1
supabase_supabase__45523,supabase/supabase,agent,substantive,2,2
supabase_supabase__45658,supabase/supabase,human,substantive,0,2
supabase_supabase__45658,supabase/supabase,human,substantive,1,2
supabase_supabase__45658,supabase/supabase,human,substantive,0,2
supabase_supabase__45716,supabase/supabase,agent,substantive,1,1
supabase_supabase__45716,supabase/supabase,agent,substantive,2,2
supabase_supabase__45716,supabase/supabase,agent,substantive,0,0
supabase_supabase__45787,supabase/supabase,agent,substantive,1,2
supabase_supabase__45787,supabase/supabase,agent,substantive,1,2
supabase_supabase__45833,supabase/supabase,agent,substantive,2,2
supabase_supabase__45833,supabase/supabase,agent,substantive,2,2
supabase_supabase__45833,supabase/supabase,agent,substantive,2,0
supabase_supabase__45941,supabase/supabase,human,empty,0,2
supabase_supabase__45941,supabase/supabase,human,empty,0,1
supabase_supabase__45941,supabase/supabase,human,empty,0,1
supabase_supabase__46054,supabase/supabase,agent,substantive,1,1
supabase_supabase__46054,supabase/supabase,agent,substantive,1,2
supabase_supabase__46054,supabase/supabase,agent,substantive,0,0
supabase_supabase__46095,supabase/supabase,agent,substantive,1,1
supabase_supabase__46095,supabase/supabase,agent,substantive,2,1
supabase_supabase__46095,supabase/supabase,agent,substantive,0,2
supabase_supabase__46138,supabase/supabase,human,substantive,1,1
supabase_supabase__46138,supabase/supabase,human,substantive,1,1
supabase_supabase__46138,supabase/supabase,human,substantive,1,2
supabase_supabase__46147,supabase/supabase,agent,substantive,2,2
supabase_supabase__46147,supabase/supabase,agent,substantive,1,1
supabase_supabase__46147,supabase/supabase,agent,substantive,0,0
supabase_supabase__46150,supabase/supabase,agent,substantive,0,2
supabase_supabase__46150,supabase/supabase,agent,substantive,1,2
supabase_supabase__46150,supabase/supabase,agent,substantive,1,1
supabase_supabase__46168,supabase/supabase,human,substantive,1,2
supabase_supabase__46168,supabase/supabase,human,substantive,2,2
supabase_supabase__46168,supabase/supabase,human,substantive,2,2
supabase_supabase__46198,supabase/supabase,agent,substantive,0,0
supabase_supabase__46198,supabase/supabase,agent,substantive,1,1
supabase_supabase__46198,supabase/supabase,agent,substantive,0,1
supabase_supabase__46198,supabase/supabase,agent,substantive,0,0
supabase_supabase__46232,supabase/supabase,agent,substantive,1,2
supabase_supabase__46232,supabase/supabase,agent,substantive,1,0
supabase_supabase__46232,supabase/supabase,agent,substantive,2,0
supabase_supabase__46241,supabase/supabase,agent,substantive,2,1
supabase_supabase__46241,supabase/supabase,agent,substantive,0,1
supabase_supabase__46241,supabase/supabase,agent,substantive,0,0
supabase_supabase__46242,supabase/supabase,agent,substantive,1,2
supabase_supabase__46242,supabase/supabase,agent,substantive,0,0
supabase_supabase__46242,supabase/supabase,agent,substantive,1,2
supabase_supabase__46245,supabase/supabase,agent,substantive,2,1
supabase_supabase__46245,supabase/supabase,agent,substantive,1,2
supabase_supabase__46245,supabase/supabase,agent,substantive,1,1
supabase_supabase__46319,supabase/supabase,agent,substantive,2,2
supabase_supabase__46319,supabase/supabase,agent,substantive,2,2
supabase_supabase__46319,supabase/supabase,agent,substantive,0,2
supabase_supabase__46359,supabase/supabase,agent,substantive,2,1
supabase_supabase__46359,supabase/supabase,agent,substantive,2,1
supabase_supabase__46359,supabase/supabase,agent,substantive,2,1
supabase_supabase__46371,supabase/supabase,agent,substantive,1,2
supabase_supabase__46371,supabase/supabase,agent,substantive,1,2
supabase_supabase__46371,supabase/supabase,agent,substantive,2,2
supabase_supabase__46382,supabase/supabase,agent,substantive,1,2
supabase_supabase__46382,supabase/supabase,agent,substantive,2,2
supabase_supabase__46382,supabase/supabase,agent,substantive,2,1
supabase_supabase__46499,supabase/supabase,agent,substantive,2,2
supabase_supabase__46499,supabase/supabase,agent,substantive,2,2
supabase_supabase__46499,supabase/supabase,agent,substantive,2,1
supabase_supabase__46562,supabase/supabase,human,substantive,0,2
supabase_supabase__46562,supabase/supabase,human,substantive,0,2
supabase_supabase__46562,supabase/supabase,human,substantive,0,2
supabase_supabase__46614,supabase/supabase,agent,substantive,2,0
supabase_supabase__46614,supabase/supabase,agent,substantive,1,0
supabase_supabase__46614,supabase/supabase,agent,substantive,2,2
supabase_supabase__46673,supabase/supabase,agent,substantive,2,2
supabase_supabase__46673,supabase/supabase,agent,substantive,1,1
supabase_supabase__46673,supabase/supabase,agent,substantive,2,2
supabase_supabase__46720,supabase/supabase,agent,substantive,1,1
supabase_supabase__46720,supabase/supabase,agent,substantive,1,0
supabase_supabase__46720,supabase/supabase,agent,substantive,2,1
supabase_supabase__46720,supabase/supabase,agent,substantive,1,2
supabase_supabase__46729,supabase/supabase,agent,substantive,2,2
supabase_supabase__46729,supabase/supabase,agent,substantive,1,1
supabase_supabase__46729,supabase/supabase,agent,substantive,2,2
supabase_supabase__46771,supabase/supabase,agent,substantive,2,1
supabase_supabase__46771,supabase/supabase,agent,substantive,2,1
supabase_supabase__46771,supabase/supabase,agent,substantive,2,1
supabase_supabase__46803,supabase/supabase,agent,substantive,1,2
supabase_supabase__46803,supabase/supabase,agent,substantive,1,1
supabase_supabase__46803,supabase/supabase,agent,substantive,1,0
supabase_supabase__46830,supabase/supabase,agent,substantive,2,2
supabase_supabase__46830,supabase/supabase,agent,substantive,1,2
supabase_supabase__46830,supabase/supabase,agent,substantive,2,2
supabase_supabase__46928,supabase/supabase,agent,substantive,2,2
supabase_supabase__46928,supabase/supabase,agent,substantive,1,2
supabase_supabase__46928,supabase/supabase,agent,substantive,2,2
supabase_supabase__46953,supabase/supabase,agent,substantive,2,2
supabase_supabase__46953,supabase/supabase,agent,substantive,2,2
supabase_supabase__46960,supabase/supabase,agent,substantive,2,2
supabase_supabase__46960,supabase/supabase,agent,substantive,2,1
supabase_supabase__46960,supabase/supabase,agent,substantive,2,2
supabase_supabase__46967,supabase/supabase,agent,substantive,1,2
supabase_supabase__46967,supabase/supabase,agent,substantive,1,1
supabase_supabase__46967,supabase/supabase,agent,substantive,0,1
supabase_supabase__46977,supabase/supabase,human,substantive,1,2
supabase_supabase__46977,supabase/supabase,human,substantive,1,2
supabase_supabase__46977,supabase/supabase,human,substantive,1,2
supabase_supabase__46977,supabase/supabase,human,substantive,2,1
supabase_supabase__47002,supabase/supabase,human,substantive,2,2
supabase_supabase__47002,supabase/supabase,human,substantive,2,2
supabase_supabase__47002,supabase/supabase,human,substantive,1,2
supabase_supabase__47007,supabase/supabase,agent,substantive,1,2
supabase_supabase__47007,supabase/supabase,agent,substantive,0,2
supabase_supabase__47007,supabase/supabase,agent,substantive,0,1
supabase_supabase__47024,supabase/supabase,agent,substantive,2,1
supabase_supabase__47024,supabase/supabase,agent,substantive,2,2
supabase_supabase__47024,supabase/supabase,agent,substantive,0,1
supabase_supabase__47028,supabase/supabase,agent,substantive,1,2
supabase_supabase__47028,supabase/supabase,agent,substantive,0,0
supabase_supabase__47028,supabase/supabase,agent,substantive,1,1
supabase_supabase__47088,supabase/supabase,agent,substantive,2,1
supabase_supabase__47088,supabase/supabase,agent,substantive,1,2
supabase_supabase__47088,supabase/supabase,agent,substantive,0,2
supabase_supabase__47104,supabase/supabase,human,substantive,2,1
supabase_supabase__47104,supabase/supabase,human,substantive,2,1
supabase_supabase__47104,supabase/supabase,human,substantive,2,1
supabase_supabase__47264,supabase/supabase,agent,substantive,2,1
supabase_supabase__47264,supabase/supabase,agent,substantive,1,2
supabase_supabase__47264,supabase/supabase,agent,substantive,0,0
supabase_supabase__47264,supabase/supabase,agent,substantive,2,2
supabase_supabase__47353,supabase/supabase,agent,substantive,1,2
supabase_supabase__47353,supabase/supabase,agent,substantive,1,2
supabase_supabase__47353,supabase/supabase,agent,substantive,1,2
supabase_supabase__47363,supabase/supabase,human,substantive,0,2
supabase_supabase__47363,supabase/supabase,human,substantive,0,2
supabase_supabase__47363,supabase/supabase,human,substantive,1,1
supabase_supabase__47363,supabase/supabase,human,substantive,2,2
supabase_supabase__47406,supabase/supabase,human,substantive,0,1
supabase_supabase__47406,supabase/supabase,human,substantive,0,0
supabase_supabase__47406,supabase/supabase,human,substantive,0,0
supabase_supabase__47406,supabase/supabase,human,substantive,2,0
supabase_supabase__47415,supabase/supabase,agent,substantive,0,0
supabase_supabase__47415,supabase/supabase,agent,substantive,1,1
supabase_supabase__47415,supabase/supabase,agent,substantive,0,0
supabase_supabase__47419,supabase/supabase,agent,substantive,0,0
supabase_supabase__47419,supabase/supabase,agent,substantive,0,1
supabase_supabase__47419,supabase/supabase,agent,substantive,1,1
supabase_supabase__47421,supabase/supabase,human,substantive,2,2
supabase_supabase__47421,supabase/supabase,human,substantive,0,0
supabase_supabase__47421,supabase/supabase,human,substantive,1,1
supabase_supabase__47421,supabase/supabase,human,substantive,2,0
supabase_supabase__47434,supabase/supabase,agent,substantive,2,2
supabase_supabase__47434,supabase/supabase,agent,substantive,2,2
supabase_supabase__47434,supabase/supabase,agent,substantive,2,1
supabase_supabase__47436,supabase/supabase,agent,substantive,2,2
supabase_supabase__47436,supabase/supabase,agent,substantive,2,2
supabase_supabase__47436,supabase/supabase,agent,substantive,1,2
supabase_supabase__47489,supabase/supabase,agent,substantive,0,2
supabase_supabase__47489,supabase/supabase,agent,substantive,0,1
supabase_supabase__47489,supabase/supabase,agent,substantive,0,2
supabase_supabase__47489,supabase/supabase,agent,substantive,2,2
supabase_supabase__47494,supabase/supabase,agent,substantive,1,2
supabase_supabase__47494,supabase/supabase,agent,substantive,2,2
supabase_supabase__47494,supabase/supabase,agent,substantive,2,2
supabase_supabase__47502,supabase/supabase,agent,substantive,1,2
supabase_supabase__47502,supabase/supabase,agent,substantive,0,2
supabase_supabase__47502,supabase/supabase,agent,substantive,2,2
supabase_supabase__47502,supabase/supabase,agent,substantive,2,2
supabase_supabase__47532,supabase/supabase,human,empty,0,2
supabase_supabase__47532,supabase/supabase,human,empty,0,1
supabase_supabase__47532,supabase/supabase,human,empty,0,2
supabase_supabase__47560,supabase/supabase,agent,substantive,2,1
supabase_supabase__47560,supabase/supabase,agent,substantive,1,2
supabase_supabase__47560,supabase/supabase,agent,substantive,0,2
supabase_supabase__47583,supabase/supabase,agent,substantive,2,2
supabase_supabase__47583,supabase/supabase,agent,substantive,0,0
supabase_supabase__47583,supabase/supabase,agent,substantive,0,0
supabase_supabase__47631,supabase/supabase,agent,substantive,1,2
supabase_supabase__47631,supabase/supabase,agent,substantive,1,2
supabase_supabase__47631,supabase/supabase,agent,substantive,2,2
supabase_supabase__47631,supabase/supabase,agent,substantive,1,2
supabase_supabase__47724,supabase/supabase,human,substantive,0,2
supabase_supabase__47724,supabase/supabase,human,substantive,2,1
supabase_supabase__47724,supabase/supabase,human,substantive,1,2
supabase_supabase__47864,supabase/supabase,human,substantive,1,1
supabase_supabase__47864,supabase/supabase,human,substantive,2,0
supabase_supabase__47864,supabase/supabase,human,substantive,0,1
supabase_supabase__47880,supabase/supabase,human,substantive,1,1
supabase_supabase__47880,supabase/supabase,human,substantive,0,1
supabase_supabase__47880,supabase/supabase,human,substantive,1,1
supabase_supabase__47880,supabase/supabase,human,substantive,0,0
supabase_supabase__48008,supabase/supabase,human,substantive,2,2
supabase_supabase__48008,supabase/supabase,human,substantive,1,2
supabase_supabase__48008,supabase/supabase,human,substantive,2,2
supabase_supabase__48037,supabase/supabase,agent,substantive,2,2
supabase_supabase__48037,supabase/supabase,agent,substantive,1,1
supabase_supabase__48037,supabase/supabase,agent,substantive,2,1
supabase_supabase__48099,supabase/supabase,agent,substantive,1,2
supabase_supabase__48099,supabase/supabase,agent,substantive,1,2
supabase_supabase__48099,supabase/supabase,agent,substantive,1,2
supabase_supabase__48099,supabase/supabase,agent,substantive,1,1
supabase_supabase__48140,supabase/supabase,human,substantive,1,2
supabase_supabase__48140,supabase/supabase,human,substantive,0,2
supabase_supabase__48140,supabase/supabase,human,substantive,2,1
supabase_supabase__48141,supabase/supabase,human,substantive,1,2
supabase_supabase__48141,supabase/supabase,human,substantive,1,2
supabase_supabase__48141,supabase/supabase,human,substantive,1,2
supabase_supabase__48142,supabase/supabase,agent,substantive,1,1
supabase_supabase__48142,supabase/supabase,agent,substantive,2,0
supabase_supabase__48142,supabase/supabase,agent,substantive,2,0
supabase_supabase__48148,supabase/supabase,agent,substantive,2,1
supabase_supabase__48148,supabase/supabase,agent,substantive,2,1
supabase_supabase__48148,supabase/supabase,agent,substantive,2,1
supabase_supabase__48148,supabase/supabase,agent,substantive,2,1
supabase_supabase__48170,supabase/supabase,human,substantive,0,1
supabase_supabase__48170,supabase/supabase,human,substantive,0,0
supabase_supabase__48170,supabase/supabase,human,substantive,1,1
supabase_supabase__48226,supabase/supabase,agent,substantive,2,2
supabase_supabase__48226,supabase/supabase,agent,substantive,0,0
supabase_supabase__48226,supabase/supabase,agent,substantive,2,1
supabase_supabase__48249,supabase/supabase,agent,substantive,2,2
supabase_supabase__48249,supabase/supabase,agent,substantive,0,2
supabase_supabase__48249,supabase/supabase,agent,substantive,1,2
supabase_supabase__48249,supabase/supabase,agent,substantive,1,2
supabase_supabase__48269,supabase/supabase,agent,substantive,2,2
supabase_supabase__48269,supabase/supabase,agent,substantive,1,1
supabase_supabase__48269,supabase/supabase,agent,substantive,1,1
supabase_supabase__48290,supabase/supabase,human,substantive,2,1
supabase_supabase__48290,supabase/supabase,human,substantive,0,1
supabase_supabase__48290,supabase/supabase,human,substantive,2,2
supabase_supabase__48320,supabase/supabase,agent,substantive,2,1
supabase_supabase__48320,supabase/supabase,agent,substantive,2,1
supabase_supabase__48320,supabase/supabase,agent,substantive,2,1
